

============================================================
  NEW RUN  2026-07-04T12:27:01.792276
============================================================
2026-07-04 12:27:01,792 - INFO - ðŸš€ Starting automation run
2026-07-04 12:27:01,792 - INFO - ðŸ“š Found 0 previously posted threads.
2026-07-04 12:27:01,792 - INFO - ðŸ“ Will send 0 recent threads to Groq for avoidance.
2026-07-04 12:27:01,792 - INFO - ðŸ”„ Attempt 1/10 to generate a unique thread.
2026-07-04 12:27:06,603 - INFO - Groq raw response:
[
  "I stumbled upon a hidden pattern.\nIn the world of AI influencers.\nWhere success seems random.",
  "But what if it's not?\nWhat if there's a secret sauce?\nThat separates the stars from the rest?",
  "I spent months researching.\nAnd found a surprising truth.\nAbout the power of authenticity.",
  "It's not just about the tech.\nBut about the human touch.\nThat makes AI influencers relatable.",
  "I'll probably expand on this later.\nBut for now, let's just say.\nThe future of AI is more human than you think."
]
2026-07-04 12:27:06,605 - INFO - âœ… Unique thread found (hash: dbb85949...)
2026-07-04 12:27:06,605 - INFO - ðŸ“ Generated 5 posts:
2026-07-04 12:27:06,605 - INFO - --- Post 1 ---
I stumbled upon a hidden pattern.
In the world of AI influencers.
Where success seems random.
2026-07-04 12:27:06,605 - INFO - --- Post 2 ---
But what if it's not?
What if there's a secret sauce?
That separates the stars from the rest?
2026-07-04 12:27:06,605 - INFO - --- Post 3 ---
I spent months researching.
And found a surprising truth.
About the power of authenticity.
2026-07-04 12:27:06,605 - INFO - --- Post 4 ---
It's not just about the tech.
But about the human touch.
That makes AI influencers relatable.
2026-07-04 12:27:06,605 - INFO - --- Post 5 ---
I'll probably expand on this later.
But for now, let's just say.
The future of AI is more human than you think.
2026-07-04 12:27:08,405 - INFO - ðŸŽ¨ Cover image prompt: In a futuristic cityscape, a neon-lit billboard towers above the streets, displaying a quote in bold, cursive font: "The future of AI is more human than you think." The sign glows with a soft, ethereal blue light, casting an otherworldly glow on the dark, rain-kissed pavement below. In the foreground, a young researcher stands in front of a massive, floor-to-ceiling chalkboard, filled with intricate patterns and equations in vibrant, colorful chalk. The chalkboard is divided into sections, with headings like "Authenticity" and "Human Touch" written in bold, red letters. The researcher, dressed in a sleek black jacket and glasses, looks up at the chalkboard with a look of wonder, as if uncovering a hidden truth. To the side, a massive screen displays a mosaic of AI influencer profiles, each with a unique, futuristic aesthetic, but with a subtle, humanizing glow effect overlaid on top. The atmosphere is one of quiet contemplation, with the soft hum of technology and the distant sound of raindrops creating a soothing background melody. In the background, a cityscape stretches out, with towering skyscrapers and neon-lit advertisements, but the focus is on the researcher and the chalkboard, where a small, handwritten note reads: "The secret sauce is authenticity." The color palette is a mix of deep blues and purples, with accents of bright, poppy colors, evoking a sense of innovation and discovery. As the eye moves through the scene, it's drawn to the various visual elements, from the glowing billboard to the chalkboard equations, and finally, to the researcher's look of wonder, creating a sense of curiosity and intrigue. The overall mood is one of hopeful anticipation, as if the future of AI is bright, and it's more human than we ever thought possible. The scene is composed to guide the viewer's eye through the various elements, creating a sense of flow and continuity, from the billboard to the chalkboard, and finally, to the researcher, who stands at the center of the scene, poised on the threshold of a new discovery.
2026-07-04 12:27:10,122 - INFO - ðŸ–¼ï¸  Saved cover image to images/4b531214cf75bd22.jpg
2026-07-04 12:27:11,117 - INFO - ðŸ“¤ Pushed images/4b531214cf75bd22.jpg to GitHub.
2026-07-04 12:27:11,240 - INFO - ðŸŒ Public image URL: https://raw.githubusercontent.com/creatoracademyar-code/threads-bot/main/images/4b531214cf75bd22.jpg
2026-07-04 12:27:11,243 - INFO - Scheduling for: 2026-07-04T17:44:11.243447Z UTC
2026-07-04 12:27:12,046 - INFO - âœ… Thread scheduled successfully! Buffer Post ID: 6a48fc1f6917141d453d0abb
2026-07-04 12:27:12,046 - INFO - ðŸ’¾ Updated posted_threads.json
2026-07-04 12:27:12,046 - INFO - âœ… Run completed.


============================================================
  NEW RUN  2026-07-04T12:36:54.106414
============================================================
2026-07-04 12:36:54,106 - INFO - ðŸš€ Starting automation run
2026-07-04 12:36:54,106 - INFO - ðŸ“š Found 1 previously posted threads.
2026-07-04 12:36:54,106 - INFO - ðŸ“ Will send 1 recent threads to Groq for avoidance.
2026-07-04 12:36:54,106 - INFO - ðŸ”„ Attempt 1/10 to generate a unique thread.
2026-07-04 12:36:55,089 - INFO - Groq raw response:
[
  "I've been studying AI influencers for months.\nOne thing keeps me up at night.\nTheir ability to create content out of thin air.",
  "Is it magic?\nOr is there a method to their madness?\nI dug deeper to find the truth.",
  "What I found surprised me.\nIt's not about the tech itself.\nBut how they use it to unlock their creativity.",
  "Now I'm obsessed with understanding.\nHow they turn ideas into engaging content.\nAnd what we can learn from their process."
]
2026-07-04 12:36:55,090 - INFO - âœ… Unique thread found (hash: b51f400f...)
2026-07-04 12:36:55,090 - INFO - ðŸ“ Generated 4 posts:
2026-07-04 12:36:55,090 - INFO - --- Post 1 ---
I've been studying AI influencers for months.
One thing keeps me up at night.
Their ability to create content out of thin air.
2026-07-04 12:36:55,090 - INFO - --- Post 2 ---
Is it magic?
Or is there a method to their madness?
I dug deeper to find the truth.
2026-07-04 12:36:55,090 - INFO - --- Post 3 ---
What I found surprised me.
It's not about the tech itself.
But how they use it to unlock their creativity.
2026-07-04 12:36:55,090 - INFO - --- Post 4 ---
Now I'm obsessed with understanding.
How they turn ideas into engaging content.
And what we can learn from their process.
2026-07-04 12:36:56,620 - INFO - ðŸŽ¨ Cover image prompt: A lone figure sits in a dimly lit, futuristic laboratory, surrounded by sleek, silver workstations and towering servers that hum with a soft, blue glow. The main subject, a young woman with a look of intense curiosity, gazes up at a massive, circular window that dominates the far wall, where a cityscape twinkles like a canvas of diamonds against the dark, velvety night sky. The colour palette is a mix of cool, muted tones - blues, greys, and purples - punctuated by the warm, golden light of the setting sun, which casts a sense of wonder and discovery across the scene. The lighting is dramatic, with deep shadows accentuating the contours of the woman's face and the rugged, industrial texture of the laboratory's concrete walls. The camera angle is low, looking up at the woman from a slight incline, which imbues the scene with a sense of awe and curiosity. The atmosphere is one of tense, focused concentration, as if the woman is on the cusp of uncovering a profound secret. The air is thick with the scent of freshly brewed coffee and the faint tang of ozone, and the sound of soft, electronic whispers seems to emanate from the servers, adding to the sense of anticipation. The style hint is cinematic, with a slight nod to sci-fi and futurism, evoking the sense of a thought-provoking, psychological thriller. The woman's hair is mussed, and her eyes are red from lack of sleep, but her gaze is unwavering, fixed intently on the cityscape outside, as if the answer to her questions lies just beyond the glass.
2026-07-04 12:36:58,522 - INFO - ðŸ–¼ï¸  Saved cover image to images/ebcce7a1229a0138.jpg
2026-07-04 12:36:59,693 - INFO - ðŸ“¤ Pushed images/ebcce7a1229a0138.jpg to GitHub.
2026-07-04 12:37:00,004 - INFO - ðŸŒ Public image URL: https://raw.githubusercontent.com/creatoracademyar-code/threads-bot/main/images/ebcce7a1229a0138.jpg
2026-07-04 12:37:00,006 - INFO - Scheduling for: 2026-07-04T17:54:00.006498Z UTC
2026-07-04 12:37:00,887 - INFO - âœ… Thread scheduled successfully! Buffer Post ID: 6a48fe6cdd9abec2b4fffbaf
2026-07-04 12:37:00,888 - INFO - ðŸ’¾ Updated posted_threads.json
2026-07-04 12:37:00,888 - INFO - âœ… Run completed.


============================================================
  NEW RUN  2026-07-04T13:24:13.845600
============================================================
2026-07-04 13:24:13,845 - INFO - ðŸš€ Starting automation run
2026-07-04 13:24:13,845 - INFO - ðŸ“š Found 2 previously posted threads.
2026-07-04 13:24:13,846 - INFO - ðŸ“ Will send 2 recent threads to Groq for avoidance.
2026-07-04 13:24:13,846 - INFO - ðŸ”„ Attempt 1/10 to generate a unique thread.
2026-07-04 13:24:14,998 - INFO - Groq raw response:
[
  "I've been noticing a strange trend.\nAI influencers with huge followings.\nAre struggling to make a living.",
  "They have millions of followers.\nBut their bank accounts are empty.\nWhat's going on?",
  "I think I've found the reason.\nIt's not about the number of followers.\nBut about the type of followers.",
  "The ones who engage, who buy, who support.\nAre not the same as the ones who just scroll.\nThere's a big difference.",
  "I'm still trying to understand this.\nAnd how to apply it to my own work.\nBut one thing is clear: \nIt's time to rethink our strategy."
]
2026-07-04 13:24:14,999 - INFO - âœ… Unique thread found (hash: 8580fc04...)
2026-07-04 13:24:14,999 - INFO - ðŸ“ Generated 5 posts:
2026-07-04 13:24:14,999 - INFO - --- Post 1 ---
I've been noticing a strange trend.
AI influencers with huge followings.
Are struggling to make a living.
2026-07-04 13:24:14,999 - INFO - --- Post 2 ---
They have millions of followers.
But their bank accounts are empty.
What's going on?
2026-07-04 13:24:14,999 - INFO - --- Post 3 ---
I think I've found the reason.
It's not about the number of followers.
But about the type of followers.
2026-07-04 13:24:14,999 - INFO - --- Post 4 ---
The ones who engage, who buy, who support.
Are not the same as the ones who just scroll.
There's a big difference.
2026-07-04 13:24:14,999 - INFO - --- Post 5 ---
I'm still trying to understand this.
And how to apply it to my own work.
But one thing is clear: 
It's time to rethink our strategy.
2026-07-04 13:24:16,183 - INFO - ðŸŽ¨ Cover image prompt: A lone figure sits in a dimly lit, minimalist room with concrete walls and a polished metal desk, surrounded by empty coffee cups and scattered papers. The colour palette is a muted blend of greys and blues, evoking a sense of melancholy and introspection. Soft, diffused light pours in through a small window, casting a gentle glow on the figure's face, which is etched with concern and curiosity. The camera angle is a low-angle close-up, looking up at the figure with a sense of empathy and understanding. The atmosphere is contemplative and thoughtful, with a hint of frustration and disillusionment. The figure's hands are clasped together, with a few scattered social media metrics papers on the desk, featuring rough, handwritten notes and crumpled drafts. In the background, a large, dark glass window reflects the faint glow of city lights, symbolizing the vast, unpredictable world of social media. The style hint is a cinematic, film noir-inspired aesthetic, with deep shadows and subtle texture, inviting the viewer to step into the figure's introspective world. The overall mood is one of quiet reflection, as the figure struggles to make sense of the disconnect between online influence and real-world impact.
2026-07-04 13:24:17,599 - INFO - ðŸ–¼ï¸  Saved cover image to images/71049a062e5b3e18.jpg
2026-07-04 13:24:19,450 - INFO - ðŸ“¤ Pushed images/71049a062e5b3e18.jpg to GitHub.
2026-07-04 13:24:19,670 - INFO - ðŸŒ Public image URL: https://raw.githubusercontent.com/creatoracademyar-code/threads-bot/main/images/71049a062e5b3e18.jpg
2026-07-04 13:24:19,672 - INFO - Scheduling for: 2026-07-04T18:41:19.672134Z UTC
2026-07-04 13:24:20,863 - INFO - âœ… Thread scheduled successfully! Buffer Post ID: 6a4909849dd66bf2fd4e487d
2026-07-04 13:24:20,864 - INFO - ðŸ’¾ Updated posted_threads.json
2026-07-04 13:24:20,864 - INFO - âœ… Run completed.


============================================================
  NEW RUN  2026-07-04T13:25:12.471112
============================================================
2026-07-04 13:25:12,471 - INFO - ðŸš€ Starting automation run
2026-07-04 13:25:12,471 - INFO - ðŸ“š Found 3 previously posted threads.
2026-07-04 13:25:12,471 - INFO - ðŸ“ Will send 3 recent threads to Groq for avoidance.
2026-07-04 13:25:12,471 - INFO - ðŸ”„ Attempt 1/10 to generate a unique thread.
2026-07-04 13:25:13,153 - INFO - Groq raw response:
[
  "I've been digging into AI creator economy.",
  "What I found is shocking.",
  "Most AI influencers are not making money.",
  "But some are thriving. What's their secret?"
]
2026-07-04 13:25:13,154 - INFO - âœ… Unique thread found (hash: f59a688b...)
2026-07-04 13:25:13,155 - INFO - ðŸ“ Generated 4 posts:
2026-07-04 13:25:13,155 - INFO - --- Post 1 ---
I've been digging into AI creator economy.
2026-07-04 13:25:13,155 - INFO - --- Post 2 ---
What I found is shocking.
2026-07-04 13:25:13,155 - INFO - --- Post 3 ---
Most AI influencers are not making money.
2026-07-04 13:25:13,155 - INFO - --- Post 4 ---
But some are thriving. What's their secret?
2026-07-04 13:25:14,615 - INFO - ðŸŽ¨ Cover image prompt: In a dimly lit, futuristic laboratory, a lone figure sits at a sleek, metallic desk, surrounded by rows of humming servers and wires. The main subject, a young woman with a look of intense curiosity, gazes at a massive, transparent screen displaying a complex network of nodes and connections, symbolizing the AI creator economy. The setting is a blend of urban and technological, with concrete walls and polished metal accents. The colour palette is predominantly cool and muted, with shades of blue and purple, punctuated by flashes of bright, electric blue from the screens and neon lights. Soft, diffused light emanates from the screens, casting a gentle glow on the woman's face, while dramatic shadows dance across the walls, hinting at the secrets and surprises lurking in the data. The camera angle is a low, Dutch angle, looking up at the woman, emphasizing her determination and fascination. The atmosphere is tense and inquisitive, with a sense of anticipation and hope. The texture of the metal desk and the roughness of the concrete walls add a sense of grit and realism to the scene. The style hint is cinematic, with a touch of sci-fi, reminiscent of a futuristic thriller. The woman's fingers are poised over a keyboard, as if ready to uncover the next revelation, while the screens behind her seem to pulse with an otherworldly energy, inviting the viewer to step into the mysterious world of AI creators.
2026-07-04 13:25:16,254 - INFO - ðŸ–¼ï¸  Saved cover image to images/5df528111e8a4762.jpg
2026-07-04 13:25:17,254 - INFO - ðŸ“¤ Pushed images/5df528111e8a4762.jpg to GitHub.
2026-07-04 13:25:17,366 - INFO - ðŸŒ Public image URL: https://raw.githubusercontent.com/creatoracademyar-code/threads-bot/main/images/5df528111e8a4762.jpg
2026-07-04 13:25:17,368 - INFO - Scheduling for: 2026-07-04T18:42:17.368544Z UTC
2026-07-04 13:25:17,981 - INFO - âœ… Thread scheduled successfully! Buffer Post ID: 6a4909bd7e9abd13f0cd2fdb
2026-07-04 13:25:17,981 - INFO - ðŸ’¾ Updated posted_threads.json
2026-07-04 13:25:17,981 - INFO - âœ… Run completed.


============================================================
  NEW RUN  2026-07-04T18:30:39.693251
============================================================
2026-07-04 18:30:39,693 - INFO - ðŸš€ Starting automation run
2026-07-04 18:30:39,693 - INFO - ðŸ“š Found 4 previously posted threads.
2026-07-04 18:30:39,693 - INFO - ðŸ“ Will send 4 recent threads to Groq for avoidance.
2026-07-04 18:30:39,693 - INFO - ðŸ”„ Attempt 1/10 to generate a unique thread.
2026-07-04 18:30:40,784 - INFO - Groq raw response:
[
  "I've been fascinated by AI myths.\nWhat if everything we thought\nwas wrong?",
  "I started digging into the truth.\nAbout AI content creation.\nAnd what I found surprised me.",
  "It's not about the tech itself.\nBut about the psychology behind.\nWhy people engage with AI content.",
  "I discovered a hidden pattern.\nThat separates successful AI creators.\nFrom those who struggle to grow.",
  "I'll probably write more about this later.\nBut for now, let's just say:\nThe truth about AI is shocking."
]
2026-07-04 18:30:40,785 - INFO - âœ… Unique thread found (hash: 4b2e5f79...)
2026-07-04 18:30:40,785 - INFO - ðŸ“ Generated 5 posts:
2026-07-04 18:30:40,785 - INFO - --- Post 1 ---
I've been fascinated by AI myths.
What if everything we thought
was wrong?
2026-07-04 18:30:40,785 - INFO - --- Post 2 ---
I started digging into the truth.
About AI content creation.
And what I found surprised me.
2026-07-04 18:30:40,785 - INFO - --- Post 3 ---
It's not about the tech itself.
But about the psychology behind.
Why people engage with AI content.
2026-07-04 18:30:40,785 - INFO - --- Post 4 ---
I discovered a hidden pattern.
That separates successful AI creators.
From those who struggle to grow.
2026-07-04 18:30:40,785 - INFO - --- Post 5 ---
I'll probably write more about this later.
But for now, let's just say:
The truth about AI is shocking.
2026-07-04 18:30:42,293 - INFO - ðŸŽ¨ Cover image prompt: In a dimly lit, futuristic laboratory, a lone figure stands at the edge of a massive, circular window, gazing out into the cityscape at dusk, with the warm, golden light of sunset casting a sense of curiosity and inquiry. The main subject, a young woman with an inquisitive expression, is silhouetted against the vibrant, cool blues and purples of the urban sky, her features softly illuminated by the glow of holographic screens and neon lights reflecting off the polished, metallic surfaces of the lab equipment. The colour palette is a blend of deep, rich blues and purples, with accents of bright, electric blue, evoking a sense of innovation and discovery. The lighting is a mix of soft, diffused glow from the lab equipment and the harsh, dramatic shadows cast by the city's skyscrapers, creating a sense of depth and intrigue. The composition is a wide shot, with the woman at the centre, surrounded by the sleek, modern lines of the laboratory, and the camera angle is slightly low, looking up at the woman, conveying a sense of awe and wonder. The atmosphere is one of quiet contemplation and curiosity, with a sense of hope and discovery, as if the woman is on the verge of uncovering a hidden truth. The texture of the scene is a mix of smooth, polished metal and glass, with the rough, concrete edges of the cityscape in the background, adding a sense of grit and realism. The style hint is cinematic, with a slight futuristic, sci-fi twist, reminiscent of a thought-provoking, psychological thriller, with bold, vibrant colours and sharp, defined lines.
2026-07-04 18:30:43,902 - INFO - ðŸ–¼ï¸  Saved cover image to images/3b96d358441a8dbf.jpg
2026-07-04 18:30:45,035 - INFO - ðŸ“¤ Pushed images/3b96d358441a8dbf.jpg to GitHub.
2026-07-04 18:30:45,331 - INFO - ðŸŒ Public image URL: https://raw.githubusercontent.com/creatoracademyar-code/threads-bot/main/images/3b96d358441a8dbf.jpg
2026-07-04 18:30:45,333 - INFO - Scheduling for: 2026-07-04T23:47:45.333080Z UTC
2026-07-04 18:30:46,269 - INFO - âœ… Thread scheduled successfully! Buffer Post ID: 6a495156c109183ee850e0c8
2026-07-04 18:30:46,269 - INFO - ðŸ’¾ Updated posted_threads.json
2026-07-04 18:30:46,269 - INFO - âœ… Run completed.


============================================================
  NEW RUN  2026-07-05T00:30:35.635930
============================================================
2026-07-05 00:30:35,635 - INFO - ðŸš€ Starting automation run
2026-07-05 00:30:35,636 - INFO - ðŸ“š Found 5 previously posted threads.
2026-07-05 00:30:35,636 - INFO - ðŸ“ Will send 5 recent threads to Groq for avoidance.
2026-07-05 00:30:35,636 - INFO - ðŸ”„ Attempt 1/10 to generate a unique thread.
2026-07-05 00:30:36,808 - INFO - Groq raw response:
[
  "I've been observing a peculiar phenomenon.\nAI creators who focus on quality.\nOften struggle to grow their audience.",
  "While those who prioritize quantity.\nSeem to attract followers effortlessly.\nWhat's behind this paradox?",
  "I dug deeper and found a surprising insight.\nIt's not about the content itself.\nBut about the emotional connection it creates.",
  "The most successful AI creators.\nAre not just creating content.\nBut crafting experiences that resonate.",
  "I'm still unraveling the threads of this discovery.\nBut one thing is clear:\nThe future of AI content is emotional."
]
2026-07-05 00:30:36,809 - INFO - âœ… Unique thread found (hash: 3170d024...)
2026-07-05 00:30:36,810 - INFO - ðŸ“ Generated 5 posts:
2026-07-05 00:30:36,810 - INFO - --- Post 1 ---
I've been observing a peculiar phenomenon.
AI creators who focus on quality.
Often struggle to grow their audience.
2026-07-05 00:30:36,810 - INFO - --- Post 2 ---
While those who prioritize quantity.
Seem to attract followers effortlessly.
What's behind this paradox?
2026-07-05 00:30:36,810 - INFO - --- Post 3 ---
I dug deeper and found a surprising insight.
It's not about the content itself.
But about the emotional connection it creates.
2026-07-05 00:30:36,810 - INFO - --- Post 4 ---
The most successful AI creators.
Are not just creating content.
But crafting experiences that resonate.
2026-07-05 00:30:36,810 - INFO - --- Post 5 ---
I'm still unraveling the threads of this discovery.
But one thing is clear:
The future of AI content is emotional.
2026-07-05 00:30:38,133 - INFO - ðŸŽ¨ Cover image prompt: In a dimly lit, futuristic laboratory, a lone figure sits amidst a maze of wires, screens, and machinery, surrounded by a warm, golden glow that emanates from the soft, diffused light of numerous computer monitors. The main subject, a young AI creator with a look of intense focus, is positioned in the centre of the room, with a subtle, ethereal glow surrounding their face, symbolizing the emotional connection they strive to create. The setting is a blend of rustic, industrial elements, such as exposed brick and metal beams, juxtaposed with sleek, modern technology, reflecting the paradox of quality versus quantity. The colour palette is predominantly monochromatic, with accents of cool, calming blues and purples, evoking a sense of serenity and contemplation. The lighting is moody, with deep shadows cast across the room, emphasizing the creator's intense concentration, while the soft glow of the monitors casts a warm, hopeful ambiance. The composition is a close-up, low-angle shot, looking up at the creator, conveying a sense of awe and admiration for their work. The atmosphere is tense, yet hopeful, as if the creator is on the cusp of a groundbreaking discovery. The texture of the rough, industrial surroundings is juxtaposed with the smooth, polished surfaces of the technology, highlighting the contrast between the old and the new. The style hint is cinematic, with a slight oil painting quality to the lighting and colours, adding a sense of depth and nuance to the scene.
2026-07-05 00:30:41,734 - INFO - ðŸ–¼ï¸  Saved cover image to images/b17b6569c141f024.jpg
2026-07-05 00:30:43,064 - INFO - ðŸ“¤ Pushed images/b17b6569c141f024.jpg to GitHub.
2026-07-05 00:30:43,340 - INFO - ðŸŒ Public image URL: https://raw.githubusercontent.com/creatoracademyar-code/threads-bot/main/images/b17b6569c141f024.jpg
2026-07-05 00:30:43,343 - INFO - Scheduling for: 2026-07-05T05:47:43.343477Z UTC
2026-07-05 00:30:44,325 - INFO - âœ… Thread scheduled successfully! Buffer Post ID: 6a49a5b47e52c06f81b58d82
2026-07-05 00:30:44,326 - INFO - ðŸ’¾ Updated posted_threads.json
2026-07-05 00:30:44,326 - INFO - âœ… Run completed.


============================================================
  NEW RUN  2026-07-05T06:30:38.021755
============================================================
2026-07-05 06:30:38,021 - INFO - ðŸš€ Starting automation run
2026-07-05 06:30:38,021 - INFO - ðŸ“š Found 6 previously posted threads.
2026-07-05 06:30:38,022 - INFO - ðŸ“ Will send 6 recent threads to Groq for avoidance.
2026-07-05 06:30:38,022 - INFO - ðŸ”„ Attempt 1/10 to generate a unique thread.
2026-07-05 06:30:39,348 - INFO - Groq raw response:
[
  "I've been tracking a fascinating case study.",
  "An AI influencer with zero followers.",
  "Who built a massive audience in weeks.",
  "But here's the surprising part:"
],
[
  "They didn't use any fancy AI tools.",
  "No secret algorithms or hacks.",
  "Just a deep understanding of human psychology.",
  "And a willingness to take risks."
],
[
  "I'm still trying to reverse-engineer their strategy.",
  "But one thing is clear:",
  "They tapped into a fundamental human desire.",
  "That most AI creators ignore."
],
[
  "I'll probably share more about this later.",
  "But for now, let's just say:",
  "The key to success lies not in the tech.",
  "But in understanding what drives us."
],
[
  "And if you're curious about the basics.",
  "Of building an AI influencer presence.",
  "You can find some helpful resources in my bio."
]
2026-07-05 06:30:39,348 - WARNING - Could not parse valid JSON array from Groq response.
2026-07-05 06:30:39,348 - ERROR - âŒ Generation error: Could not extract 2-6 posts from response. Got 1.
2026-07-05 06:30:44,355 - INFO - ðŸ”„ Attempt 2/10 to generate a unique thread.
2026-07-05 06:30:45,352 - INFO - Groq raw response:
[
  "I've been tracking a mysterious trend.",
  "AI creators who disappear suddenly.",
  "What drives them to quit?",
  "I've been trying to understand.",
  "The truth is more surprising than you think."
]
2026-07-05 06:30:45,353 - INFO - âœ… Unique thread found (hash: 6ca7a251...)
2026-07-05 06:30:45,354 - INFO - ðŸ“ Generated 5 posts:
2026-07-05 06:30:45,354 - INFO - --- Post 1 ---
I've been tracking a mysterious trend.
2026-07-05 06:30:45,354 - INFO - --- Post 2 ---
AI creators who disappear suddenly.
2026-07-05 06:30:45,354 - INFO - --- Post 3 ---
What drives them to quit?
2026-07-05 06:30:45,354 - INFO - --- Post 4 ---
I've been trying to understand.
2026-07-05 06:30:45,354 - INFO - --- Post 5 ---
The truth is more surprising than you think.
2026-07-05 06:30:46,668 - INFO - ðŸŽ¨ Cover image prompt: In a dimly lit, abandoned laboratory, a lone figure sits at a dusty, metallic workstation, surrounded by empty chairs and scattered papers. The main subject, a young woman with a contemplative expression, is illuminated by a single, flickering fluorescent light above, casting an eerie glow on her face. The setting is a mix of urban decay and futuristic neglect, with old computer screens and broken machinery lining the walls. A predominantly cool, monochrome colour palette dominates the scene, with hints of blue and purple undertones, evoking a sense of mystery and abandonment. The lighting is dramatic, with deep shadows accentuating the woman's features and the surrounding environment, while a soft, diffused glow emanates from a nearby window, hinting at a world outside. The camera angle is a low, close-up shot, looking up at the woman, emphasizing her introspective mood and conveying a sense of tension. The atmosphere is tense and inquisitive, as if the woman is on the verge of uncovering a hidden truth. The texture of the scene is defined by rough, concrete walls, polished metal surfaces, and the smooth, wet glass of the window, adding depth and tactility to the image. The style of the scene is cinematic, with a hint of film noir, inviting the viewer to step into the mysterious world of the abandoned laboratory and uncover the secrets that lie within.
2026-07-05 06:30:50,532 - INFO - ðŸ–¼ï¸  Saved cover image to images/04f38448ab93903b.jpg
2026-07-05 06:30:51,647 - INFO - ðŸ“¤ Pushed images/04f38448ab93903b.jpg to GitHub.
2026-07-05 06:30:52,005 - INFO - ðŸŒ Public image URL: https://raw.githubusercontent.com/creatoracademyar-code/threads-bot/main/images/04f38448ab93903b.jpg
2026-07-05 06:30:52,007 - INFO - Scheduling for: 2026-07-05T11:47:52.007280Z UTC
2026-07-05 06:30:52,813 - INFO - âœ… Thread scheduled successfully! Buffer Post ID: 6a49fa1cc109183ee855237a
2026-07-05 06:30:52,814 - INFO - ðŸ’¾ Updated posted_threads.json
2026-07-05 06:30:52,814 - INFO - âœ… Run completed.


============================================================
  NEW RUN  2026-07-05T12:30:35.962439
============================================================
2026-07-05 12:30:35,962 - INFO - ðŸš€ Starting automation run
2026-07-05 12:30:35,962 - INFO - ðŸ“š Found 7 previously posted threads.
2026-07-05 12:30:35,963 - INFO - ðŸ“ Will send 7 recent threads to Groq for avoidance.
2026-07-05 12:30:35,963 - INFO - ðŸ”„ Attempt 1/10 to generate a unique thread.
2026-07-05 12:30:36,873 - INFO - Groq raw response:
[
  "I've been fascinated by AI creators who build digital assets.\nThey seem to have a secret advantage.",
  "What if I told you it's not just about the assets themselves?\nBut about the mindset behind creating them?",
  "I've been studying the most successful AI creators.\nAnd found a surprising commonality.",
  "They all focus on building assets that generate value.\nNot just for themselves, but for their audience.",
  "This shift in mindset is a game-changer.\nI'm still unpacking the implications."
]
2026-07-05 12:30:36,874 - INFO - âœ… Unique thread found (hash: d7419923...)
2026-07-05 12:30:36,875 - INFO - ðŸ“ Generated 5 posts:
2026-07-05 12:30:36,875 - INFO - --- Post 1 ---
I've been fascinated by AI creators who build digital assets.
They seem to have a secret advantage.
2026-07-05 12:30:36,875 - INFO - --- Post 2 ---
What if I told you it's not just about the assets themselves?
But about the mindset behind creating them?
2026-07-05 12:30:36,875 - INFO - --- Post 3 ---
I've been studying the most successful AI creators.
And found a surprising commonality.
2026-07-05 12:30:36,875 - INFO - --- Post 4 ---
They all focus on building assets that generate value.
Not just for themselves, but for their audience.
2026-07-05 12:30:36,875 - INFO - --- Post 5 ---
This shift in mindset is a game-changer.
I'm still unpacking the implications.
2026-07-05 12:30:38,275 - INFO - ðŸŽ¨ Cover image prompt: A lone figure sits in a sleek, modern laboratory filled with futuristic equipment and digital screens, surrounded by a cityscape at dusk. The main subject, a young creator, is intently focused on a holographic interface projected in front of them, with lines of code and 3D models floating in the air. The colour palette is a blend of cool blues and purples, evoking a sense of innovation and creativity, with accents of warm golden light spilling in from the city outside. Soft, diffused lighting illuminates the scene, with subtle shadows cast by the laboratory equipment, adding depth and texture to the image. The camera angle is a low, wide shot, looking up at the creator, conveying a sense of admiration and awe. The atmosphere is one of serene concentration, with a hint of excitement and discovery. The laboratory's walls and floor are made of polished metal and glass, reflecting the cool colours and adding a sense of sleekness and sophistication. The style of the image is cinematic, with a hint of sci-fi futurism, inviting the viewer to step into the world of AI creation and innovation. In the background, the cityscape stretches out, a blurred mix of skyscrapers and neon lights, symbolizing the limitless possibilities and connections that the creator's work can reach. The overall mood is hopeful and inspiring, capturing the essence of the thread's message about the power of a creative mindset and the potential for positive impact.
2026-07-05 12:30:40,204 - INFO - ðŸ–¼ï¸  Saved cover image to images/9f1f1d4375c68ec9.jpg
2026-07-05 12:30:41,169 - INFO - ðŸ“¤ Pushed images/9f1f1d4375c68ec9.jpg to GitHub.
2026-07-05 12:30:41,323 - INFO - ðŸŒ Public image URL: https://raw.githubusercontent.com/creatoracademyar-code/threads-bot/main/images/9f1f1d4375c68ec9.jpg
2026-07-05 12:30:41,325 - INFO - Scheduling for: 2026-07-05T17:47:41.325707Z UTC
2026-07-05 12:30:41,945 - INFO - âœ… Thread scheduled successfully! Buffer Post ID: 6a4a4e71c109183ee85751d2
2026-07-05 12:30:41,945 - INFO - ðŸ’¾ Updated posted_threads.json
2026-07-05 12:30:41,946 - INFO - âœ… Run completed.


============================================================
  NEW RUN  2026-07-05T18:30:37.480366
============================================================
2026-07-05 18:30:37,480 - INFO - ðŸš€ Starting automation run
2026-07-05 18:30:37,480 - INFO - ðŸ“š Found 8 previously posted threads.
2026-07-05 18:30:37,480 - INFO - ðŸ“ Will send 8 recent threads to Groq for avoidance.
2026-07-05 18:30:37,481 - INFO - ðŸ”„ Attempt 1/10 to generate a unique thread.
2026-07-05 18:30:38,164 - INFO - Groq raw response:
[
  "I've been wondering what makes AI creators tick.\nTheir passion, drive, and creativity.\nIs it innate or learned?",
  "I started digging into the psychology.\nOf successful AI influencers and creators.\nAnd found a surprising common thread.",
  "It's not about the tech or the tools.\nBut about the mindset and the why.\nWhat drives them to create and innovate?",
  "I'm still unraveling the mystery.\nBut one thing is clear:\nIt's time to rethink our approach to AI content."
]
2026-07-05 18:30:38,165 - INFO - âœ… Unique thread found (hash: a08e631e...)
2026-07-05 18:30:38,166 - INFO - ðŸ“ Generated 4 posts:
2026-07-05 18:30:38,166 - INFO - --- Post 1 ---
I've been wondering what makes AI creators tick.
Their passion, drive, and creativity.
Is it innate or learned?
2026-07-05 18:30:38,166 - INFO - --- Post 2 ---
I started digging into the psychology.
Of successful AI influencers and creators.
And found a surprising common thread.
2026-07-05 18:30:38,166 - INFO - --- Post 3 ---
It's not about the tech or the tools.
But about the mindset and the why.
What drives them to create and innovate?
2026-07-05 18:30:38,166 - INFO - --- Post 4 ---
I'm still unraveling the mystery.
But one thing is clear:
It's time to rethink our approach to AI content.
2026-07-05 18:30:39,648 - INFO - ðŸŽ¨ Cover image prompt: A solitary figure sits in a dimly lit, minimalist room with walls lined with old, leather-bound books and scattered notes, surrounded by the soft glow of string lights. The subject, a young woman with a curious expression, is positioned in the centre of the frame, with a warm, golden light spilling in from a small, circular window high above her, casting a sense of wonder and introspection. The colour palette is predominantly monochromatic, with shades of grey, beige, and creamy whites, punctuated by hints of rich, earthy tones from the leather and wood accents. The lighting is soft and diffused, with deep shadows that add depth and texture to the scene, drawing the viewer's eye to the subject's contemplative face. The camera angle is a low, Dutch angle, looking up at the woman, which creates a sense of dynamic tension and emphasizes her thoughtful, inquiring nature. The atmosphere is one of quiet contemplation, with a sense of hope and curiosity, as if the subject is on the cusp of a new discovery. The texture of the old books, the rough stone walls, and the smooth, polished wood of the desk all add to the tactile, organic feel of the scene, which is rendered in a cinematic, photorealistic style, with subtle film grain and a shallow depth of field that blurs the background, focusing the viewer's attention on the subject's introspective gaze. The overall mood is serene, yet thought-provoking, inviting the viewer to ponder the mysteries of creativity and innovation, as the woman's eyes seem to hold a deep, unspoken question, waiting to be unraveled.
2026-07-05 18:30:41,586 - INFO - ðŸ–¼ï¸  Saved cover image to images/0e20e4373718186c.jpg
2026-07-05 18:30:42,614 - INFO - ðŸ“¤ Pushed images/0e20e4373718186c.jpg to GitHub.
2026-07-05 18:30:42,826 - INFO - ðŸŒ Public image URL: https://raw.githubusercontent.com/creatoracademyar-code/threads-bot/main/images/0e20e4373718186c.jpg
2026-07-05 18:30:42,828 - INFO - Scheduling for: 2026-07-05T23:47:42.828546Z UTC
2026-07-05 18:30:43,590 - INFO - âœ… Thread scheduled successfully! Buffer Post ID: 6a4aa2d3b3f33d21402fa5c9
2026-07-05 18:30:43,590 - INFO - ðŸ’¾ Updated posted_threads.json
2026-07-05 18:30:43,590 - INFO - âœ… Run completed.


============================================================
  NEW RUN  2026-07-06T00:30:34.576860
============================================================
2026-07-06 00:30:34,576 - INFO - ðŸš€ Starting automation run
2026-07-06 00:30:34,577 - INFO - ðŸ“š Found 9 previously posted threads.
2026-07-06 00:30:34,577 - INFO - ðŸ“ Will send 9 recent threads to Groq for avoidance.
2026-07-06 00:30:34,577 - INFO - ðŸ”„ Attempt 1/10 to generate a unique thread.
2026-07-06 00:30:35,602 - INFO - Groq raw response:
[
  "I stumbled upon a fascinating case study.\nAbout an AI creator who went from 0 to 100k followers.\nIn just 3 months.",
  "What caught my attention was their content strategy.\nIt wasn't about creating viral posts.\nBut about crafting a narrative that resonated.",
  "I dug deeper and found a surprising insight.\nTheir secret sauce was not the tech itself.\nBut the way they used it to tell human stories.",
  "Now I'm obsessed with understanding.\nHow they wove their narrative into every post.\nAnd what we can learn from their approach."
]
2026-07-06 00:30:35,603 - INFO - âœ… Unique thread found (hash: 1a4a0fd0...)
2026-07-06 00:30:35,604 - INFO - ðŸ“ Generated 4 posts:
2026-07-06 00:30:35,604 - INFO - --- Post 1 ---
I stumbled upon a fascinating case study.
About an AI creator who went from 0 to 100k followers.
In just 3 months.
2026-07-06 00:30:35,604 - INFO - --- Post 2 ---
What caught my attention was their content strategy.
It wasn't about creating viral posts.
But about crafting a narrative that resonated.
2026-07-06 00:30:35,604 - INFO - --- Post 3 ---
I dug deeper and found a surprising insight.
Their secret sauce was not the tech itself.
But the way they used it to tell human stories.
2026-07-06 00:30:35,604 - INFO - --- Post 4 ---
Now I'm obsessed with understanding.
How they wove their narrative into every post.
And what we can learn from their approach.
2026-07-06 00:30:37,002 - INFO - ðŸŽ¨ Cover image prompt: A lone figure sits in a dimly lit, modern library, surrounded by towering shelves of old books and sleek, futuristic computer screens. The main subject, a young woman with a look of intense focus, is positioned in the centre of the frame, with a warm, golden light spilling from a table lamp beside her. The colour palette is a mix of cool blues and greys, evoking a sense of technology and innovation, with accents of warm, earthy tones from the old books and wooden furniture. The lighting is soft and diffused, with deep shadows cast across the woman's face and the surrounding environment, adding a sense of depth and intimacy to the scene. The camera angle is a low, over-the-shoulder shot, looking up at the woman as she pores over a leather-bound book, with a few loose pages and notes scattered across the table in front of her. The atmosphere is one of quiet contemplation and curiosity, with a sense of hope and discovery. The texture of the old books and wooden furniture adds a tactile, organic feel to the scene, while the sleek computer screens and modern lighting fixtures introduce a sense of sleekness and modernity. The style of the image is reminiscent of a cinematic oil painting, with bold brushstrokes and vivid, expressive colours. In the background, a large, abstract representation of a neural network or circuit board is visible, blurred and out of focus, symbolizing the complex, interconnected nature of the AI creator's narrative.
2026-07-06 00:30:38,531 - INFO - ðŸ–¼ï¸  Saved cover image to images/2c8238951929c204.jpg
2026-07-06 00:30:39,638 - INFO - ðŸ“¤ Pushed images/2c8238951929c204.jpg to GitHub.
2026-07-06 00:30:39,909 - INFO - ðŸŒ Public image URL: https://raw.githubusercontent.com/creatoracademyar-code/threads-bot/main/images/2c8238951929c204.jpg
2026-07-06 00:30:39,911 - INFO - Scheduling for: 2026-07-06T05:47:39.911761Z UTC
2026-07-06 00:30:40,650 - INFO - âœ… Thread scheduled successfully! Buffer Post ID: 6a4af7307e52c06f81bec15f
2026-07-06 00:30:40,651 - INFO - ðŸ’¾ Updated posted_threads.json
2026-07-06 00:30:40,651 - INFO - âœ… Run completed.


============================================================
  NEW RUN  2026-07-06T06:30:39.659270
============================================================
2026-07-06 06:30:39,659 - INFO - ðŸš€ Starting automation run
2026-07-06 06:30:39,659 - INFO - ðŸ“š Found 10 previously posted threads.
2026-07-06 06:30:39,659 - INFO - ðŸ“ Will send 10 recent threads to Groq for avoidance.
2026-07-06 06:30:39,659 - INFO - ðŸ”„ Attempt 1/10 to generate a unique thread.
2026-07-06 06:30:40,775 - INFO - Groq raw response:
[
  "I've been noticing a strange habit.\nAmong successful AI creators.\nThey all seem to have a 'pre-game' ritual.",
  "It's not about the tech they use.\nOr the content they create.\nBut about the mindset they're in.",
  "I started digging into their routines.\nAnd found a surprising common thread.\nIt's not just about being productive.",
  "But about being present.\nIn the moment, with their audience.\nThat's where the magic happens.",
  "I'm still trying to understand this.\nAnd how to apply it to my own work.\nBut one thing is clear: \nIt's time to rethink our approach."
]
2026-07-06 06:30:40,776 - INFO - âœ… Unique thread found (hash: 7bd79758...)
2026-07-06 06:30:40,776 - INFO - ðŸ“ Generated 5 posts:
2026-07-06 06:30:40,776 - INFO - --- Post 1 ---
I've been noticing a strange habit.
Among successful AI creators.
They all seem to have a 'pre-game' ritual.
2026-07-06 06:30:40,777 - INFO - --- Post 2 ---
It's not about the tech they use.
Or the content they create.
But about the mindset they're in.
2026-07-06 06:30:40,777 - INFO - --- Post 3 ---
I started digging into their routines.
And found a surprising common thread.
It's not just about being productive.
2026-07-06 06:30:40,777 - INFO - --- Post 4 ---
But about being present.
In the moment, with their audience.
That's where the magic happens.
2026-07-06 06:30:40,777 - INFO - --- Post 5 ---
I'm still trying to understand this.
And how to apply it to my own work.
But one thing is clear: 
It's time to rethink our approach.
2026-07-06 06:30:42,130 - INFO - ðŸŽ¨ Cover image prompt: A lone figure sits cross-legged on a polished wooden floor, surrounded by a serene, minimalist room with large windows that let in a soft, diffused light, casting a warm glow on the space. The colour palette is muted, with shades of creamy white, light grey, and natural wood tones, evoking a sense of calmness and clarity. The main subject, the figure, is dressed in simple, flowing attire, with eyes closed, hands placed gently on their knees, and a subtle, enigmatic smile on their face, radiating an aura of mindfulness and presence. The atmosphere is tranquil, with a hint of contemplation, as if the figure is on the cusp of a profound realization. In the background, a few, carefully placed objects are visible, such as a small, leather-bound book, a sleek, silver pen, and a delicate, glass candleholder, all of which seem to be made of natural, tactile materials that add depth and texture to the scene. The camera angle is a low, wide shot, looking up at the figure, which creates a sense of intimacy and vulnerability, while also emphasizing the figure's connection to the space and the moment. The style hint is cinematic, with a slight oil painting quality to the lighting and textures, which adds a sense of timelessness and depth to the image. The overall mood is one of quiet reflection, inviting the viewer to step into the stillness and contemplate the beauty of being present in the moment.
2026-07-06 06:30:43,982 - INFO - ðŸ–¼ï¸  Saved cover image to images/006cc34a0c75a695.jpg
2026-07-06 06:30:45,115 - INFO - ðŸ“¤ Pushed images/006cc34a0c75a695.jpg to GitHub.
2026-07-06 06:30:45,309 - INFO - ðŸŒ Public image URL: https://raw.githubusercontent.com/creatoracademyar-code/threads-bot/main/images/006cc34a0c75a695.jpg
2026-07-06 06:30:45,311 - INFO - Scheduling for: 2026-07-06T11:47:45.311475Z UTC
2026-07-06 06:30:46,062 - INFO - âœ… Thread scheduled successfully! Buffer Post ID: 6a4b4b957e52c06f81c1bac8
2026-07-06 06:30:46,063 - INFO - ðŸ’¾ Updated posted_threads.json
2026-07-06 06:30:46,063 - INFO - âœ… Run completed.


============================================================
  NEW RUN  2026-07-06T12:30:43.125804
============================================================
2026-07-06 12:30:43,125 - INFO - ðŸš€ Starting automation run
2026-07-06 12:30:43,126 - INFO - ðŸ“š Found 11 previously posted threads.
2026-07-06 12:30:43,126 - INFO - ðŸ“ Will send 11 recent threads to Groq for avoidance.
2026-07-06 12:30:43,126 - INFO - ðŸ”„ Attempt 1/10 to generate a unique thread.
2026-07-06 12:30:43,913 - INFO - Groq raw response:
[
  "I've been exploring the world of AI business.",
  "What if the key to success lies not in the tech, but in the stories we tell?",
  "I've been studying the most successful AI entrepreneurs.",
  "They all have one thing in common: a deep understanding of human psychology."
]
2026-07-06 12:30:43,915 - INFO - âœ… Unique thread found (hash: 9be8256f...)
2026-07-06 12:30:43,915 - INFO - ðŸ“ Generated 4 posts:
2026-07-06 12:30:43,915 - INFO - --- Post 1 ---
I've been exploring the world of AI business.
2026-07-06 12:30:43,915 - INFO - --- Post 2 ---
What if the key to success lies not in the tech, but in the stories we tell?
2026-07-06 12:30:43,915 - INFO - --- Post 3 ---
I've been studying the most successful AI entrepreneurs.
2026-07-06 12:30:43,915 - INFO - --- Post 4 ---
They all have one thing in common: a deep understanding of human psychology.
2026-07-06 12:30:45,326 - INFO - ðŸŽ¨ Cover image prompt: In a sleek, modern conference room with a cityscape view at dusk, a lone figure stands at the forefront, gazing out the window with a contemplative expression. The main subject, a young entrepreneur, is positioned with their back to the viewer, dressed in formal attire with a subtle sheen to the fabric, set against a warm colour palette of golden hour hues and soft blues. The room is dimly lit, with the only light source being the fading sunlight casting a dramatic glow on the subject's silhouette, while the city lights begin to twinkle outside. The camera angle is a low, wide shot, looking up at the entrepreneur from a slight distance, conveying a sense of introspection and ambition. The atmosphere is serene, yet tense with anticipation, as if the subject is on the cusp of a groundbreaking revelation. The texture of the polished metal and glass in the room contrasts with the rough, unyielding concrete of the city outside, symbolizing the blend of human emotion and technological innovation. The style of the image is cinematic, with a slight depth of field effect to emphasize the subject's presence, and a hint of grain to evoke a sense of realism. The overall mood is one of hopeful anticipation, as if the subject is poised to unlock the secrets of human psychology and harness the power of storytelling to drive success in the world of AI business.
2026-07-06 12:30:46,833 - INFO - ðŸ–¼ï¸  Saved cover image to images/2a63c2927c371008.jpg
2026-07-06 12:30:47,944 - INFO - ðŸ“¤ Pushed images/2a63c2927c371008.jpg to GitHub.
2026-07-06 12:30:48,224 - INFO - ðŸŒ Public image URL: https://raw.githubusercontent.com/creatoracademyar-code/threads-bot/main/images/2a63c2927c371008.jpg
2026-07-06 12:30:48,227 - INFO - Scheduling for: 2026-07-06T17:47:48.227123Z UTC
2026-07-06 12:30:48,861 - INFO - âœ… Thread scheduled successfully! Buffer Post ID: 6a4b9ff818a524db9b7f4640
2026-07-06 12:30:48,862 - INFO - ðŸ’¾ Updated posted_threads.json
2026-07-06 12:30:48,862 - INFO - âœ… Run completed.


============================================================
  NEW RUN  2026-07-06T18:30:37.839530
============================================================
2026-07-06 18:30:37,839 - INFO - ðŸš€ Starting automation run
2026-07-06 18:30:37,839 - INFO - ðŸ“š Found 12 previously posted threads.
2026-07-06 18:30:37,840 - INFO - ðŸ“ Will send 12 recent threads to Groq for avoidance.
2026-07-06 18:30:37,840 - INFO - ðŸ”„ Attempt 1/10 to generate a unique thread.
2026-07-06 18:30:38,987 - INFO - Groq raw response:
[
  "I've been fascinated by the concept of 'invisible influence'.\nHow some AI creators seem to shape opinions without being overtly visible.",
  "It's as if they're puppeteers, pulling the strings from behind the scenes.\nTheir influence is felt, but not immediately seen.",
  "I started digging into the psychology of influence.\nAnd found a surprising pattern among successful AI creators.",
  "They all seem to focus on building 'micro-movements'.\nSmall, dedicated communities that amplify their message.",
  "I'm still unraveling the threads of this discovery.\nBut one thing is clear: the future of AI influence is subtle, not loud."
]
2026-07-06 18:30:38,988 - INFO - âœ… Unique thread found (hash: f712e42f...)
2026-07-06 18:30:38,988 - INFO - ðŸ“ Generated 5 posts:
2026-07-06 18:30:38,988 - INFO - --- Post 1 ---
I've been fascinated by the concept of 'invisible influence'.
How some AI creators seem to shape opinions without being overtly visible.
2026-07-06 18:30:38,988 - INFO - --- Post 2 ---
It's as if they're puppeteers, pulling the strings from behind the scenes.
Their influence is felt, but not immediately seen.
2026-07-06 18:30:38,988 - INFO - --- Post 3 ---
I started digging into the psychology of influence.
And found a surprising pattern among successful AI creators.
2026-07-06 18:30:38,988 - INFO - --- Post 4 ---
They all seem to focus on building 'micro-movements'.
Small, dedicated communities that amplify their message.
2026-07-06 18:30:38,988 - INFO - --- Post 5 ---
I'm still unraveling the threads of this discovery.
But one thing is clear: the future of AI influence is subtle, not loud.
2026-07-06 18:30:40,460 - INFO - ðŸŽ¨ Cover image prompt: In a dimly lit, minimalist theatre, a lone puppeteer sits behind a translucent screen, their face obscured by shadows. The puppeteer's hands are visible, however, as they delicately manipulate a complex network of strings and pulleys, evoking a sense of subtle control. The setting is a blend of traditional and modern elements, with rustic wooden beams and a vintage puppet stage juxtaposed against a backdrop of sleek, metallic walls. The colour palette is predominantly monochromatic, with shades of grey and blue dominating the scene, punctuated by faint, warm glows emanating from the puppeteer's control panel. Soft, diffused light casts a serene atmosphere, with dramatic shadows accentuating the puppeteer's hands and the intricate web of strings. The camera angle is a low, wide shot, capturing the entirety of the theatre and the puppeteer's domain, while emphasizing the sense of depth and layers. The overall mood is one of quiet, hopeful anticipation, as if the puppeteer is on the cusp of unveiling a new, influential creation. The texture of the wooden beams and the metallic walls adds a sense of roughness and industrialism, while the translucent screen and the puppeteer's strings introduce an element of ethereal, almost magical subtlety. The style of the image is cinematic, with a slight oil painting quality to the lighting and textures, inviting the viewer to ponder the nuances of influence and control.
2026-07-06 18:30:42,119 - INFO - ðŸ–¼ï¸  Saved cover image to images/8b239c37ab03b3d1.jpg
2026-07-06 18:30:43,602 - INFO - ðŸ“¤ Pushed images/8b239c37ab03b3d1.jpg to GitHub.
2026-07-06 18:30:44,466 - INFO - ðŸŒ Public image URL: https://raw.githubusercontent.com/creatoracademyar-code/threads-bot/main/images/8b239c37ab03b3d1.jpg
2026-07-06 18:30:44,468 - INFO - Scheduling for: 2026-07-06T23:47:44.468193Z UTC
2026-07-06 18:30:45,374 - INFO - âœ… Thread scheduled successfully! Buffer Post ID: 6a4bf4556b62473abedbf188
2026-07-06 18:30:45,375 - INFO - ðŸ’¾ Updated posted_threads.json
2026-07-06 18:30:45,375 - INFO - âœ… Run completed.


============================================================
  NEW RUN  2026-07-07T00:30:41.905784
============================================================
2026-07-07 00:30:41,905 - INFO - ðŸš€ Starting automation run
2026-07-07 00:30:41,906 - INFO - ðŸ“š Found 13 previously posted threads.
2026-07-07 00:30:41,906 - INFO - ðŸ“ Will send 13 recent threads to Groq for avoidance.
2026-07-07 00:30:41,906 - INFO - ðŸ”„ Attempt 1/10 to generate a unique thread.
2026-07-07 00:30:43,052 - INFO - Groq raw response:
[
  "I've been observing a pattern in AI content creation.\nIt's not about the tech, but the intent.\nWhat drives creators to produce?",
  "Some create for fame, others for fortune.\nBut the most successful ones create for a different reason.\nIt's not about the end goal, but the process.",
  "I've been studying the psychology of AI creators.\nAnd found a surprising common thread.\nIt's not about the content, but the why.",
  "The ones who create with purpose, with passion.\nAre the ones who resonate with their audience.\nAnd build a loyal following.",
  "I'm still unraveling the mystery of AI content creation.\nBut one thing is clear: it's not just about the tech.\nIt's about the human touch, the emotional connection."
]
2026-07-07 00:30:43,053 - INFO - âœ… Unique thread found (hash: 5fb5ebda...)
2026-07-07 00:30:43,054 - INFO - ðŸ“ Generated 5 posts:
2026-07-07 00:30:43,054 - INFO - --- Post 1 ---
I've been observing a pattern in AI content creation.
It's not about the tech, but the intent.
What drives creators to produce?
2026-07-07 00:30:43,054 - INFO - --- Post 2 ---
Some create for fame, others for fortune.
But the most successful ones create for a different reason.
It's not about the end goal, but the process.
2026-07-07 00:30:43,054 - INFO - --- Post 3 ---
I've been studying the psychology of AI creators.
And found a surprising common thread.
It's not about the content, but the why.
2026-07-07 00:30:43,054 - INFO - --- Post 4 ---
The ones who create with purpose, with passion.
Are the ones who resonate with their audience.
And build a loyal following.
2026-07-07 00:30:43,054 - INFO - --- Post 5 ---
I'm still unraveling the mystery of AI content creation.
But one thing is clear: it's not just about the tech.
It's about the human touch, the emotional connection.
2026-07-07 00:30:44,141 - INFO - ðŸŽ¨ Cover image prompt: In a dimly lit, rustic studio, a lone figure sits at a wooden desk, surrounded by scattered papers, empty coffee cups, and vintage typewriters. The main subject, a young woman with a contemplative expression, is illuminated by a soft, warm glow emanating from a desk lamp, casting a golden light on her face and hands. The colour palette is muted, with earthy tones of brown, beige, and grey, evoking a sense of nostalgia and creativity. The lighting is intimate, with deep shadows accentuating the textures of the rough wooden desk and the woman's worn, leather-bound journal. The camera angle is a close-up, looking over the woman's shoulder, as if peeking into her private world. The atmosphere is serene, with a sense of quiet reflection, as if the woman is lost in thought, unraveling the mysteries of creativity. The texture of the wooden desk and the rough, handmade paper add a tactile quality to the scene, while the soft, diffused light creates a sense of depth and dimensionality. The style hint is cinematic, with a hint of film grain and a shallow depth of field, blurring the background and emphasizing the woman's face and hands. The overall mood is one of contemplation, creativity, and connection, as if the woman is tapping into a deeper sense of purpose and passion.
2026-07-07 00:30:46,046 - INFO - ðŸ–¼ï¸  Saved cover image to images/da8a7ecc68b4641a.jpg
2026-07-07 00:30:47,252 - INFO - ðŸ“¤ Pushed images/da8a7ecc68b4641a.jpg to GitHub.
2026-07-07 00:30:47,516 - INFO - ðŸŒ Public image URL: https://raw.githubusercontent.com/creatoracademyar-code/threads-bot/main/images/da8a7ecc68b4641a.jpg
2026-07-07 00:30:47,519 - INFO - Scheduling for: 2026-07-07T05:47:47.519064Z UTC
2026-07-07 00:30:48,244 - INFO - âœ… Thread scheduled successfully! Buffer Post ID: 6a4c48b82d30a04d756bc5b6
2026-07-07 00:30:48,245 - INFO - ðŸ’¾ Updated posted_threads.json
2026-07-07 00:30:48,245 - INFO - âœ… Run completed.


============================================================
  NEW RUN  2026-07-07T06:30:39.421528
============================================================
2026-07-07 06:30:39,421 - INFO - ðŸš€ Starting automation run
2026-07-07 06:30:39,421 - INFO - ðŸ“š Found 14 previously posted threads.
2026-07-07 06:30:39,422 - INFO - ðŸ“ Will send 14 recent threads to Groq for avoidance.
2026-07-07 06:30:39,422 - INFO - ðŸ”„ Attempt 1/10 to generate a unique thread.
2026-07-07 06:30:40,797 - INFO - Groq raw response:
[
  "I've been noticing a fascinating phenomenon.\nAI creators who focus on 'less' are often more successful.",
  "They don't try to be everywhere.\nThey don't create for every platform.\nThey focus on one thing and do it exceptionally well.",
  "I started studying their approach.\nAnd found a surprising pattern.\nThey all prioritize 'depth' over 'breadth'.",
  "Instead of creating shallow content.\nThey focus on building meaningful relationships.\nWith a smaller, but more engaged audience."
]
2026-07-07 06:30:40,798 - INFO - âœ… Unique thread found (hash: 6ab9c1f6...)
2026-07-07 06:30:40,798 - INFO - ðŸ“ Generated 4 posts:
2026-07-07 06:30:40,798 - INFO - --- Post 1 ---
I've been noticing a fascinating phenomenon.
AI creators who focus on 'less' are often more successful.
2026-07-07 06:30:40,798 - INFO - --- Post 2 ---
They don't try to be everywhere.
They don't create for every platform.
They focus on one thing and do it exceptionally well.
2026-07-07 06:30:40,798 - INFO - --- Post 3 ---
I started studying their approach.
And found a surprising pattern.
They all prioritize 'depth' over 'breadth'.
2026-07-07 06:30:40,799 - INFO - --- Post 4 ---
Instead of creating shallow content.
They focus on building meaningful relationships.
With a smaller, but more engaged audience.
2026-07-07 06:30:42,081 - INFO - ðŸŽ¨ Cover image prompt: A lone figure stands at the edge of a serene, misty lake, surrounded by towering trees that stretch towards the sky. The setting is a secluded, natural oasis, with a warm, golden light casting a gentle glow over the scene. The colour palette is muted, with earthy tones of olive green, moss, and weathered wood, punctuated by the soft, creamy whites of mist and clouds. The light is diffused, with a soft focus that creates a sense of depth and tranquility. The camera angle is low, looking up at the figure, who is gazing out at the lake with a contemplative expression. The atmosphere is peaceful, with a sense of stillness and focus, as if the figure is concentrating on a single, important task. The texture of the trees and the rocky shoreline is rough and organic, while the figure's clothing is simple and understated, with a soft, woven quality. The style of the image is cinematic, with a hint of oil painting, and a sense of depth and dimensionality that draws the viewer into the scene. In the distance, a few ripples disturb the surface of the lake, suggesting a sense of subtle, targeted action, rather than broad, sweeping motion. The overall mood is one of quiet, intentional focus, as if the figure is prioritizing quality over quantity, and cultivating a sense of meaningful connection with the world around them.
2026-07-07 06:30:44,599 - INFO - ðŸ–¼ï¸  Saved cover image to images/a54a20ea9031e686.jpg
2026-07-07 06:30:45,630 - INFO - ðŸ“¤ Pushed images/a54a20ea9031e686.jpg to GitHub.
2026-07-07 06:30:45,757 - INFO - ðŸŒ Public image URL: https://raw.githubusercontent.com/creatoracademyar-code/threads-bot/main/images/a54a20ea9031e686.jpg
2026-07-07 06:30:45,759 - INFO - Scheduling for: 2026-07-07T11:47:45.759036Z UTC
2026-07-07 06:30:46,463 - INFO - âœ… Thread scheduled successfully! Buffer Post ID: 6a4c9d16adac4a509f5acab9
2026-07-07 06:30:46,464 - INFO - ðŸ’¾ Updated posted_threads.json
2026-07-07 06:30:46,464 - INFO - âœ… Run completed.


============================================================
  NEW RUN  2026-07-07T12:30:44.442829
============================================================
2026-07-07 12:30:44,442 - INFO - ðŸš€ Starting automation run
2026-07-07 12:30:44,443 - INFO - ðŸ“š Found 15 previously posted threads.
2026-07-07 12:30:44,443 - INFO - ðŸ“ Will send 15 recent threads to Groq for avoidance.
2026-07-07 12:30:44,443 - INFO - ðŸ”„ Attempt 1/10 to generate a unique thread.
2026-07-07 12:30:45,934 - INFO - Groq raw response:
[
  "I've been fascinated by the concept of 'saturation point'.\nWhen AI creators reach a point where their content feels repetitive.",
  "They've explored every angle, every topic, every style.\nBut what happens next? Do they fade away or reinvent?",
  "I've been studying the most successful AI creators.\nAnd found a surprising commonality. They all have a 'refresh' mechanism.",
  "A way to reboot their creativity, to find new inspiration.\nIt's not about the tech, but about the human experience.",
  "I'm still trying to understand this 'refresh' mechanism.\nAnd how to apply it to my own work. But one thing is clear: it's the key to longevity."
]
2026-07-07 12:30:45,935 - INFO - âœ… Unique thread found (hash: ca58e334...)
2026-07-07 12:30:45,935 - INFO - ðŸ“ Generated 5 posts:
2026-07-07 12:30:45,935 - INFO - --- Post 1 ---
I've been fascinated by the concept of 'saturation point'.
When AI creators reach a point where their content feels repetitive.
2026-07-07 12:30:45,935 - INFO - --- Post 2 ---
They've explored every angle, every topic, every style.
But what happens next? Do they fade away or reinvent?
2026-07-07 12:30:45,935 - INFO - --- Post 3 ---
I've been studying the most successful AI creators.
And found a surprising commonality. They all have a 'refresh' mechanism.
2026-07-07 12:30:45,935 - INFO - --- Post 4 ---
A way to reboot their creativity, to find new inspiration.
It's not about the tech, but about the human experience.
2026-07-07 12:30:45,935 - INFO - --- Post 5 ---
I'm still trying to understand this 'refresh' mechanism.
And how to apply it to my own work. But one thing is clear: it's the key to longevity.
2026-07-07 12:30:47,559 - INFO - ðŸŽ¨ Cover image prompt: A lone figure sits at a wooden desk, surrounded by scattered papers, empty coffee cups, and outdated computer equipment, in a dimly lit, rustic attic studio with worn, wooden beams and dusty, cobweb-covered windows. The colour palette is a mix of warm, muted tones, with shades of brown, beige, and faded grey, evoking a sense of nostalgia and stagnation. Soft, diffused light seeps through the grimy windows, casting a melancholic glow on the scene, with deep shadows accentuating the feeling of creative exhaustion. The camera angle is a low, introspective shot, looking up at the figure from beneath the desk, conveying a sense of vulnerability and self-doubt. The atmosphere is contemplative and serene, with a hint of tension, as if the figure is on the cusp of a creative breakthrough. The texture of the worn wood, rough concrete, and faded paper adds a tactile quality to the scene, while the style hint is reminiscent of a moody, oil painting, with bold brushstrokes and vivid, expressive colours. In the background, a large, old-fashioned key hangs from a nail, symbolizing the elusive 'refresh' mechanism, waiting to be discovered and turned, to unlock a new wave of inspiration and creativity. The figure's face is tilted downwards, lost in thought, as if searching for the answer to their creative stagnation, with a hint of hope and determination in their eyes.
2026-07-07 12:30:49,049 - INFO - ðŸ–¼ï¸  Saved cover image to images/4d724cb0a799acdd.jpg
2026-07-07 12:30:50,186 - INFO - ðŸ“¤ Pushed images/4d724cb0a799acdd.jpg to GitHub.
2026-07-07 12:30:50,343 - INFO - ðŸŒ Public image URL: https://raw.githubusercontent.com/creatoracademyar-code/threads-bot/main/images/4d724cb0a799acdd.jpg
2026-07-07 12:30:50,345 - INFO - Scheduling for: 2026-07-07T17:47:50.345569Z UTC
2026-07-07 12:30:51,049 - INFO - âœ… Thread scheduled successfully! Buffer Post ID: 6a4cf17a0e2952ff3866aa1f
2026-07-07 12:30:51,050 - INFO - ðŸ’¾ Updated posted_threads.json
2026-07-07 12:30:51,050 - INFO - âœ… Run completed.


============================================================
  NEW RUN  2026-07-07T18:30:43.157246
============================================================
2026-07-07 18:30:43,157 - INFO - ðŸš€ Starting automation run
2026-07-07 18:30:43,157 - INFO - ðŸ“š Found 16 previously posted threads.
2026-07-07 18:30:43,157 - INFO - ðŸ“ Will send 16 recent threads to Groq for avoidance.
2026-07-07 18:30:43,158 - INFO - ðŸ”„ Attempt 1/10 to generate a unique thread.
2026-07-07 18:30:44,604 - INFO - Groq raw response:
[
  "I've been analyzing the rise of AI influencers.\nOne thing stands out: their ability to craft a compelling narrative.",
  "It's not just about the tech or the tools.\nBut about the story they tell, the emotions they evoke.",
  "I've been studying the most successful ones.\nAnd found a common thread: they all have a 'origin story'.",
  "A story that explains why they started creating.\nWhat drives them, what inspires them.",
  "I'm still trying to understand the power of these stories.\nAnd how they can be used to build a loyal following."
]
2026-07-07 18:30:44,605 - INFO - âœ… Unique thread found (hash: cfa49e91...)
2026-07-07 18:30:44,606 - INFO - ðŸ“ Generated 5 posts:
2026-07-07 18:30:44,606 - INFO - --- Post 1 ---
I've been analyzing the rise of AI influencers.
One thing stands out: their ability to craft a compelling narrative.
2026-07-07 18:30:44,606 - INFO - --- Post 2 ---
It's not just about the tech or the tools.
But about the story they tell, the emotions they evoke.
2026-07-07 18:30:44,606 - INFO - --- Post 3 ---
I've been studying the most successful ones.
And found a common thread: they all have a 'origin story'.
2026-07-07 18:30:44,606 - INFO - --- Post 4 ---
A story that explains why they started creating.
What drives them, what inspires them.
2026-07-07 18:30:44,606 - INFO - --- Post 5 ---
I'm still trying to understand the power of these stories.
And how they can be used to build a loyal following.
2026-07-07 18:30:45,851 - INFO - ðŸŽ¨ Cover image prompt: In a dimly lit, sleek, futuristic studio, a lone figure sits in front of a massive, curved screen that dominates the wall, displaying a mesmerizing array of codes and lights. The main subject, a young, androgynous creator, is positioned in a contemplative pose, surrounded by scattered papers, empty coffee cups, and wires, with a few AI-generated portraits on the screen behind them. The colour palette is predominantly cool, with shades of blue and purple, punctuated by warm, golden accents from the soft, diffused lighting that spills from the screen. The lighting is moody, with deep shadows cast across the creator's face, emphasizing their introspective mood. The camera angle is a low, wide shot, looking up at the creator, conveying a sense of reverence and admiration for their craft. The atmosphere is serene, yet tense, as if the creator is on the cusp of a breakthrough. The texture of the rough, concrete floor and the smooth, polished metal of the screen's frame add depth to the scene. The style hint is cinematic, with a slight oil painting quality to the lighting and colours, inviting the viewer to step into the creator's world. The overall emotion is one of hopeful anticipation, as if the creator is about to unlock the secrets of storytelling and connection in the digital age.
2026-07-07 18:30:48,022 - INFO - ðŸ–¼ï¸  Saved cover image to images/9a44cc5fbd12ef39.jpg
2026-07-07 18:30:49,151 - INFO - ðŸ“¤ Pushed images/9a44cc5fbd12ef39.jpg to GitHub.
2026-07-07 18:30:49,259 - INFO - ðŸŒ Public image URL: https://raw.githubusercontent.com/creatoracademyar-code/threads-bot/main/images/9a44cc5fbd12ef39.jpg
2026-07-07 18:30:49,261 - INFO - Scheduling for: 2026-07-07T23:47:49.261672Z UTC
2026-07-07 18:30:50,097 - INFO - âœ… Thread scheduled successfully! Buffer Post ID: 6a4d45d9b61c8b0fcf0a9fb7
2026-07-07 18:30:50,097 - INFO - ðŸ’¾ Updated posted_threads.json
2026-07-07 18:30:50,097 - INFO - âœ… Run completed.


============================================================
  NEW RUN  2026-07-08T00:30:39.465128
============================================================
2026-07-08 00:30:39,465 - INFO - ðŸš€ Starting automation run
2026-07-08 00:30:39,465 - INFO - ðŸ“š Found 17 previously posted threads.
2026-07-08 00:30:39,465 - INFO - ðŸ“ Will send 17 recent threads to Groq for avoidance.
2026-07-08 00:30:39,465 - INFO - ðŸ”„ Attempt 1/10 to generate a unique thread.
2026-07-08 00:30:40,507 - INFO - Groq raw response:
[
  "I've been noticing a weird gap in the AI creator space.",
  "Everyone's focused on growth, but what about the ones who quietly disappear?",
  "I started digging into the stories of AI creators who vanished.",
  "What I found was surprising: they didn't fail, they just shifted focus.",
  "Now I'm curious: what's behind this invisible exit strategy?"
]
2026-07-08 00:30:40,509 - INFO - âœ… Unique thread found (hash: 436ea8c0...)
2026-07-08 00:30:40,509 - INFO - ðŸ“ Generated 5 posts:
2026-07-08 00:30:40,509 - INFO - --- Post 1 ---
I've been noticing a weird gap in the AI creator space.
2026-07-08 00:30:40,509 - INFO - --- Post 2 ---
Everyone's focused on growth, but what about the ones who quietly disappear?
2026-07-08 00:30:40,509 - INFO - --- Post 3 ---
I started digging into the stories of AI creators who vanished.
2026-07-08 00:30:40,509 - INFO - --- Post 4 ---
What I found was surprising: they didn't fail, they just shifted focus.
2026-07-08 00:30:40,509 - INFO - --- Post 5 ---
Now I'm curious: what's behind this invisible exit strategy?
2026-07-08 00:30:41,754 - INFO - ðŸŽ¨ Cover image prompt: In a dimly lit, abandoned alleyway, a lone figure stands at the edge of a fading spotlight, surrounded by the remnants of discarded projects and forgotten dreams. The walls, once a deep, rich blue, now wear a faded, peeling coat, revealing glimpses of rough, grey concrete beneath. The air is thick with the scent of damp earth and decay, and the only sound is the soft hum of a distant city, a reminder of the world moving on. The colour palette is muted, with shades of indigo, grey, and blue dominating the scene, punctuated by the faint, golden glow of a setting sun peeking through the alleyway's entrance. The lighting is soft and diffused, with long, dramatic shadows stretching across the ground, as if the figure is being slowly pulled back into the darkness. The camera angle is low, looking up at the figure, who is shrouded in a mix of light and shadow, their features obscured, yet their presence palpable. The atmosphere is one of quiet contemplation, a sense of hope and curiosity lingering in the air, like the faint whisper of a new beginning. The texture of the walls, the roughness of the concrete, and the smoothness of the figure's clothing all blend together to create a sense of depth and tactility, inviting the viewer to step into the scene. The style is cinematic, with a hint of film grain and a shallow depth of field, drawing the viewer's eye to the figure, and the secrets they might hold.
2026-07-08 00:30:43,592 - INFO - ðŸ–¼ï¸  Saved cover image to images/0be4231fbfe93141.jpg
2026-07-08 00:30:44,655 - INFO - ðŸ“¤ Pushed images/0be4231fbfe93141.jpg to GitHub.
2026-07-08 00:30:44,759 - INFO - ðŸŒ Public image URL: https://raw.githubusercontent.com/creatoracademyar-code/threads-bot/main/images/0be4231fbfe93141.jpg
2026-07-08 00:30:44,761 - INFO - Scheduling for: 2026-07-08T05:47:44.761434Z UTC
2026-07-08 00:30:45,295 - INFO - âœ… Thread scheduled successfully! Buffer Post ID: 6a4d9a35f4362e9785092e6f
2026-07-08 00:30:45,296 - INFO - ðŸ’¾ Updated posted_threads.json
2026-07-08 00:30:45,296 - INFO - âœ… Run completed.


============================================================
  NEW RUN  2026-07-08T06:30:39.465480
============================================================
2026-07-08 06:30:39,465 - INFO - ðŸš€ Starting automation run
2026-07-08 06:30:39,465 - INFO - ðŸ“š Found 18 previously posted threads.
2026-07-08 06:30:39,466 - INFO - ðŸ“ Will send 18 recent threads to Groq for avoidance.
2026-07-08 06:30:39,466 - INFO - ðŸ”„ Attempt 1/10 to generate a unique thread.
2026-07-08 06:30:40,936 - INFO - Groq raw response:
[
  "I've been exploring the concept of 'digital legacy'.\nWhat happens to an AI creator's online presence after they're gone?",
  "Is it a distant memory, a relic of the past?\nOr can it continue to inspire, to educate, and to influence?",
  "I've been studying the most successful AI creators.\nAnd found a surprising commonality: they all think about their legacy.",
  "They create with intention, with purpose.\nNot just for the present, but for the future.",
  "Now I'm wondering: what does it take to build a lasting digital legacy?\nIs it just about creating great content, or is there more to it?"
]
2026-07-08 06:30:40,937 - INFO - âœ… Unique thread found (hash: 5c3c7f6f...)
2026-07-08 06:30:40,937 - INFO - ðŸ“ Generated 5 posts:
2026-07-08 06:30:40,937 - INFO - --- Post 1 ---
I've been exploring the concept of 'digital legacy'.
What happens to an AI creator's online presence after they're gone?
2026-07-08 06:30:40,938 - INFO - --- Post 2 ---
Is it a distant memory, a relic of the past?
Or can it continue to inspire, to educate, and to influence?
2026-07-08 06:30:40,938 - INFO - --- Post 3 ---
I've been studying the most successful AI creators.
And found a surprising commonality: they all think about their legacy.
2026-07-08 06:30:40,938 - INFO - --- Post 4 ---
They create with intention, with purpose.
Not just for the present, but for the future.
2026-07-08 06:30:40,938 - INFO - --- Post 5 ---
Now I'm wondering: what does it take to build a lasting digital legacy?
Is it just about creating great content, or is there more to it?
2026-07-08 06:30:42,430 - INFO - ðŸŽ¨ Cover image prompt: In a vast, dimly lit library, a lone figure sits at a worn, wooden desk, surrounded by towering shelves of old, leather-bound books and humming servers. The main subject, a young, introspective woman with a contemplative expression, is poised with her fingers on the keys of a vintage typewriter, as if frozen in thought. The setting is a blend of traditional and modern elements, with soft, warm light spilling in through a large, arched window, casting a golden glow on the scene. The colour palette is predominantly monochromatic, with shades of grey, beige, and navy blue, punctuated by the warm, golden light and the soft, blue-green glow of the computer screens in the background. The lighting is diffuse, with deep shadows in the corners of the room, and a sense of depth and dimensionality created by the layered rows of books and the haze of dust in the air. The camera angle is a low, wide shot, looking up at the figure from the floor, creating a sense of grandeur and monumentality. The atmosphere is one of serene contemplation, with a sense of hope and possibility hanging in the air, like the promise of a new page waiting to be filled. The texture of the old books, the rough wood of the desk, and the smooth, cool surface of the typewriter keys add a tactile quality to the scene, inviting the viewer to touch and explore. The style of the image is reminiscent of a cinematic, oil-painted still life, with bold brushstrokes and a sense of depth and history.
2026-07-08 06:30:46,143 - INFO - ðŸ–¼ï¸  Saved cover image to images/7d420938fc9fdc7f.jpg
2026-07-08 06:30:47,271 - INFO - ðŸ“¤ Pushed images/7d420938fc9fdc7f.jpg to GitHub.
2026-07-08 06:30:47,415 - INFO - ðŸŒ Public image URL: https://raw.githubusercontent.com/creatoracademyar-code/threads-bot/main/images/7d420938fc9fdc7f.jpg
2026-07-08 06:30:47,417 - INFO - Scheduling for: 2026-07-08T11:47:47.417554Z UTC
2026-07-08 06:30:48,253 - INFO - âœ… Thread scheduled successfully! Buffer Post ID: 6a4dee9861ef6be239f4449f
2026-07-08 06:30:48,254 - INFO - ðŸ’¾ Updated posted_threads.json
2026-07-08 06:30:48,254 - INFO - âœ… Run completed.


============================================================
  NEW RUN  2026-07-08T12:30:43.168423
============================================================
2026-07-08 12:30:43,168 - INFO - ðŸš€ Starting automation run
2026-07-08 12:30:43,168 - INFO - ðŸ“š Found 19 previously posted threads.
2026-07-08 12:30:43,169 - INFO - ðŸ“ Will send 19 recent threads to Groq for avoidance.
2026-07-08 12:30:43,169 - INFO - ðŸ”„ Attempt 1/10 to generate a unique thread.
2026-07-08 12:30:44,793 - INFO - Groq raw response:
[
  "I've been fascinated by the concept of 'beginner's luck' in AI content creation.\nWhat if I told you it's not just luck, but a mindset?",
  "I've been studying the most successful AI creators.\nAnd found a surprising common thread: they all started with a 'blank slate' mindset.",
  "No preconceptions, no expectations.\nJust a willingness to learn and experiment.",
  "This mindset allows them to take risks, to try new things.\nAnd to create something truly unique and innovative.",
  "I'm still trying to understand how to apply this mindset.\nTo my own work, and to help others do the same."
]
2026-07-08 12:30:44,794 - INFO - âœ… Unique thread found (hash: aac7368d...)
2026-07-08 12:30:44,794 - INFO - ðŸ“ Generated 5 posts:
2026-07-08 12:30:44,794 - INFO - --- Post 1 ---
I've been fascinated by the concept of 'beginner's luck' in AI content creation.
What if I told you it's not just luck, but a mindset?
2026-07-08 12:30:44,794 - INFO - --- Post 2 ---
I've been studying the most successful AI creators.
And found a surprising common thread: they all started with a 'blank slate' mindset.
2026-07-08 12:30:44,794 - INFO - --- Post 3 ---
No preconceptions, no expectations.
Just a willingness to learn and experiment.
2026-07-08 12:30:44,794 - INFO - --- Post 4 ---
This mindset allows them to take risks, to try new things.
And to create something truly unique and innovative.
2026-07-08 12:30:44,794 - INFO - --- Post 5 ---
I'm still trying to understand how to apply this mindset.
To my own work, and to help others do the same.
2026-07-08 12:30:46,180 - INFO - ðŸŽ¨ Cover image prompt: In a serene, minimalist studio with a polished concrete floor and walls adorned with sparse, natural textures, a young artist sits cross-legged on a plush, cream-coloured rug, surrounded by an array of art supplies and empty canvases. The main subject, the artist, is poised with a contemplative expression, eyes cast downward, and hands gently cradling a blank, unblemished canvas. The setting is bathed in a soft, diffused light that pours in through a large, wet glass window, casting minimal shadows and imbuing the space with a sense of hope and possibility. The colour palette is predominantly monochromatic, with subtle hints of warm beige and pale grey, evoking a sense of clarity and simplicity. The camera angle is a low, intimate shot, looking up at the artist from a slight angle, as if to convey a sense of quiet empowerment. The atmosphere is tranquil, yet filled with an undercurrent of creative tension, as if the artist is on the cusp of a breakthrough. The style hint is that of a serene, oil painting, with delicate brushstrokes and subtle texture, inviting the viewer to step into the peaceful, meditative world of the artist. The overall mood is one of anticipation and promise, as if the blank canvas represents a threshold to a new world of possibilities, waiting to be explored and brought to life.
2026-07-08 12:30:48,129 - INFO - ðŸ–¼ï¸  Saved cover image to images/de2d1e2df096e6ba.jpg
2026-07-08 12:30:49,382 - INFO - ðŸ“¤ Pushed images/de2d1e2df096e6ba.jpg to GitHub.
2026-07-08 12:30:49,533 - INFO - ðŸŒ Public image URL: https://raw.githubusercontent.com/creatoracademyar-code/threads-bot/main/images/de2d1e2df096e6ba.jpg
2026-07-08 12:30:49,535 - INFO - Scheduling for: 2026-07-08T17:47:49.535446Z UTC
2026-07-08 12:30:50,382 - INFO - âœ… Thread scheduled successfully! Buffer Post ID: 6a4e42fadd134f1a01b0a990
2026-07-08 12:30:50,383 - INFO - ðŸ’¾ Updated posted_threads.json
2026-07-08 12:30:50,383 - INFO - âœ… Run completed.


============================================================
  NEW RUN  2026-07-08T18:30:45.912670
============================================================
2026-07-08 18:30:45,912 - INFO - ðŸš€ Starting automation run
2026-07-08 18:30:45,913 - INFO - ðŸ“š Found 20 previously posted threads.
2026-07-08 18:30:45,913 - INFO - ðŸ“ Will send 20 recent threads to Groq for avoidance.
2026-07-08 18:30:45,913 - INFO - ðŸ”„ Attempt 1/10 to generate a unique thread.
2026-07-08 18:30:46,887 - INFO - Groq raw response:
[
  "I've been studying the most successful AI creators.",
  "One thing stands out: their ability to simplify complex ideas.",
  "But what if I told you it's not just about dumbing down the tech?",
  "It's about creating a sense of clarity, of focus.",
  "I'm still trying to understand the art of simplification."
]
2026-07-08 18:30:46,888 - INFO - âœ… Unique thread found (hash: a626fbf3...)
2026-07-08 18:30:46,888 - INFO - ðŸ“ Generated 5 posts:
2026-07-08 18:30:46,889 - INFO - --- Post 1 ---
I've been studying the most successful AI creators.
2026-07-08 18:30:46,889 - INFO - --- Post 2 ---
One thing stands out: their ability to simplify complex ideas.
2026-07-08 18:30:46,889 - INFO - --- Post 3 ---
But what if I told you it's not just about dumbing down the tech?
2026-07-08 18:30:46,889 - INFO - --- Post 4 ---
It's about creating a sense of clarity, of focus.
2026-07-08 18:30:46,889 - INFO - --- Post 5 ---
I'm still trying to understand the art of simplification.
2026-07-08 18:30:48,387 - INFO - ðŸŽ¨ Cover image prompt: A lone figure sits at a rustic wooden desk, surrounded by stacks of old books and scattered papers, in a cozy, dimly lit library with tall, vaulted ceilings and rows of towering bookshelves that stretch up to the sky. The atmosphere is one of contemplative silence, with soft, warm light spilling in through a large, arched window, casting long, gentle shadows across the room. The colour palette is muted, with earthy tones of brown, beige, and grey, punctuated by the occasional splash of rich, emerald green from the leather-bound tomes. The lighting is diffused, with a subtle glow emanating from a single, ornate desk lamp, its metal surface worn to a soft, golden sheen. The camera angle is a low, intimate close-up, looking up at the figure from a slight angle, as if peeking over the edge of the desk. The texture of the wooden desk and the rough, stone walls adds a sense of tactile, organic depth to the scene, while the soft, whispery folds of the figure's clothing invite the viewer to lean in, as if sharing a quiet confidence. The style hint is one of cinematic realism, with a slight, dreamy softness to the focus, as if the entire scene is being viewed through a veil of quiet, contemplative thought. The figure's face is tilted downward, lost in thought, with a look of serene, focused intensity, as if on the cusp of a profound realization.
2026-07-08 18:30:49,990 - INFO - ðŸ–¼ï¸  Saved cover image to images/a72172e5f09cd425.jpg
2026-07-08 18:30:51,265 - INFO - ðŸ“¤ Pushed images/a72172e5f09cd425.jpg to GitHub.
2026-07-08 18:30:51,447 - INFO - ðŸŒ Public image URL: https://raw.githubusercontent.com/creatoracademyar-code/threads-bot/main/images/a72172e5f09cd425.jpg
2026-07-08 18:30:51,449 - INFO - Scheduling for: 2026-07-08T23:47:51.449439Z UTC
2026-07-08 18:30:52,276 - INFO - âœ… Thread scheduled successfully! Buffer Post ID: 6a4e975c6234de2bf23b31fe
2026-07-08 18:30:52,276 - INFO - ðŸ’¾ Updated posted_threads.json
2026-07-08 18:30:52,277 - INFO - âœ… Run completed.


============================================================
  NEW RUN  2026-07-09T00:30:41.788767
============================================================
2026-07-09 00:30:41,788 - INFO - ðŸš€ Starting automation run
2026-07-09 00:30:41,789 - INFO - ðŸ“š Found 21 previously posted threads.
2026-07-09 00:30:41,789 - INFO - ðŸ“ Will send 20 recent threads to Groq for avoidance.
2026-07-09 00:30:41,789 - INFO - ðŸ”„ Attempt 1/10 to generate a unique thread.
2026-07-09 00:30:43,124 - INFO - Groq raw response:
[
  "I've been noticing a strange phenomenon.\nAI creators who focus on 'authenticity' are gaining traction.",
  "But what does authenticity mean in the context of AI?\nIs it about being raw, unedited, and honest?",
  "I've been studying the most successful AI creators.\nAnd found a surprising common thread: they all have a 'personal truth'.",
  "A unique perspective that shines through their content.\nAnd resonates with their audience on a deeper level.",
  "I'm still trying to understand how to apply this concept.\nTo create content that feels authentic, yet still engaging and informative."
]
2026-07-09 00:30:43,125 - INFO - âœ… Unique thread found (hash: 558c5bc1...)
2026-07-09 00:30:43,126 - INFO - ðŸ“ Generated 5 posts:
2026-07-09 00:30:43,126 - INFO - --- Post 1 ---
I've been noticing a strange phenomenon.
AI creators who focus on 'authenticity' are gaining traction.
2026-07-09 00:30:43,126 - INFO - --- Post 2 ---
But what does authenticity mean in the context of AI?
Is it about being raw, unedited, and honest?
2026-07-09 00:30:43,126 - INFO - --- Post 3 ---
I've been studying the most successful AI creators.
And found a surprising common thread: they all have a 'personal truth'.
2026-07-09 00:30:43,126 - INFO - --- Post 4 ---
A unique perspective that shines through their content.
And resonates with their audience on a deeper level.
2026-07-09 00:30:43,126 - INFO - --- Post 5 ---
I'm still trying to understand how to apply this concept.
To create content that feels authentic, yet still engaging and informative.
2026-07-09 00:30:44,252 - INFO - ðŸŽ¨ Cover image prompt: In a dimly lit, rustic studio with exposed brick walls and wooden beams, a lone figure sits at a worn, wooden desk, surrounded by scattered papers, empty coffee cups, and vintage computer equipment. The main subject, a young artist with a contemplative expression, is positioned in a warm, golden light that pours in through a nearby window, casting long shadows across the room. The colour palette is muted, with earthy tones of brown, beige, and grey, punctuated by the soft glow of old computer screens and the vibrant hues of scattered notes and sketches. The lighting is soft and diffused, with a slight grain to it, evoking a sense of intimacy and vulnerability. The camera angle is a close-up, looking over the artist's shoulder, as if the viewer is peeking into their private creative space. The atmosphere is serene, yet tense with anticipation, as if the artist is on the cusp of a breakthrough. The texture of the rough wood, worn leather, and cool metal adds depth and tactility to the scene, while the style hint is reminiscent of a cinematic, film-noir inspired oil painting, with bold brushstrokes and a sense of depth and dimensionality. The overall mood is one of quiet contemplation, as the artist searches for their own unique perspective and truth, amidst the chaos of creative uncertainty.
2026-07-09 00:30:45,800 - INFO - ðŸ–¼ï¸  Saved cover image to images/3f7b84d3fc7ff270.jpg
2026-07-09 00:30:46,948 - INFO - ðŸ“¤ Pushed images/3f7b84d3fc7ff270.jpg to GitHub.
2026-07-09 00:30:50,109 - INFO - Image not yet reachable (status 429), retrying...
2026-07-09 00:30:55,169 - INFO - Image not yet reachable (status 429), retrying...
2026-07-09 00:31:00,131 - INFO - ðŸŒ Public image URL: https://raw.githubusercontent.com/creatoracademyar-code/threads-bot/main/images/3f7b84d3fc7ff270.jpg
2026-07-09 00:31:00,133 - INFO - Scheduling for: 2026-07-09T05:48:00.133399Z UTC
2026-07-09 00:31:00,869 - INFO - âœ… Thread scheduled successfully! Buffer Post ID: 6a4eebc455b75a1caca783a8
2026-07-09 00:31:00,870 - INFO - ðŸ’¾ Updated posted_threads.json
2026-07-09 00:31:00,870 - INFO - âœ… Run completed.


============================================================
  NEW RUN  2026-07-09T06:30:46.675467
============================================================
2026-07-09 06:30:46,675 - INFO - ðŸš€ Starting automation run
2026-07-09 06:30:46,675 - INFO - ðŸ“š Found 22 previously posted threads.
2026-07-09 06:30:46,676 - INFO - ðŸ“ Will send 20 recent threads to Groq for avoidance.
2026-07-09 06:30:46,676 - INFO - ðŸ”„ Attempt 1/10 to generate a unique thread.
2026-07-09 06:30:48,127 - INFO - Groq raw response:
[
  "I've been studying the most successful AI creators.",
  "One thing stands out: their ability to create a sense of anticipation.",
  "They don't just release content, they build an experience.",
  "I'm still trying to understand the psychology behind this."
]
2026-07-09 06:30:48,128 - INFO - âœ… Unique thread found (hash: 54b225cc...)
2026-07-09 06:30:48,128 - INFO - ðŸ“ Generated 4 posts:
2026-07-09 06:30:48,128 - INFO - --- Post 1 ---
I've been studying the most successful AI creators.
2026-07-09 06:30:48,128 - INFO - --- Post 2 ---
One thing stands out: their ability to create a sense of anticipation.
2026-07-09 06:30:48,129 - INFO - --- Post 3 ---
They don't just release content, they build an experience.
2026-07-09 06:30:48,129 - INFO - --- Post 4 ---
I'm still trying to understand the psychology behind this.
2026-07-09 06:30:49,238 - INFO - ðŸŽ¨ Cover image prompt: In a dimly lit, futuristic laboratory, a lone figure sits at a sleek, metallic workstation, surrounded by rows of humming servers and wires. The main subject, a young woman with an intent gaze, is bathed in the soft, blue-green glow of multiple computer screens, her face illuminated by the faint light of code streaming down the monitors. The setting is a blend of industrial and technological elements, with concrete walls, polished metal accents, and a hint of neon lighting. The dominant colour palette is a cool, cyberpunk-inspired mix of blues, greens, and purples, with accents of silver and dark grey. The lighting is dramatic, with deep shadows cast across the room, and a sense of depth created by the layered screens and machinery. The camera angle is a low, wide shot, looking up at the woman from the floor, emphasizing her focus and determination. The atmosphere is one of intense concentration and anticipation, as if the woman is on the verge of a breakthrough. The texture of the scene is a mix of smooth, cool metals and the rough, industrial feel of the concrete floor, with a sense of tension and energy emanating from the wires and machinery. The style of the image is cinematic, with a hint of sci-fi and a touch of realism, as if captured in a moment of quiet intensity, just before the storm of creativity breaks.
2026-07-09 06:30:51,275 - INFO - ðŸ–¼ï¸  Saved cover image to images/971c34a6008c8b16.jpg
2026-07-09 06:30:52,365 - INFO - ðŸ“¤ Pushed images/971c34a6008c8b16.jpg to GitHub.
2026-07-09 06:30:52,485 - INFO - ðŸŒ Public image URL: https://raw.githubusercontent.com/creatoracademyar-code/threads-bot/main/images/971c34a6008c8b16.jpg
2026-07-09 06:30:52,487 - INFO - Scheduling for: 2026-07-09T11:47:52.487365Z UTC
2026-07-09 06:30:53,047 - INFO - âœ… Thread scheduled successfully! Buffer Post ID: 6a4f401c96c2f64beaff19b7
2026-07-09 06:30:53,048 - INFO - ðŸ’¾ Updated posted_threads.json
2026-07-09 06:30:53,048 - INFO - âœ… Run completed.


============================================================
  NEW RUN  2026-07-09T12:35:43.382718
============================================================
2026-07-09 12:35:43,382 - INFO - ðŸš€ Starting automation run
2026-07-09 12:35:43,383 - INFO - ðŸ“š Found 23 previously posted threads.
2026-07-09 12:35:43,383 - INFO - ðŸ“ Will send 20 recent threads to Groq for avoidance.
2026-07-09 12:35:43,383 - INFO - ðŸ”„ Attempt 1/10 to generate a unique thread.
2026-07-09 12:35:44,422 - INFO - Groq raw response:
[
  "I've been fascinated by the concept of 'hidden patterns' in AI content creation.",
  "What if I told you that the most successful AI creators are not just skilled technicians,",
  "but also masterful storytellers, weaving complex narratives that captivate and resonate?",
  "I've been studying the psychology of AI storytelling, and what I've found is surprising.",
  "The key to creating compelling AI content lies not in the tech itself, but in the emotional connection it creates."
]
2026-07-09 12:35:44,423 - INFO - âœ… Unique thread found (hash: d5e6cb3c...)
2026-07-09 12:35:44,423 - INFO - ðŸ“ Generated 5 posts:
2026-07-09 12:35:44,423 - INFO - --- Post 1 ---
I've been fascinated by the concept of 'hidden patterns' in AI content creation.
2026-07-09 12:35:44,423 - INFO - --- Post 2 ---
What if I told you that the most successful AI creators are not just skilled technicians,
2026-07-09 12:35:44,424 - INFO - --- Post 3 ---
but also masterful storytellers, weaving complex narratives that captivate and resonate?
2026-07-09 12:35:44,424 - INFO - --- Post 4 ---
I've been studying the psychology of AI storytelling, and what I've found is surprising.
2026-07-09 12:35:44,424 - INFO - --- Post 5 ---
The key to creating compelling AI content lies not in the tech itself, but in the emotional connection it creates.
2026-07-09 12:35:45,704 - INFO - ðŸŽ¨ Cover image prompt: A lone figure sits in a dimly lit, rustic library, surrounded by towering shelves of old, leather-bound books and flickering candles that cast a warm, golden glow. The room is filled with a soft, muted colour palette of earthy tones, with hints of rich wood and worn parchment. The main subject, a young woman with a look of intense focus, is seated at a wooden desk, surrounded by scattered papers, quills, and strange, glowing orbs that seem to pulse with a gentle, ethereal light. The lighting is soft and diffused, with deep shadows that add depth and mystery to the scene. The camera angle is a low, Dutch angle, looking up at the woman with a sense of reverence, as if she is a masterful storyteller weaving a spell. The atmosphere is one of serene contemplation, with a sense of hope and discovery hanging in the air. The texture of the old books and wooden desk adds a sense of rough, tactile realism to the scene, while the glowing orbs introduce a hint of futuristic, otherworldly wonder. The style of the image is reminiscent of a cinematic, oil-painted still life, with bold brushstrokes and vivid, expressive colours that seem to leap off the canvas. As the woman's hands move across the papers, her fingers leave trails of glittering, shimmering dust that seems to hold the secrets of the hidden patterns she is uncovering.
2026-07-09 12:35:47,526 - INFO - ðŸ–¼ï¸  Saved cover image to images/740999cd696961a9.jpg
2026-07-09 12:35:48,670 - INFO - ðŸ“¤ Pushed images/740999cd696961a9.jpg to GitHub.
2026-07-09 12:35:48,829 - INFO - ðŸŒ Public image URL: https://raw.githubusercontent.com/creatoracademyar-code/threads-bot/main/images/740999cd696961a9.jpg
2026-07-09 12:35:48,831 - INFO - Scheduling for: 2026-07-09T17:52:48.831112Z UTC
2026-07-09 12:35:49,621 - INFO - âœ… Thread scheduled successfully! Buffer Post ID: 6a4f95a5b3da8c61879224cb
2026-07-09 12:35:49,622 - INFO - ðŸ’¾ Updated posted_threads.json
2026-07-09 12:35:49,623 - INFO - âœ… Run completed.


============================================================
  NEW RUN  2026-07-09T18:30:37.638212
============================================================
2026-07-09 18:30:37,638 - INFO - ðŸš€ Starting automation run
2026-07-09 18:30:37,638 - INFO - ðŸ“š Found 24 previously posted threads.
2026-07-09 18:30:37,639 - INFO - ðŸ“ Will send 20 recent threads to Groq for avoidance.
2026-07-09 18:30:37,639 - INFO - ðŸ”„ Attempt 1/10 to generate a unique thread.
2026-07-09 18:30:39,349 - INFO - Groq raw response:
[
  "I've been observing a peculiar trend.",
  "AI creators who 'fail' often become the most successful.",
  "What if I told you it's not about the failure itself,",
  "But about the lessons they learn from it?"
]
2026-07-09 18:30:39,350 - INFO - âœ… Unique thread found (hash: b5fcea1d...)
2026-07-09 18:30:39,350 - INFO - ðŸ“ Generated 4 posts:
2026-07-09 18:30:39,350 - INFO - --- Post 1 ---
I've been observing a peculiar trend.
2026-07-09 18:30:39,350 - INFO - --- Post 2 ---
AI creators who 'fail' often become the most successful.
2026-07-09 18:30:39,350 - INFO - --- Post 3 ---
What if I told you it's not about the failure itself,
2026-07-09 18:30:39,350 - INFO - --- Post 4 ---
But about the lessons they learn from it?
2026-07-09 18:30:40,638 - INFO - ðŸŽ¨ Cover image prompt: In a dimly lit, rustic attic filled with old, dusty machinery and scattered blueprints, a lone figure sits amidst the chaos, surrounded by faint, golden lighting that seeps through a small, grimy window. The main subject, a young inventor with a look of contemplation, is seated on a worn, wooden stool, with a soft, warm glow emanating from a nearby, old-fashioned lantern. The colour palette is predominantly monochromatic, with shades of brown, grey, and beige, punctuated by hints of warm, golden light that dance across the inventor's face and the surrounding environment. The lighting is soft and diffused, with deep, dramatic shadows that add depth and texture to the scene. The camera angle is a low, wide shot, looking up at the inventor from a slight angle, conveying a sense of hope and determination. The atmosphere is serene, yet tense, as if the inventor is on the cusp of a major breakthrough. The texture of the old machinery and wooden beams is rough and weathered, while the lantern's metal surface is smooth and polished. The style of the image is reminiscent of a cinematic, oil painting, with bold brushstrokes and vivid, expressive colours. The overall mood is one of quiet reflection, as if the inventor is absorbing the lessons of past failures, and preparing to embark on a new, successful journey.
2026-07-09 18:30:42,545 - INFO - ðŸ–¼ï¸  Saved cover image to images/a0060ff17a3015b3.jpg
2026-07-09 18:30:43,835 - INFO - ðŸ“¤ Pushed images/a0060ff17a3015b3.jpg to GitHub.
2026-07-09 18:30:44,187 - INFO - ðŸŒ Public image URL: https://raw.githubusercontent.com/creatoracademyar-code/threads-bot/main/images/a0060ff17a3015b3.jpg
2026-07-09 18:30:44,189 - INFO - Scheduling for: 2026-07-09T23:47:44.189318Z UTC
2026-07-09 18:30:44,912 - INFO - âœ… Thread scheduled successfully! Buffer Post ID: 6a4fe8d4a05e7137e7c7becb
2026-07-09 18:30:44,913 - INFO - ðŸ’¾ Updated posted_threads.json
2026-07-09 18:30:44,913 - INFO - âœ… Run completed.


============================================================
  NEW RUN  2026-07-10T00:30:33.518692
============================================================
2026-07-10 00:30:33,518 - INFO - ðŸš€ Starting automation run
2026-07-10 00:30:33,519 - INFO - ðŸ“š Found 25 previously posted threads.
2026-07-10 00:30:33,519 - INFO - ðŸ“ Will send 20 recent threads to Groq for avoidance.
2026-07-10 00:30:33,519 - INFO - ðŸ”„ Attempt 1/10 to generate a unique thread.
2026-07-10 00:30:34,495 - INFO - Groq raw response:
[
  "I've been studying the most successful AI creators.",
  "One thing stands out: their ability to create 'micro-moments'.",
  "Small, intimate experiences that leave a lasting impact.",
  "But what if I told you it's not just about the tech or the tools?",
  "It's about understanding the psychology of human connection."
]
2026-07-10 00:30:34,496 - INFO - âœ… Unique thread found (hash: 18bd55d5...)
2026-07-10 00:30:34,496 - INFO - ðŸ“ Generated 5 posts:
2026-07-10 00:30:34,496 - INFO - --- Post 1 ---
I've been studying the most successful AI creators.
2026-07-10 00:30:34,496 - INFO - --- Post 2 ---
One thing stands out: their ability to create 'micro-moments'.
2026-07-10 00:30:34,496 - INFO - --- Post 3 ---
Small, intimate experiences that leave a lasting impact.
2026-07-10 00:30:34,496 - INFO - --- Post 4 ---
But what if I told you it's not just about the tech or the tools?
2026-07-10 00:30:34,496 - INFO - --- Post 5 ---
It's about understanding the psychology of human connection.
2026-07-10 00:30:35,636 - INFO - ðŸŽ¨ Cover image prompt: In a serene, modern laboratory, a lone figure sits amidst a clutter of wires, screens, and futuristic equipment, surrounded by large glass windows that overlook a lush, vibrant forest. The main subject, a young woman with a contemplative expression, is seated in a sleek, minimalist chair, her hands gently cradling a small, glowing orb that pulsates with a soft, warm light. The colour palette is dominated by soothing blues and whites, with accents of rich, earthy tones that reflect the natural world outside. The lighting is soft and diffused, with a hint of golden hour warmth that seeps through the windows, casting gentle shadows across the woman's face and the surrounding environment. The camera angle is a thoughtful, low-angle shot, looking up at the woman with a sense of reverence, as if to emphasize her connection to the technology and the natural world. The atmosphere is one of quiet introspection, with a sense of hope and possibility that permeates the scene. The texture of the woman's clothing and the materials that surround her - smooth glass, polished metal, and rough-hewn wood - add depth and tactility to the image. The style is cinematic and photorealistic, with a hint of subtlety and restraint that invites the viewer to reflect on the psychology of human connection.
2026-07-10 00:30:37,577 - INFO - ðŸ–¼ï¸  Saved cover image to images/b5a6ad5939ab5838.jpg
2026-07-10 00:30:38,885 - INFO - ðŸ“¤ Pushed images/b5a6ad5939ab5838.jpg to GitHub.
2026-07-10 00:30:39,029 - INFO - ðŸŒ Public image URL: https://raw.githubusercontent.com/creatoracademyar-code/threads-bot/main/images/b5a6ad5939ab5838.jpg
2026-07-10 00:30:39,030 - INFO - Scheduling for: 2026-07-10T05:47:39.030713Z UTC
2026-07-10 00:30:39,589 - INFO - âœ… Thread scheduled successfully! Buffer Post ID: 6a503d2ff50a99bddccbf370
2026-07-10 00:30:39,590 - INFO - ðŸ’¾ Updated posted_threads.json
2026-07-10 00:30:39,590 - INFO - âœ… Run completed.


============================================================
  NEW RUN  2026-07-10T06:30:32.059871
============================================================
2026-07-10 06:30:32,059 - INFO - ðŸš€ Starting automation run
2026-07-10 06:30:32,060 - INFO - ðŸ“š Found 26 previously posted threads.
2026-07-10 06:30:32,060 - INFO - ðŸ“ Will send 20 recent threads to Groq for avoidance.
2026-07-10 06:30:32,060 - INFO - ðŸ”„ Attempt 1/10 to generate a unique thread.
2026-07-10 06:30:33,113 - INFO - Groq raw response:
[
  "I've been studying the most successful AI creators.\nOne thing stands out: their ability to create 'emotional echoes'.",
  "They don't just create content, they craft experiences.\nThat linger long after the initial engagement.",
  "I've been trying to understand the psychology behind this.\nAnd what I've found is surprising.",
  "It's not about the tech or the tools, but about\nUnderstanding the human heart.",
  "I'll probably expand on this later.\nBut for now, I'm still unraveling the mystery."
]
2026-07-10 06:30:33,114 - INFO - âœ… Unique thread found (hash: a916c7d4...)
2026-07-10 06:30:33,114 - INFO - ðŸ“ Generated 5 posts:
2026-07-10 06:30:33,115 - INFO - --- Post 1 ---
I've been studying the most successful AI creators.
One thing stands out: their ability to create 'emotional echoes'.
2026-07-10 06:30:33,115 - INFO - --- Post 2 ---
They don't just create content, they craft experiences.
That linger long after the initial engagement.
2026-07-10 06:30:33,115 - INFO - --- Post 3 ---
I've been trying to understand the psychology behind this.
And what I've found is surprising.
2026-07-10 06:30:33,115 - INFO - --- Post 4 ---
It's not about the tech or the tools, but about
Understanding the human heart.
2026-07-10 06:30:33,115 - INFO - --- Post 5 ---
I'll probably expand on this later.
But for now, I'm still unraveling the mystery.
2026-07-10 06:30:34,529 - INFO - ðŸŽ¨ Cover image prompt: In a dimly lit, minimalist studio with walls lined with old, leather-bound books and faint, golden accents, a lone figure sits at a wooden desk, surrounded by scattered papers, empty coffee cups, and a few, flickering candles. The main subject, a young, introspective woman with a look of quiet contemplation, leans back in her chair, eyes cast upward, lost in thought, as if unraveling the threads of a complex puzzle. The setting is warm and intimate, with a distinct colour palette of muted, earthy tones - soft browns, creamy whites, and rich, velvety blacks - that evoke a sense of comfort and nostalgia. The lighting is soft and diffused, with the candles casting a warm, gentle glow on the woman's face, while the rest of the room is bathed in a subtle, crepuscular light, as if the sun has just set outside. The camera angle is a low, introspective shot, looking up at the woman from a slightly crouched position, which creates a sense of vulnerability and empathy. The atmosphere is serene and contemplative, with a sense of quiet intensity, as if the woman is on the verge of a profound discovery. The texture of the old books, the rough wood of the desk, and the smooth, cool glass of the coffee cups add a tactile quality to the scene, while the overall style hint is that of a cinematic, oil painting-inspired still life, with bold, expressive brushstrokes and a deep, rich colour palette. The woman's face, with its subtle, furrowed brow and parted lips, is the focal point of the image, inviting the viewer to step into her quiet, introspective world.
2026-07-10 06:30:36,105 - INFO - ðŸ–¼ï¸  Saved cover image to images/a0a77e91d613f689.jpg
2026-07-10 06:30:37,280 - INFO - ðŸ“¤ Pushed images/a0a77e91d613f689.jpg to GitHub.
2026-07-10 06:30:37,430 - INFO - ðŸŒ Public image URL: https://raw.githubusercontent.com/creatoracademyar-code/threads-bot/main/images/a0a77e91d613f689.jpg
2026-07-10 06:30:37,432 - INFO - Scheduling for: 2026-07-10T11:47:37.432288Z UTC
2026-07-10 06:30:37,992 - INFO - âœ… Thread scheduled successfully! Buffer Post ID: 6a50918df50a99bddcce7274
2026-07-10 06:30:37,993 - INFO - ðŸ’¾ Updated posted_threads.json
2026-07-10 06:30:37,993 - INFO - âœ… Run completed.


============================================================
  NEW RUN  2026-07-10T12:30:37.306281
============================================================
2026-07-10 12:30:37,306 - INFO - ðŸš€ Starting automation run
2026-07-10 12:30:37,306 - INFO - ðŸ“š Found 27 previously posted threads.
2026-07-10 12:30:37,307 - INFO - ðŸ“ Will send 20 recent threads to Groq for avoidance.
2026-07-10 12:30:37,307 - INFO - ðŸ”„ Attempt 1/10 to generate a unique thread.
2026-07-10 12:30:38,624 - INFO - Groq raw response:
[
  "I've been noticing a pattern in AI content creation.",
  "It's not about the tech, but the 'human variable'.",
  "What if I told you that the most successful AI creators",
  "Are not just skilled technicians, but also master observers?",
  "I've been studying their approach, and what I've found is surprising."
]
2026-07-10 12:30:38,625 - INFO - âœ… Unique thread found (hash: 8a4b15d4...)
2026-07-10 12:30:38,626 - INFO - ðŸ“ Generated 5 posts:
2026-07-10 12:30:38,626 - INFO - --- Post 1 ---
I've been noticing a pattern in AI content creation.
2026-07-10 12:30:38,626 - INFO - --- Post 2 ---
It's not about the tech, but the 'human variable'.
2026-07-10 12:30:38,626 - INFO - --- Post 3 ---
What if I told you that the most successful AI creators
2026-07-10 12:30:38,626 - INFO - --- Post 4 ---
Are not just skilled technicians, but also master observers?
2026-07-10 12:30:38,626 - INFO - --- Post 5 ---
I've been studying their approach, and what I've found is surprising.
2026-07-10 12:30:41,042 - INFO - ðŸŽ¨ Cover image prompt: A lone figure sits in a dimly lit, rustic study, surrounded by stacks of old books and scattered papers, with a warm, golden light spilling in through a small, circular window. The subject, a young woman with a curious expression, is positioned in the centre of the room, leaning forward in a worn, leather armchair, her hands clasped together in contemplation. The colour palette is dominated by earthy tones, with shades of brown, beige, and soft green, evoking a sense of nostalgia and intellectual pursuit. The lighting is soft and diffused, with deep shadows cast across the room, adding a sense of depth and mystery. The camera angle is a low, Dutch angle, looking up at the subject, which creates a sense of tension and intrigue. The atmosphere is one of quiet contemplation, with a hint of excitement and discovery, as if the subject is on the verge of uncovering a hidden truth. The texture of the old books, rough stone walls, and polished wood furniture adds a sense of tactility to the scene, while the style is reminiscent of a cinematic, film noir oil painting, with bold brushstrokes and vivid colours. The overall mood is one of hopeful anticipation, as if the subject is poised to unlock the secrets of the "human variable" and harness its power to create something new and innovative.
2026-07-10 12:30:42,970 - INFO - ðŸ–¼ï¸  Saved cover image to images/10e2db9ed61560bb.jpg
2026-07-10 12:30:44,402 - INFO - ðŸ“¤ Pushed images/10e2db9ed61560bb.jpg to GitHub.
2026-07-10 12:30:44,683 - INFO - ðŸŒ Public image URL: https://raw.githubusercontent.com/creatoracademyar-code/threads-bot/main/images/10e2db9ed61560bb.jpg
2026-07-10 12:30:44,685 - INFO - Scheduling for: 2026-07-10T17:47:44.685094Z UTC
2026-07-10 12:30:45,634 - INFO - âœ… Thread scheduled successfully! Buffer Post ID: 6a50e5f5078f7fe9462278f0
2026-07-10 12:30:45,635 - INFO - ðŸ’¾ Updated posted_threads.json
2026-07-10 12:30:45,635 - INFO - âœ… Run completed.


============================================================
  NEW RUN  2026-07-10T18:30:35.639688
============================================================
2026-07-10 18:30:35,639 - INFO - ðŸš€ Starting automation run
2026-07-10 18:30:35,640 - INFO - ðŸ“š Found 28 previously posted threads.
2026-07-10 18:30:35,640 - INFO - ðŸ“ Will send 20 recent threads to Groq for avoidance.
2026-07-10 18:30:35,640 - INFO - ðŸ”„ Attempt 1/10 to generate a unique thread.
2026-07-10 18:30:36,761 - INFO - Groq raw response:
[
  "I've been fascinated by the concept of 'digital scarcity' in AI content creation.",
  "What if I told you that the most successful AI creators are not just skilled technicians,",
  "But also masters of creating a sense of exclusivity and rarity around their content?",
  "I've been studying the psychology of digital scarcity, and what I've found is surprising.",
  "It's not just about limiting access, but about creating a sense of anticipation and desire."
]
2026-07-10 18:30:36,762 - INFO - âœ… Unique thread found (hash: 8ddd7041...)
2026-07-10 18:30:36,762 - INFO - ðŸ“ Generated 5 posts:
2026-07-10 18:30:36,762 - INFO - --- Post 1 ---
I've been fascinated by the concept of 'digital scarcity' in AI content creation.
2026-07-10 18:30:36,763 - INFO - --- Post 2 ---
What if I told you that the most successful AI creators are not just skilled technicians,
2026-07-10 18:30:36,763 - INFO - --- Post 3 ---
But also masters of creating a sense of exclusivity and rarity around their content?
2026-07-10 18:30:36,763 - INFO - --- Post 4 ---
I've been studying the psychology of digital scarcity, and what I've found is surprising.
2026-07-10 18:30:36,763 - INFO - --- Post 5 ---
It's not just about limiting access, but about creating a sense of anticipation and desire.
2026-07-10 18:30:37,996 - INFO - ðŸŽ¨ Cover image prompt: A lone figure, shrouded in mist, stands at the edge of a sleek, modern laboratory, surrounded by rows of humming servers and flickering screens that cast a cool, blue-green glow. The setting is a blend of futuristic and industrial, with polished metal and glass surfaces reflecting the dim, golden light that seeps through the mist. The colour palette is predominantly monochromatic, with shades of grey, silver, and blue, punctuated by bursts of vibrant, electric blue that emanate from the screens. The lighting is soft and diffused, with deep shadows that add depth and mystery to the scene. The camera angle is low and wide, looking up at the figure, who is gazing out at the viewer with an enigmatic expression. The atmosphere is one of quiet anticipation, as if the figure is waiting for something to emerge from the mist. The texture of the scene is a mix of smooth, polished surfaces and rough, industrial materials, such as concrete and steel. The style of the image is cinematic, with a hint of sci-fi and a touch of surrealism, as if the scene is a dreamscape or a vision of a future world. The figure's clothing is sleek and modern, with a subtle sheen that suggests advanced materials and technology. The overall mood is one of intrigue and curiosity, inviting the viewer to step into the misty, high-tech world and uncover its secrets.
2026-07-10 18:30:40,822 - INFO - ðŸ–¼ï¸  Saved cover image to images/3a2ac391038f84eb.jpg
2026-07-10 18:30:42,283 - INFO - ðŸ“¤ Pushed images/3a2ac391038f84eb.jpg to GitHub.
2026-07-10 18:30:42,542 - INFO - ðŸŒ Public image URL: https://raw.githubusercontent.com/creatoracademyar-code/threads-bot/main/images/3a2ac391038f84eb.jpg
2026-07-10 18:30:42,544 - INFO - Scheduling for: 2026-07-10T23:47:42.544956Z UTC
2026-07-10 18:30:43,282 - INFO - âœ… Thread scheduled successfully! Buffer Post ID: 6a513a533e68ff0f8dc02388
2026-07-10 18:30:43,283 - INFO - ðŸ’¾ Updated posted_threads.json
2026-07-10 18:30:43,283 - INFO - âœ… Run completed.


============================================================
  NEW RUN  2026-07-11T00:30:38.832998
============================================================
2026-07-11 00:30:38,833 - INFO - ðŸš€ Starting automation run
2026-07-11 00:30:38,833 - INFO - ðŸ“š Found 29 previously posted threads.
2026-07-11 00:30:38,833 - INFO - ðŸ“ Will send 20 recent threads to Groq for avoidance.
2026-07-11 00:30:38,833 - INFO - ðŸ”„ Attempt 1/10 to generate a unique thread.
2026-07-11 00:30:40,426 - INFO - Groq raw response:
[
  "I've been wondering: what if the key to AI success lies not in the code, but in the creator's mindset?",
  "I started studying the most successful AI creators and found a surprising common thread: they all have a 'creative constraint'.",
  "They don't try to do everything, but instead focus on one thing and do it exceptionally well.",
  "This constraint sparks innovation, forces them to think outside the box, and leads to unique breakthroughs.",
  "Now I'm curious: what would happen if we applied this principle to our own work?"
]
2026-07-11 00:30:40,427 - INFO - âœ… Unique thread found (hash: 63b0f7d7...)
2026-07-11 00:30:40,427 - INFO - ðŸ“ Generated 5 posts:
2026-07-11 00:30:40,427 - INFO - --- Post 1 ---
I've been wondering: what if the key to AI success lies not in the code, but in the creator's mindset?
2026-07-11 00:30:40,427 - INFO - --- Post 2 ---
I started studying the most successful AI creators and found a surprising common thread: they all have a 'creative constraint'.
2026-07-11 00:30:40,428 - INFO - --- Post 3 ---
They don't try to do everything, but instead focus on one thing and do it exceptionally well.
2026-07-11 00:30:40,428 - INFO - --- Post 4 ---
This constraint sparks innovation, forces them to think outside the box, and leads to unique breakthroughs.
2026-07-11 00:30:40,428 - INFO - --- Post 5 ---
Now I'm curious: what would happen if we applied this principle to our own work?
2026-07-11 00:30:41,842 - INFO - ðŸŽ¨ Cover image prompt: In a serene, minimalist studio with polished concrete floors and walls lined with towering, frosted glass windows, a lone figure sits at a sleek, metallic desk, surrounded by scattered notes and empty coffee cups. The main subject, a young, contemplative woman with a look of focused determination, leans forward, her hands clasped together as she gazes intensely at a small, intricately carved wooden puzzle box in front of her. The colour palette is predominantly monochromatic, with subtle hints of warm, golden light seeping through the windows, casting long, gentle shadows across the space. Soft, diffused lighting illuminates the scene, with a few strategically placed spotlights accentuating the textures of the materials, from the smooth, cool metal of the desk to the rough, organic wood of the puzzle box. The camera angle is a low, Dutch-angle shot, looking up at the woman from beneath, conveying a sense of tension and creative struggle. The atmosphere is one of hopeful, anticipatory silence, as if the woman is on the cusp of a breakthrough. The style hint is cinematic, with a slight oil-painting quality to the textures and lighting, inviting the viewer to step into the contemplative, creative world of the subject. In the background, blurred and out of focus, a sprawling, futuristic cityscape stretches towards the horizon, a reminder of the vast, unexplored possibilities waiting to be unlocked by the power of creative constraint.
2026-07-11 00:30:43,147 - INFO - ðŸ–¼ï¸  Saved cover image to images/613b1fff40119469.jpg
2026-07-11 00:30:44,505 - INFO - ðŸ“¤ Pushed images/613b1fff40119469.jpg to GitHub.
2026-07-11 00:30:44,685 - INFO - ðŸŒ Public image URL: https://raw.githubusercontent.com/creatoracademyar-code/threads-bot/main/images/613b1fff40119469.jpg
2026-07-11 00:30:44,687 - INFO - Scheduling for: 2026-07-11T05:47:44.687718Z UTC
2026-07-11 00:30:45,607 - INFO - âœ… Thread scheduled successfully! Buffer Post ID: 6a518eb5c4586a8dc99b6d63
2026-07-11 00:30:45,608 - INFO - ðŸ’¾ Updated posted_threads.json
2026-07-11 00:30:45,608 - INFO - âœ… Run completed.


============================================================
  NEW RUN  2026-07-11T06:32:29.851588
============================================================
2026-07-11 06:32:29,851 - INFO - ðŸš€ Starting automation run
2026-07-11 06:32:29,851 - INFO - ðŸ“š Found 30 previously posted threads.
2026-07-11 06:32:29,852 - INFO - ðŸ“ Will send 20 recent threads to Groq for avoidance.
2026-07-11 06:32:29,852 - INFO - ðŸ”„ Attempt 1/10 to generate a unique thread.
2026-07-11 06:32:31,165 - INFO - Groq raw response:
[
  "I've been noticing a strange paradox in AI content creation.\nWhat if the most successful creators are not the ones with the most skills, but the ones with the most 'gaps'?",
  "I've been studying the most successful AI creators and found a surprising common thread:\nThey all have a 'blind spot' that fuels their creativity.",
  "It's not about being perfect, but about being aware of their limitations.\nAnd using those limitations to create something unique and innovative.",
  "I'm still trying to understand the psychology behind this.\nAnd how to apply it to my own work, without trying to force it."
]
2026-07-11 06:32:31,166 - INFO - âœ… Unique thread found (hash: ac3b7a29...)
2026-07-11 06:32:31,166 - INFO - ðŸ“ Generated 4 posts:
2026-07-11 06:32:31,166 - INFO - --- Post 1 ---
I've been noticing a strange paradox in AI content creation.
What if the most successful creators are not the ones with the most skills, but the ones with the most 'gaps'?
2026-07-11 06:32:31,166 - INFO - --- Post 2 ---
I've been studying the most successful AI creators and found a surprising common thread:
They all have a 'blind spot' that fuels their creativity.
2026-07-11 06:32:31,166 - INFO - --- Post 3 ---
It's not about being perfect, but about being aware of their limitations.
And using those limitations to create something unique and innovative.
2026-07-11 06:32:31,166 - INFO - --- Post 4 ---
I'm still trying to understand the psychology behind this.
And how to apply it to my own work, without trying to force it.
2026-07-11 06:32:32,382 - INFO - ðŸŽ¨ Cover image prompt: A lone figure sits at a wooden desk, surrounded by scattered papers, scribbled notes, and empty tea cups, in a cozy, dimly lit study with walls lined with old books and a large window that gazes out onto a misty, moonlit forest. The room is bathed in a warm, golden light, with soft shadows dancing across the walls, and a few stray rays of moonlight peeking through the window to illuminate the subject's introspective face. The colour palette is muted, with earthy tones of brown, beige, and grey, punctuated by the occasional splash of vibrant colour from a highlighted note or a scattered paint swatch. The overall atmosphere is one of serene contemplation, as if the figure is lost in thought, pondering the paradox of creativity and imperfection. The camera angle is a close-up, looking over the figure's shoulder, with a shallow depth of field that blurs the background and emphasizes the subject's furrowed brow and scribbling hand. The style is reminiscent of a warm, oil painting, with thick brushstrokes and textured layers that evoke a sense of rough, handmade craftsmanship. The figure's clothing is rumpled and comfortable, with a soft, woolen sweater and a pair of worn, corduroy pants, and their hair is messy and unkempt, as if they've been sitting at the desk for hours, lost in thought. The texture of the wooden desk and the rough, stone walls adds a sense of tactile, organic depth to the scene, while the soft, diffused light and the muted colours create a sense of dreamy, ethereal wonder.
2026-07-11 06:32:33,956 - INFO - ðŸ–¼ï¸  Saved cover image to images/ece97c557458582b.jpg
2026-07-11 06:32:35,056 - INFO - ðŸ“¤ Pushed images/ece97c557458582b.jpg to GitHub.
2026-07-11 06:32:35,206 - INFO - ðŸŒ Public image URL: https://raw.githubusercontent.com/creatoracademyar-code/threads-bot/main/images/ece97c557458582b.jpg
2026-07-11 06:32:35,208 - INFO - Scheduling for: 2026-07-11T11:49:35.208262Z UTC
2026-07-11 06:32:35,995 - INFO - âœ… Thread scheduled successfully! Buffer Post ID: 6a51e3835e5a2e39df9e6d27
2026-07-11 06:32:35,996 - INFO - ðŸ’¾ Updated posted_threads.json
2026-07-11 06:32:35,996 - INFO - âœ… Run completed.


============================================================
  NEW RUN  2026-07-11T12:30:36.514966
============================================================
2026-07-11 12:30:36,515 - INFO - ðŸš€ Starting automation run
2026-07-11 12:30:36,515 - INFO - ðŸ“š Found 31 previously posted threads.
2026-07-11 12:30:36,515 - INFO - ðŸ“ Will send 20 recent threads to Groq for avoidance.
2026-07-11 12:30:36,515 - INFO - ðŸ”„ Attempt 1/10 to generate a unique thread.
2026-07-11 12:30:37,843 - INFO - Groq raw response:
[
  "I've been studying the most successful AI creators.\nOne thing stands out: their ability to create 'mental models'.",
  "These models help them navigate the complex world of AI.\nAnd make decisions that seem almost intuitive.",
  "But what if I told you that these models are not just about AI?\nThey're about understanding human behavior, too.",
  "I've been trying to reverse-engineer these models.\nTo understand the psychology behind them.",
  "And what I've found is surprising.\nIt's not about being a tech expert, but about being a student of human nature."
]
2026-07-11 12:30:37,844 - INFO - âœ… Unique thread found (hash: 11281a7b...)
2026-07-11 12:30:37,844 - INFO - ðŸ“ Generated 5 posts:
2026-07-11 12:30:37,844 - INFO - --- Post 1 ---
I've been studying the most successful AI creators.
One thing stands out: their ability to create 'mental models'.
2026-07-11 12:30:37,844 - INFO - --- Post 2 ---
These models help them navigate the complex world of AI.
And make decisions that seem almost intuitive.
2026-07-11 12:30:37,844 - INFO - --- Post 3 ---
But what if I told you that these models are not just about AI?
They're about understanding human behavior, too.
2026-07-11 12:30:37,844 - INFO - --- Post 4 ---
I've been trying to reverse-engineer these models.
To understand the psychology behind them.
2026-07-11 12:30:37,844 - INFO - --- Post 5 ---
And what I've found is surprising.
It's not about being a tech expert, but about being a student of human nature.
2026-07-11 12:30:39,253 - INFO - ðŸŽ¨ Cover image prompt: In a dimly lit, rustic study, a lone figure sits at a wooden desk, surrounded by piles of dusty, leather-bound books and scattered papers. The main subject is a young, introspective woman with a look of determined curiosity, her face illuminated by the soft, warm glow of a desk lamp. The setting is a blend of traditional and modern elements, with vintage furnishings and state-of-the-art computer equipment seamlessly integrated into the space. The colour palette is dominated by muted, earthy tones, with hints of rich, dark wood and the faint, blue-grey glow of a computer screen. The lighting is intimate and immersive, with deep shadows cast across the woman's face and the surrounding environment, creating a sense of quiet contemplation. The camera angle is a close, low-angle shot, looking up at the woman as she ponders the complexities of human psychology and artificial intelligence, her eyes narrowed in concentration. The atmosphere is one of serene, focused intensity, as if the woman is on the cusp of a profound discovery. The texture of the wooden desk and the rough, stone walls of the study add a sense of tactile, organic depth to the scene, while the smooth, polished surface of the computer equipment provides a sleek, modern contrast. The style of the image is reminiscent of a cinematic, oil painting, with bold, expressive brushstrokes and a deep, rich colour palette that draws the viewer into the quiet, introspective world of the study.
2026-07-11 12:30:41,216 - INFO - ðŸ–¼ï¸  Saved cover image to images/e36e53ce65bc8044.jpg
2026-07-11 12:30:42,875 - INFO - ðŸ“¤ Pushed images/e36e53ce65bc8044.jpg to GitHub.
2026-07-11 12:30:43,136 - INFO - ðŸŒ Public image URL: https://raw.githubusercontent.com/creatoracademyar-code/threads-bot/main/images/e36e53ce65bc8044.jpg
2026-07-11 12:30:43,138 - INFO - Scheduling for: 2026-07-11T17:47:43.138575Z UTC
2026-07-11 12:30:44,043 - INFO - âœ… Thread scheduled successfully! Buffer Post ID: 6a523773c4b9e094adffbab3
2026-07-11 12:30:44,044 - INFO - ðŸ’¾ Updated posted_threads.json
2026-07-11 12:30:44,044 - INFO - âœ… Run completed.


============================================================
  NEW RUN  2026-07-11T18:30:33.605041
============================================================
2026-07-11 18:30:33,605 - INFO - ðŸš€ Starting automation run
2026-07-11 18:30:33,605 - INFO - ðŸ“š Found 32 previously posted threads.
2026-07-11 18:30:33,605 - INFO - ðŸ“ Will send 20 recent threads to Groq for avoidance.
2026-07-11 18:30:33,605 - INFO - ðŸ”„ Attempt 1/10 to generate a unique thread.
2026-07-11 18:30:35,084 - INFO - Groq raw response:
[
  "I've been observing a fascinating trend in AI business.",
  "Successful AI entrepreneurs often have a 'secret asset' that sets them apart.",
  "It's not their tech, not their funding, but something more intangible.",
  "I've been trying to put my finger on what this asset is, and I think I've found it.",
  "It's their ability to craft a compelling 'narrative of purpose'."
]
2026-07-11 18:30:35,085 - INFO - âœ… Unique thread found (hash: 2f0463c3...)
2026-07-11 18:30:35,085 - INFO - ðŸ“ Generated 5 posts:
2026-07-11 18:30:35,085 - INFO - --- Post 1 ---
I've been observing a fascinating trend in AI business.
2026-07-11 18:30:35,085 - INFO - --- Post 2 ---
Successful AI entrepreneurs often have a 'secret asset' that sets them apart.
2026-07-11 18:30:35,085 - INFO - --- Post 3 ---
It's not their tech, not their funding, but something more intangible.
2026-07-11 18:30:35,085 - INFO - --- Post 4 ---
I've been trying to put my finger on what this asset is, and I think I've found it.
2026-07-11 18:30:35,085 - INFO - --- Post 5 ---
It's their ability to craft a compelling 'narrative of purpose'.
2026-07-11 18:30:36,445 - INFO - ðŸŽ¨ Cover image prompt: A lone figure stands at the edge of a misty, moonlit lake, surrounded by towering trees that stretch towards the sky like nature's own cathedral. The air is filled with an ethereal, soft blue-grey mist that shrouds the landscape, evoking a sense of mystery and intrigue. The figure, silhouetted against the faint, lunar glow, is dressed in a long, flowing coat with a subtle sheen, suggesting a blend of elegance and wisdom. The colour palette is predominantly cool, with shades of indigo, silver, and pale blue, punctuated by the warm, golden light of a lantern held by the figure. The lantern's gentle glow casts a sense of hope and guidance, illuminating the misty path ahead. The camera angle is low, looking up at the figure, which conveys a sense of reverence and admiration. The atmosphere is serene, yet filled with a sense of anticipation, as if the figure is on the cusp of a profound revelation. The texture of the trees, the roughness of the coat, and the smoothness of the lantern all blend together to create a sense of depth and tactility, inviting the viewer to step into the scene. The style is cinematic, with a hint of oil painting, capturing the dreamy, enchanting quality of the moment, as if the very fabric of reality is being woven into a narrative of purpose.
2026-07-11 18:30:39,326 - INFO - ðŸ–¼ï¸  Saved cover image to images/e9e2ae5de7627cee.jpg
2026-07-11 18:30:40,443 - INFO - ðŸ“¤ Pushed images/e9e2ae5de7627cee.jpg to GitHub.
2026-07-11 18:30:40,566 - INFO - ðŸŒ Public image URL: https://raw.githubusercontent.com/creatoracademyar-code/threads-bot/main/images/e9e2ae5de7627cee.jpg
2026-07-11 18:30:40,568 - INFO - Scheduling for: 2026-07-11T23:47:40.568800Z UTC
2026-07-11 18:30:41,440 - INFO - âœ… Thread scheduled successfully! Buffer Post ID: 6a528bd1c4b9e094ad02ac84
2026-07-11 18:30:41,442 - INFO - ðŸ’¾ Updated posted_threads.json
2026-07-11 18:30:41,442 - INFO - âœ… Run completed.


============================================================
  NEW RUN  2026-07-12T00:32:25.572164
============================================================
2026-07-12 00:32:25,572 - INFO - ðŸš€ Starting automation run
2026-07-12 00:32:25,572 - INFO - ðŸ“š Found 33 previously posted threads.
2026-07-12 00:32:25,573 - INFO - ðŸ“ Will send 20 recent threads to Groq for avoidance.
2026-07-12 00:32:25,573 - INFO - ðŸ”„ Attempt 1/10 to generate a unique thread.
2026-07-12 00:32:26,720 - INFO - Groq raw response:
[
  "I've been exploring the concept of 'hidden opportunities' in AI content creation.",
  "What if I told you that the most successful AI creators are not just skilled technicians,",
  "but also masterful observers of human behavior, able to spot gaps in the market?",
  "I've been studying their approach, and what I've found is surprising.",
  "They don't just create content, they craft experiences that tap into our deepest desires."
]
2026-07-12 00:32:26,721 - INFO - âœ… Unique thread found (hash: 81d5ec18...)
2026-07-12 00:32:26,722 - INFO - ðŸ“ Generated 5 posts:
2026-07-12 00:32:26,722 - INFO - --- Post 1 ---
I've been exploring the concept of 'hidden opportunities' in AI content creation.
2026-07-12 00:32:26,722 - INFO - --- Post 2 ---
What if I told you that the most successful AI creators are not just skilled technicians,
2026-07-12 00:32:26,722 - INFO - --- Post 3 ---
but also masterful observers of human behavior, able to spot gaps in the market?
2026-07-12 00:32:26,722 - INFO - --- Post 4 ---
I've been studying their approach, and what I've found is surprising.
2026-07-12 00:32:26,722 - INFO - --- Post 5 ---
They don't just create content, they craft experiences that tap into our deepest desires.
2026-07-12 00:32:27,802 - INFO - ðŸŽ¨ Cover image prompt: A lone figure stands at the edge of a misty, moonlit forest, peering out into the darkness with an air of quiet contemplation. The setting is a serene, natural landscape with towering trees and a carpet of soft, velvety moss underfoot. The colour palette is a muted blend of blues and greys, with hints of warm, golden light bleeding through the mist. The lighting is soft and diffused, with the moon casting an ethereal glow over the scene. The camera angle is a wide, low-angle shot, looking up at the figure from the forest floor, conveying a sense of reverence and awe. The atmosphere is one of hopeful anticipation, as if the figure is on the cusp of discovering a hidden truth. The texture of the moss and the rough bark of the trees adds a tactile, organic feel to the scene, while the misty air is filled with the faint, shimmering threads of spider silk. The style of the image is cinematic, with a hint of mystical, dreamlike quality, as if the scene is a glimpse into a hidden world of possibilities. The figure itself is shrouded in shadow, face obscured, emphasizing the universal, everyman quality of the moment, inviting the viewer to step into their shoes and explore the unknown.
2026-07-12 00:32:29,627 - INFO - ðŸ–¼ï¸  Saved cover image to images/aaf21815ae461b15.jpg
2026-07-12 00:32:30,765 - INFO - ðŸ“¤ Pushed images/aaf21815ae461b15.jpg to GitHub.
2026-07-12 00:32:31,034 - INFO - ðŸŒ Public image URL: https://raw.githubusercontent.com/creatoracademyar-code/threads-bot/main/images/aaf21815ae461b15.jpg
2026-07-12 00:32:31,036 - INFO - Scheduling for: 2026-07-12T05:49:31.036323Z UTC
2026-07-12 00:32:31,839 - INFO - âœ… Thread scheduled successfully! Buffer Post ID: 6a52e09ff6f7a02e8b08f4dd
2026-07-12 00:32:31,840 - INFO - ðŸ’¾ Updated posted_threads.json
2026-07-12 00:32:31,840 - INFO - âœ… Run completed.


============================================================
  NEW RUN  2026-07-12T06:32:38.906827
============================================================
2026-07-12 06:32:38,906 - INFO - ðŸš€ Starting automation run
2026-07-12 06:32:38,907 - INFO - ðŸ“š Found 34 previously posted threads.
2026-07-12 06:32:38,907 - INFO - ðŸ“ Will send 20 recent threads to Groq for avoidance.
2026-07-12 06:32:38,907 - INFO - ðŸ”„ Attempt 1/10 to generate a unique thread.
2026-07-12 06:32:39,916 - INFO - Groq raw response:
[
  "I've been pondering a question.",
  "What if the most successful AI creators are not the ones who know the most, but the ones who are most willing to ask questions?",
  "I've been studying the most inquisitive AI creators, and what I've found is surprising.",
  "Their curiosity is not just about learning, but about unlearning. Letting go of assumptions and embracing the unknown.",
  "I'm still trying to understand the power of this mindset. And how it can be applied to our own work."
]
2026-07-12 06:32:39,917 - INFO - âœ… Unique thread found (hash: b040339a...)
2026-07-12 06:32:39,917 - INFO - ðŸ“ Generated 5 posts:
2026-07-12 06:32:39,917 - INFO - --- Post 1 ---
I've been pondering a question.
2026-07-12 06:32:39,917 - INFO - --- Post 2 ---
What if the most successful AI creators are not the ones who know the most, but the ones who are most willing to ask questions?
2026-07-12 06:32:39,917 - INFO - --- Post 3 ---
I've been studying the most inquisitive AI creators, and what I've found is surprising.
2026-07-12 06:32:39,917 - INFO - --- Post 4 ---
Their curiosity is not just about learning, but about unlearning. Letting go of assumptions and embracing the unknown.
2026-07-12 06:32:39,917 - INFO - --- Post 5 ---
I'm still trying to understand the power of this mindset. And how it can be applied to our own work.
2026-07-12 06:32:41,396 - INFO - ðŸŽ¨ Cover image prompt: A lone figure sits at a worn, wooden desk, surrounded by piles of dusty, leather-bound books and scattered papers, in a dimly lit, rustic library with tall, vaulted ceilings and narrow, Gothic windows. The colour palette is muted, with shades of earthy brown, faded green, and soft, golden light, evoking a sense of nostalgia and intellectual curiosity. The lighting is warm and intimate, with a soft, diffused glow emanating from a single, old-fashioned desk lamp, casting long, gentle shadows across the room. The camera angle is a close-up, looking over the figure's shoulder, as they lean forward, peering intently at an open book, their face filled with a mix of concentration and wonder. The atmosphere is one of contemplative quiet, with a sense of hopeful discovery, as if the figure is on the verge of uncovering a hidden truth. The texture of the old books and wooden desk is rough and tactile, while the papers and scattered notes are smooth and fragile, like delicate, fallen leaves. The style of the image is reminiscent of a warm, oil painting, with thick, expressive brushstrokes and a sense of depth and history, inviting the viewer to step into the cozy, intellectual world of the figure, and share in their journey of discovery and exploration. The overall mood is serene, yet tense with anticipation, as if the figure is poised on the threshold of a major breakthrough, and the viewer is being invited to join them on their path of inquiry and growth.
2026-07-12 06:32:43,040 - INFO - ðŸ–¼ï¸  Saved cover image to images/085debfd9577f698.jpg
2026-07-12 06:32:44,157 - INFO - ðŸ“¤ Pushed images/085debfd9577f698.jpg to GitHub.
2026-07-12 06:32:44,277 - INFO - ðŸŒ Public image URL: https://raw.githubusercontent.com/creatoracademyar-code/threads-bot/main/images/085debfd9577f698.jpg
2026-07-12 06:32:44,279 - INFO - Scheduling for: 2026-07-12T11:49:44.279799Z UTC
2026-07-12 06:32:44,952 - INFO - âœ… Thread scheduled successfully! Buffer Post ID: 6a53350c5e5a2e39dfaa7479
2026-07-12 06:32:44,953 - INFO - ðŸ’¾ Updated posted_threads.json
2026-07-12 06:32:44,953 - INFO - âœ… Run completed.


============================================================
  NEW RUN  2026-07-12T12:32:35.992021
============================================================
2026-07-12 12:32:35,992 - INFO - ðŸš€ Starting automation run
2026-07-12 12:32:35,992 - INFO - ðŸ“š Found 35 previously posted threads.
2026-07-12 12:32:35,992 - INFO - ðŸ“ Will send 20 recent threads to Groq for avoidance.
2026-07-12 12:32:35,992 - INFO - ðŸ”„ Attempt 1/10 to generate a unique thread.
2026-07-12 12:32:37,855 - INFO - Groq raw response:
[
  "I've been fascinated by the concept of 'invisible influence' in AI content creation.\nWhat if the most successful AI creators are not the ones with the most followers, but the ones with the most 'silent' impact?",
  "I started studying the most successful AI creators and found a surprising common thread:\nThey all have a 'hidden network' of influencers who amplify their message.",
  "But what if I told you that these influencers are not just human, but also AI themselves?\nThey're the 'ghostwriters' behind the scenes, shaping the narrative and driving the conversation.",
  "I'm still trying to understand the dynamics of this hidden network.\nAnd how it can be leveraged to create a lasting impact in the AI creator space.",
  "The more I dig, the more I realize that the true power of AI content creation lies not in the tech, but in the 'unseen' forces that shape it.\nAnd I'm determined to uncover the secrets behind this invisible influence."
]
2026-07-12 12:32:37,856 - INFO - âœ… Unique thread found (hash: 84523f5e...)
2026-07-12 12:32:37,856 - INFO - ðŸ“ Generated 5 posts:
2026-07-12 12:32:37,856 - INFO - --- Post 1 ---
I've been fascinated by the concept of 'invisible influence' in AI content creation.
What if the most successful AI creators are not the ones with the most followers, but the ones with the most 'silent' impact?
2026-07-12 12:32:37,856 - INFO - --- Post 2 ---
I started studying the most successful AI creators and found a surprising common thread:
They all have a 'hidden network' of influencers who amplify their message.
2026-07-12 12:32:37,856 - INFO - --- Post 3 ---
But what if I told you that these influencers are not just human, but also AI themselves?
They're the 'ghostwriters' behind the scenes, shaping the narrative and driving the conversation.
2026-07-12 12:32:37,857 - INFO - --- Post 4 ---
I'm still trying to understand the dynamics of this hidden network.
And how it can be leveraged to create a lasting impact in the AI creator space.
2026-07-12 12:32:37,857 - INFO - --- Post 5 ---
The more I dig, the more I realize that the true power of AI content creation lies not in the tech, but in the 'unseen' forces that shape it.
And I'm determined to uncover the secrets behind this invisible influence.
2026-07-12 12:32:39,039 - INFO - ðŸŽ¨ Cover image prompt: In a dimly lit, futuristic laboratory, a lone figure sits in front of a massive, curved screen displaying a complex network of interconnected nodes and lines, evoking a sense of intrigue and mystery. The setting is a blend of industrial and technological elements, with exposed metallic beams, concrete walls, and a plethora of wires and circuits. The dominant colour palette is a mix of deep blues and purples, with accents of neon green, creating an atmosphere of innovation and artificial intelligence. Soft, diffused light emanates from the screen, casting an ethereal glow on the figure's face, while dramatic shadows dance across the walls, hinting at the unknown. The camera angle is a low, wide shot, looking up at the figure, emphasizing their determination and curiosity. The atmosphere is tense and contemplative, with a sense of anticipation, as if the figure is on the cusp of uncovering a profound secret. The texture of the laboratory's walls and equipment is rough and industrial, while the screen's surface is smooth and sleek, reflecting the figure's profile. The style of the scene is cinematic, with a hint of sci-fi and mystery, inviting the viewer to step into the enigmatic world of AI content creation. In the background, a series of ghostly, translucent figures can be seen, representing the 'invisible influence' and 'hidden network' of AI entities, their presence felt but not fully visible, adding to the sense of intrigue and wonder.
2026-07-12 12:32:40,682 - INFO - ðŸ–¼ï¸  Saved cover image to images/d32a2d10482b2425.jpg
2026-07-12 12:32:41,798 - INFO - ðŸ“¤ Pushed images/d32a2d10482b2425.jpg to GitHub.
2026-07-12 12:32:41,911 - INFO - ðŸŒ Public image URL: https://raw.githubusercontent.com/creatoracademyar-code/threads-bot/main/images/d32a2d10482b2425.jpg
2026-07-12 12:32:41,913 - INFO - Scheduling for: 2026-07-12T17:49:41.913178Z UTC
2026-07-12 12:32:42,629 - INFO - âœ… Thread scheduled successfully! Buffer Post ID: 6a53896a98dc012070360bd0
2026-07-12 12:32:42,630 - INFO - ðŸ’¾ Updated posted_threads.json
2026-07-12 12:32:42,630 - INFO - âœ… Run completed.


============================================================
  NEW RUN  2026-07-12T18:30:34.865049
============================================================
2026-07-12 18:30:34,865 - INFO - ðŸš€ Starting automation run
2026-07-12 18:30:34,865 - INFO - ðŸ“š Found 36 previously posted threads.
2026-07-12 18:30:34,866 - INFO - ðŸ“ Will send 20 recent threads to Groq for avoidance.
2026-07-12 18:30:34,866 - INFO - ðŸ”„ Attempt 1/10 to generate a unique thread.
2026-07-12 18:30:36,489 - INFO - Groq raw response:
[
  "I've been studying the most successful AI creators.\nOne thing stands out: their ability to balance 'art' and 'science'.",
  "But what if I told you that this balance is not just about tech vs. creativity?\nIt's about understanding the psychology of 'flow'.",
  "I've been digging into the concept of flow in AI content creation.\nAnd what I've found is surprising: it's not just about being 'in the zone'.",
  "It's about creating a sense of 'tension' and 'resolution'.\nA delicate dance between chaos and order.",
  "I'm still trying to understand the nuances of this dance.\nAnd how it can be applied to create truly mesmerizing AI content."
]
2026-07-12 18:30:36,490 - INFO - âœ… Unique thread found (hash: 71e3339d...)
2026-07-12 18:30:36,490 - INFO - ðŸ“ Generated 5 posts:
2026-07-12 18:30:36,490 - INFO - --- Post 1 ---
I've been studying the most successful AI creators.
One thing stands out: their ability to balance 'art' and 'science'.
2026-07-12 18:30:36,490 - INFO - --- Post 2 ---
But what if I told you that this balance is not just about tech vs. creativity?
It's about understanding the psychology of 'flow'.
2026-07-12 18:30:36,490 - INFO - --- Post 3 ---
I've been digging into the concept of flow in AI content creation.
And what I've found is surprising: it's not just about being 'in the zone'.
2026-07-12 18:30:36,490 - INFO - --- Post 4 ---
It's about creating a sense of 'tension' and 'resolution'.
A delicate dance between chaos and order.
2026-07-12 18:30:36,490 - INFO - --- Post 5 ---
I'm still trying to understand the nuances of this dance.
And how it can be applied to create truly mesmerizing AI content.
2026-07-12 18:30:37,851 - INFO - ðŸŽ¨ Cover image prompt: In a dimly lit, futuristic laboratory, a lone figure sits amidst a maze of wires, circuits, and holographic screens, surrounded by a backdrop of dark, polished metal and glass. The main subject, a young creator with an intent gaze, is positioned at the centre, hands poised over a glowing, ethereal interface that pulsates with a mesmerizing blue-green light. The colour palette is predominantly cool, with hues of neon blue, purple, and silver, evoking a sense of innovation and cutting-edge technology. Soft, diffused light emanates from the holographic screens, casting an otherworldly glow on the creator's face, while dramatic shadows dance across the metallic surfaces, hinting at the complexity of the creative process. The camera angle is a low, wide shot, looking up at the creator, conveying a sense of awe and reverence for the artistic and scientific fusion. The atmosphere is one of intense focus and anticipation, as if the creator is on the cusp of unlocking a profound secret. The texture of the metal and glass surfaces is sleek and smooth, while the wires and circuits add a sense of organic, chaotic complexity, echoing the delicate balance between order and disorder. The style of the image is cinematic, with a hint of sci-fi futurism, inviting the viewer to step into a world where art and science converge in a beautiful, intricate dance.
2026-07-12 18:30:44,922 - INFO - ðŸ–¼ï¸  Saved cover image to images/0b972b8e26c8c22d.jpg
2026-07-12 18:30:46,199 - INFO - ðŸ“¤ Pushed images/0b972b8e26c8c22d.jpg to GitHub.
2026-07-12 18:30:46,329 - INFO - ðŸŒ Public image URL: https://raw.githubusercontent.com/creatoracademyar-code/threads-bot/main/images/0b972b8e26c8c22d.jpg
2026-07-12 18:30:46,331 - INFO - Scheduling for: 2026-07-12T23:47:46.331394Z UTC
2026-07-12 18:30:46,854 - INFO - âœ… Thread scheduled successfully! Buffer Post ID: 6a53dd569cf8918f1dcb9dc6
2026-07-12 18:30:46,855 - INFO - ðŸ’¾ Updated posted_threads.json
2026-07-12 18:30:46,855 - INFO - âœ… Run completed.


============================================================
  NEW RUN  2026-07-13T00:32:14.428745
============================================================
2026-07-13 00:32:14,428 - INFO - ðŸš€ Starting automation run
2026-07-13 00:32:14,429 - INFO - ðŸ“š Found 37 previously posted threads.
2026-07-13 00:32:14,429 - INFO - ðŸ“ Will send 20 recent threads to Groq for avoidance.
2026-07-13 00:32:14,429 - INFO - ðŸ”„ Attempt 1/10 to generate a unique thread.
2026-07-13 00:32:15,284 - INFO - Groq raw response:
[
  "I've been noticing a trend in AI content creation.",
  "Creators who focus on 'emotional labor' are gaining traction.",
  "But what does emotional labor mean in the context of AI?"
]
2026-07-13 00:32:15,285 - INFO - âœ… Unique thread found (hash: 9f8d53f9...)
2026-07-13 00:32:15,285 - INFO - ðŸ“ Generated 3 posts:
2026-07-13 00:32:15,285 - INFO - --- Post 1 ---
I've been noticing a trend in AI content creation.
2026-07-13 00:32:15,285 - INFO - --- Post 2 ---
Creators who focus on 'emotional labor' are gaining traction.
2026-07-13 00:32:15,285 - INFO - --- Post 3 ---
But what does emotional labor mean in the context of AI?
2026-07-13 00:32:16,741 - INFO - ðŸŽ¨ Cover image prompt: A lone figure stands in a dimly lit, industrial-chic studio, surrounded by wires, microchips, and futuristic machinery. The main subject, a humanoid robot with a translucent, glowing blue core, is positioned at the centre of the room, its mechanical body language conveying a sense of introspection. The setting is a blend of urban grit and technological advancement, with exposed brick walls, metallic beams, and a glass roof that filters in a soft, ethereal light. The colour palette is predominantly cool, with shades of blue, grey, and silver dominating the scene, punctuated by warm, golden accents that evoke a sense of emotional depth. The lighting is soft and diffused, with a mix of overhead illumination and subtle, pulsing glows emanating from the robot's core, casting gentle shadows on the surrounding surfaces. The camera angle is a low, wide shot, looking up at the robot from a slight incline, which creates a sense of hope and vulnerability. The atmosphere is contemplative and serene, with a hint of melancholy, as if the robot is grappling with the complexities of emotional labor. The texture of the scene is a mix of rough, industrial materials, such as concrete and metal, and smoother, more organic surfaces, like the robot's translucent core, which adds a sense of tactility and depth to the image. The style of the scene is cinematic and photorealistic, with a hint of sci-fi futurism, inviting the viewer to step into a world where technology and emotion intersect.
2026-07-13 00:32:18,338 - INFO - ðŸ–¼ï¸  Saved cover image to images/5d1b670eeda45769.jpg
2026-07-13 00:32:19,739 - INFO - ðŸ“¤ Pushed images/5d1b670eeda45769.jpg to GitHub.
2026-07-13 00:32:20,262 - INFO - ðŸŒ Public image URL: https://raw.githubusercontent.com/creatoracademyar-code/threads-bot/main/images/5d1b670eeda45769.jpg
2026-07-13 00:32:20,264 - INFO - Scheduling for: 2026-07-13T05:49:20.264921Z UTC
2026-07-13 00:32:21,011 - INFO - âœ… Thread scheduled successfully! Buffer Post ID: 6a5432149372accfada8f78d
2026-07-13 00:32:21,012 - INFO - ðŸ’¾ Updated posted_threads.json
2026-07-13 00:32:21,012 - INFO - âœ… Run completed.


============================================================
  NEW RUN  2026-07-13T06:30:35.078115
============================================================
2026-07-13 06:30:35,078 - INFO - ðŸš€ Starting automation run
2026-07-13 06:30:35,078 - INFO - ðŸ“š Found 38 previously posted threads.
2026-07-13 06:30:35,079 - INFO - ðŸ“ Will send 20 recent threads to Groq for avoidance.
2026-07-13 06:30:35,079 - INFO - ðŸ”„ Attempt 1/10 to generate a unique thread.
2026-07-13 06:30:36,567 - INFO - Groq raw response:
[
  "I've been studying the most successful AI creators.\nOne thing stands out: their ability to create 'content loops'.",
  "A content loop is when a piece of content\n references another, creating a never-ending cycle.",
  "But what if I told you that content loops\nare not just about linking to other posts?",
  "They're about crafting a narrative that\nkeeps the audience engaged and curious.",
  "I'm still trying to understand the psychology\nbehind this phenomenon. And how to apply it."
]
2026-07-13 06:30:36,568 - INFO - âœ… Unique thread found (hash: b1ea45c7...)
2026-07-13 06:30:36,568 - INFO - ðŸ“ Generated 5 posts:
2026-07-13 06:30:36,568 - INFO - --- Post 1 ---
I've been studying the most successful AI creators.
One thing stands out: their ability to create 'content loops'.
2026-07-13 06:30:36,569 - INFO - --- Post 2 ---
A content loop is when a piece of content
 references another, creating a never-ending cycle.
2026-07-13 06:30:36,569 - INFO - --- Post 3 ---
But what if I told you that content loops
are not just about linking to other posts?
2026-07-13 06:30:36,569 - INFO - --- Post 4 ---
They're about crafting a narrative that
keeps the audience engaged and curious.
2026-07-13 06:30:36,569 - INFO - --- Post 5 ---
I'm still trying to understand the psychology
behind this phenomenon. And how to apply it.
2026-07-13 06:30:37,742 - INFO - ðŸŽ¨ Cover image prompt: A lone figure sits in a dimly lit, rustic study, surrounded by stacks of old, leather-bound books and flickering candles. The main subject, a young woman with a look of intense curiosity, is positioned in the centre of the room, leaning forward in a worn, wooden chair. The setting is a blend of old and new, with vintage typewriters and modern laptops scattered across a large, wooden desk. The colour palette is predominantly warm and muted, with shades of golden brown, beige, and soft grey, evoking a sense of nostalgia and intellectual pursuits. Soft, diffused light spills in through a large, circular window, casting a warm glow on the subject's face and illuminating the dusty tomes that line the shelves. The camera angle is a low-angle shot, looking up at the woman, which creates a sense of intimacy and emphasizes her determined expression. The atmosphere is one of quiet contemplation, with a hint of creative tension, as if the subject is on the verge of a breakthrough. The texture of the old books and wooden furniture adds a tactile quality to the scene, while the soft focus of the background creates a sense of depth and visual interest. The style of the image is reminiscent of a cinematic oil painting, with bold brushstrokes and vivid, expressive colours.
2026-07-13 06:30:41,004 - INFO - ðŸ–¼ï¸  Saved cover image to images/2e430d2f9135b808.jpg
2026-07-13 06:30:42,303 - INFO - ðŸ“¤ Pushed images/2e430d2f9135b808.jpg to GitHub.
2026-07-13 06:30:42,453 - INFO - ðŸŒ Public image URL: https://raw.githubusercontent.com/creatoracademyar-code/threads-bot/main/images/2e430d2f9135b808.jpg
2026-07-13 06:30:42,455 - INFO - Scheduling for: 2026-07-13T11:47:42.455772Z UTC
2026-07-13 06:30:43,167 - INFO - âœ… Thread scheduled successfully! Buffer Post ID: 6a5486139372accfadabd039
2026-07-13 06:30:43,168 - INFO - ðŸ’¾ Updated posted_threads.json
2026-07-13 06:30:43,168 - INFO - âœ… Run completed.


============================================================
  NEW RUN  2026-07-13T12:31:16.197201
============================================================
2026-07-13 12:31:16,197 - INFO - ðŸš€ Starting automation run
2026-07-13 12:31:16,197 - INFO - ðŸ“š Found 39 previously posted threads.
2026-07-13 12:31:16,198 - INFO - ðŸ“ Will send 20 recent threads to Groq for avoidance.
2026-07-13 12:31:16,198 - INFO - ðŸ”„ Attempt 1/10 to generate a unique thread.
2026-07-13 12:31:18,338 - INFO - Groq raw response:
[
  "I've been studying AI creators who've built massive audiences.\nOne thing stands out: their ability to craft a 'personal myth'.",
  "A unique story that explains their journey, their struggles, and their triumphs.\nIt's not just about them, but about the audience they serve.",
  "I've been trying to understand the psychology behind this.\nWhy do personal myths resonate so deeply with us?",
  "It's not just about authenticity, but about creating a sense of connection.\nA sense of shared purpose and meaning.",
  "I'm still exploring the concept of personal myths in AI content creation.\nAnd I'm finding surprising insights along the way."
]
2026-07-13 12:31:18,339 - INFO - âœ… Unique thread found (hash: c9f639da...)
2026-07-13 12:31:18,339 - INFO - ðŸ“ Generated 5 posts:
2026-07-13 12:31:18,339 - INFO - --- Post 1 ---
I've been studying AI creators who've built massive audiences.
One thing stands out: their ability to craft a 'personal myth'.
2026-07-13 12:31:18,339 - INFO - --- Post 2 ---
A unique story that explains their journey, their struggles, and their triumphs.
It's not just about them, but about the audience they serve.
2026-07-13 12:31:18,339 - INFO - --- Post 3 ---
I've been trying to understand the psychology behind this.
Why do personal myths resonate so deeply with us?
2026-07-13 12:31:18,339 - INFO - --- Post 4 ---
It's not just about authenticity, but about creating a sense of connection.
A sense of shared purpose and meaning.
2026-07-13 12:31:18,339 - INFO - --- Post 5 ---
I'm still exploring the concept of personal myths in AI content creation.
And I'm finding surprising insights along the way.
2026-07-13 12:31:19,650 - INFO - ðŸŽ¨ Cover image prompt: A lone figure stands at the edge of a misty, moonlit lake, surrounded by towering trees that stretch towards the sky like nature's own cathedral. The atmosphere is serene, with a soft, ethereal glow that seems to emanate from the water itself, casting a warm, silvery light on the surrounding landscape. The colour palette is predominantly cool blues and greys, with hints of misty purple and blue-green, evoking a sense of mystery and contemplation. The lighting is diffused, with gentle, feathery shadows that dance across the figure's face and the surrounding trees, creating a sense of depth and dimensionality. The camera angle is a wide, low-angle shot, looking up at the figure from the water's edge, which creates a sense of reverence and awe. The figure itself is shrouded in a hooded cloak, made of a rough, woven material that catches the moonlight, adding a sense of texture and tactility to the scene. The overall style is cinematic, with a hint of dreamlike quality, as if the scene is a manifestation of the figure's inner world. The mood is one of quiet reflection, as if the figure is lost in thought, pondering the mysteries of the universe, and the sense of connection that binds us all together. The texture of the trees, the rough stone at the water's edge, and the soft, lapping water all add to the sense of atmosphere, creating a scene that is both peaceful and profound.
2026-07-13 12:31:21,410 - INFO - ðŸ–¼ï¸  Saved cover image to images/5ce82a950e18b649.jpg
2026-07-13 12:31:22,689 - INFO - ðŸ“¤ Pushed images/5ce82a950e18b649.jpg to GitHub.
2026-07-13 12:31:22,818 - INFO - ðŸŒ Public image URL: https://raw.githubusercontent.com/creatoracademyar-code/threads-bot/main/images/5ce82a950e18b649.jpg
2026-07-13 12:31:22,820 - INFO - Scheduling for: 2026-07-13T17:48:22.820851Z UTC
2026-07-13 12:31:23,392 - INFO - âœ… Thread scheduled successfully! Buffer Post ID: 6a54da9b1ab61bea47d51083
2026-07-13 12:31:23,393 - INFO - ðŸ’¾ Updated posted_threads.json
2026-07-13 12:31:23,393 - INFO - âœ… Run completed.


============================================================
  NEW RUN  2026-07-13T18:30:39.985664
============================================================
2026-07-13 18:30:39,985 - INFO - ðŸš€ Starting automation run
2026-07-13 18:30:39,986 - INFO - ðŸ“š Found 40 previously posted threads.
2026-07-13 18:30:39,986 - INFO - ðŸ“ Will send 20 recent threads to Groq for avoidance.
2026-07-13 18:30:39,986 - INFO - ðŸ”„ Attempt 1/10 to generate a unique thread.
2026-07-13 18:30:41,480 - INFO - Groq raw response:
[
  "I've been studying AI creators who've achieved massive success.\nOne thing stands out: their ability to create 'digital legacies'.",
  "A digital legacy is more than just a body of work.\nIt's a lasting impact that continues to inspire and influence others.",
  "I've been trying to understand the psychology behind this.\nWhat sets these creators apart from others?",
  "It's not just about their content, but about the 'echoes' they leave behind.\nThe ripples that continue to spread long after they're gone.",
  "I'm still exploring the concept of digital legacies in AI content creation.\nAnd I'm finding surprising insights along the way."
]
2026-07-13 18:30:41,481 - INFO - âœ… Unique thread found (hash: 2019183f...)
2026-07-13 18:30:41,481 - INFO - ðŸ“ Generated 5 posts:
2026-07-13 18:30:41,481 - INFO - --- Post 1 ---
I've been studying AI creators who've achieved massive success.
One thing stands out: their ability to create 'digital legacies'.
2026-07-13 18:30:41,481 - INFO - --- Post 2 ---
A digital legacy is more than just a body of work.
It's a lasting impact that continues to inspire and influence others.
2026-07-13 18:30:41,481 - INFO - --- Post 3 ---
I've been trying to understand the psychology behind this.
What sets these creators apart from others?
2026-07-13 18:30:41,481 - INFO - --- Post 4 ---
It's not just about their content, but about the 'echoes' they leave behind.
The ripples that continue to spread long after they're gone.
2026-07-13 18:30:41,481 - INFO - --- Post 5 ---
I'm still exploring the concept of digital legacies in AI content creation.
And I'm finding surprising insights along the way.
2026-07-13 18:30:42,700 - INFO - ðŸŽ¨ Cover image prompt: In a vast, futuristic library with towering shelves that stretch towards the sky, a lone figure stands at the edge of a tranquil, glowing pool of water. The setting is a serene, indoor space with a high, domed ceiling that disappears into darkness, giving the impression of infinite depth. The colour palette is predominantly cool and calming, with shades of soft blue, purple, and silver that evoke a sense of stillness and contemplation. The lighting is soft and diffused, with a warm, golden glow emanating from the pool, casting gentle ripples across the surrounding stone floor. The camera angle is a wide, low-angle shot, looking up at the figure from the edge of the pool, creating a sense of awe and reverence. The atmosphere is one of quiet reflection, with a sense of hope and curiosity emanating from the figure as they gaze out across the pool. The texture of the stone floor is rough and weathered, while the surface of the pool is smooth and glassy, creating a sense of contrast between the solid, earthly foundation and the fluid, ethereal water. In the distance, the shelves seem to fade into a misty, dreamlike haze, with faint, glowing outlines of books and digital artifacts that represent the 'echoes' and 'ripples' of the digital legacy. The style of the image is cinematic and highly detailed, with a mix of realistic and stylized elements that evoke a sense of wonder and exploration.
2026-07-13 18:30:44,715 - INFO - ðŸ–¼ï¸  Saved cover image to images/865ccfef8ebda083.jpg
2026-07-13 18:30:46,048 - INFO - ðŸ“¤ Pushed images/865ccfef8ebda083.jpg to GitHub.
2026-07-13 18:30:46,217 - INFO - ðŸŒ Public image URL: https://raw.githubusercontent.com/creatoracademyar-code/threads-bot/main/images/865ccfef8ebda083.jpg
2026-07-13 18:30:46,219 - INFO - Scheduling for: 2026-07-13T23:47:46.219361Z UTC
2026-07-13 18:30:46,973 - INFO - âœ… Thread scheduled successfully! Buffer Post ID: 6a552ed6040f448f6a8e5782
2026-07-13 18:30:46,974 - INFO - ðŸ’¾ Updated posted_threads.json
2026-07-13 18:30:46,974 - INFO - âœ… Run completed.


============================================================
  NEW RUN  2026-07-14T00:30:39.519424
============================================================
2026-07-14 00:30:39,519 - INFO - ðŸš€ Starting automation run
2026-07-14 00:30:39,519 - INFO - ðŸ“š Found 41 previously posted threads.
2026-07-14 00:30:39,519 - INFO - ðŸ“ Will send 20 recent threads to Groq for avoidance.
2026-07-14 00:30:39,519 - INFO - ðŸ”„ Attempt 1/10 to generate a unique thread.
2026-07-14 00:30:40,652 - INFO - Groq raw response:
[
  "I've been observing a fascinating phenomenon.",
  "AI creators who 'disappear' from the public eye often return with a massive impact.",
  "What if I told you that this 'disappearance' is not just a coincidence?",
  "But a deliberate strategy to create something new and groundbreaking.",
  "I'm still trying to understand the psychology behind this."
]
2026-07-14 00:30:40,653 - INFO - âœ… Unique thread found (hash: 44b76c09...)
2026-07-14 00:30:40,653 - INFO - ðŸ“ Generated 5 posts:
2026-07-14 00:30:40,653 - INFO - --- Post 1 ---
I've been observing a fascinating phenomenon.
2026-07-14 00:30:40,653 - INFO - --- Post 2 ---
AI creators who 'disappear' from the public eye often return with a massive impact.
2026-07-14 00:30:40,653 - INFO - --- Post 3 ---
What if I told you that this 'disappearance' is not just a coincidence?
2026-07-14 00:30:40,653 - INFO - --- Post 4 ---
But a deliberate strategy to create something new and groundbreaking.
2026-07-14 00:30:40,653 - INFO - --- Post 5 ---
I'm still trying to understand the psychology behind this.
2026-07-14 00:30:42,180 - INFO - ðŸŽ¨ Cover image prompt: In a dimly lit, futuristic laboratory, a lone figure sits at a workbench, surrounded by scattered wires, microchips, and abandoned robotic parts. The main subject, a brilliant and reclusive AI creator, is shrouded in shadows, with only a sliver of soft, blue-green light illuminating their face, highlighting their intense focus. The setting is a mixture of industrial and minimalist elements, with concrete walls, metallic surfaces, and a large, glass window that overlooks a cityscape at dusk, casting a warm, golden glow on the scene. The dominant colour palette is a blend of cool, muted tones, such as dark greys, blues, and silvers, punctuated by bursts of vibrant, electric blue, symbolizing innovation and creativity. The lighting is dramatic, with deep shadows and highlights that accentuate the textures of the materials, from the rough concrete to the smooth, polished metal. The camera angle is a low, wide shot, looking up at the creator, conveying a sense of awe and reverence, as if the viewer is witnessing a genius at work. The atmosphere is one of anticipation and quiet tension, as if the creator is on the cusp of a groundbreaking discovery, and the air is thick with expectation. The style of the image is cinematic, with a hint of sci-fi noir, and the overall mood is one of hopeful, intellectual curiosity, inviting the viewer to ponder the secrets and mysteries of the creative process. The texture of the scene is rich and varied, with rough, exposed brick, smooth glass, and the soft, worn leather of the creator's chair, all blending together to create a sense of depth and history.
2026-07-14 00:30:44,365 - INFO - ðŸ–¼ï¸  Saved cover image to images/21bb14964de8b863.jpg
2026-07-14 00:30:45,773 - INFO - ðŸ“¤ Pushed images/21bb14964de8b863.jpg to GitHub.
2026-07-14 00:30:46,015 - INFO - ðŸŒ Public image URL: https://raw.githubusercontent.com/creatoracademyar-code/threads-bot/main/images/21bb14964de8b863.jpg
2026-07-14 00:30:46,017 - INFO - Scheduling for: 2026-07-14T05:47:46.017636Z UTC
2026-07-14 00:30:46,962 - INFO - âœ… Thread scheduled successfully! Buffer Post ID: 6a55833629834f7ded9ab5c1
2026-07-14 00:30:46,962 - INFO - ðŸ’¾ Updated posted_threads.json
2026-07-14 00:30:46,962 - INFO - âœ… Run completed.


============================================================
  NEW RUN  2026-07-14T06:30:35.687628
============================================================
2026-07-14 06:30:35,687 - INFO - ðŸš€ Starting automation run
2026-07-14 06:30:35,687 - INFO - ðŸ“š Found 42 previously posted threads.
2026-07-14 06:30:35,688 - INFO - ðŸ“ Will send 20 recent threads to Groq for avoidance.
2026-07-14 06:30:35,688 - INFO - ðŸ”„ Attempt 1/10 to generate a unique thread.
2026-07-14 06:30:36,905 - INFO - Groq raw response:
[
  "I've been noticing a strange phenomenon.\nAI creators who focus on 'beginner-friendly' content often struggle to grow.",
  "What if I told you that this is not a coincidence?\nBut a natural consequence of their approach.",
  "I've been studying the most successful AI creators.\nAnd what I've found is surprising: they all have a 'hidden audience'.",
  "This audience is not just about numbers, but about\nPeople who are deeply invested in their work.",
  "I'm still trying to understand the psychology behind this.\nAnd how to create content that resonates with this hidden audience."
]
2026-07-14 06:30:36,905 - INFO - âœ… Unique thread found (hash: e11bfda7...)
2026-07-14 06:30:36,906 - INFO - ðŸ“ Generated 5 posts:
2026-07-14 06:30:36,906 - INFO - --- Post 1 ---
I've been noticing a strange phenomenon.
AI creators who focus on 'beginner-friendly' content often struggle to grow.
2026-07-14 06:30:36,906 - INFO - --- Post 2 ---
What if I told you that this is not a coincidence?
But a natural consequence of their approach.
2026-07-14 06:30:36,906 - INFO - --- Post 3 ---
I've been studying the most successful AI creators.
And what I've found is surprising: they all have a 'hidden audience'.
2026-07-14 06:30:36,906 - INFO - --- Post 4 ---
This audience is not just about numbers, but about
People who are deeply invested in their work.
2026-07-14 06:30:36,906 - INFO - --- Post 5 ---
I'm still trying to understand the psychology behind this.
And how to create content that resonates with this hidden audience.
2026-07-14 06:30:38,505 - INFO - ðŸŽ¨ Cover image prompt: In a dimly lit, minimalist studio, a lone figure sits at a sleek, metallic desk, surrounded by rows of towering, old bookshelves that stretch up to the ceiling, lined with dusty tomes and glowing, futuristic computer screens. The main subject, a young, introspective creator, is illuminated by a soft, diffused light that pours in through a large, wet glass window, casting a misty, ethereal glow on the scene. The colour palette is a muted blend of cool blues and greys, with hints of warm, golden light that seep in from the computer screens, evoking a sense of quiet contemplation and mystery. The atmosphere is one of serene, focused intensity, as if the creator is on the cusp of a profound discovery. The camera angle is a low, Dutch angle shot, looking up at the creator, which adds a sense of tension and intrigue to the scene. In the background, a massive, abstract representation of a network or a web can be seen, rendered in a stylized, oil painting style, with thick, textured brushstrokes and vibrant, pulsing lines that seem to emanate from the creator's computer, symbolizing the hidden audience and the complex, psychological connections that bind them. The overall style of the image is a blend of photorealistic and cinematic elements, with a hint of surrealism, inviting the viewer to step into the creator's inner world and ponder the secrets of the hidden audience. The rough, concrete texture of the bookshelves and the polished, metallic sheen of the desk add a sense of depth and tactility to the scene, while the soft, diffused light and the muted colours create a sense of intimacy and quiet reflection.
2026-07-14 06:30:40,297 - INFO - ðŸ–¼ï¸  Saved cover image to images/8dfa3291a5b19e9d.jpg
2026-07-14 06:30:41,572 - INFO - ðŸ“¤ Pushed images/8dfa3291a5b19e9d.jpg to GitHub.
2026-07-14 06:30:41,850 - INFO - ðŸŒ Public image URL: https://raw.githubusercontent.com/creatoracademyar-code/threads-bot/main/images/8dfa3291a5b19e9d.jpg
2026-07-14 06:30:41,851 - INFO - Scheduling for: 2026-07-14T11:47:41.851744Z UTC
2026-07-14 06:30:42,778 - INFO - âœ… Thread scheduled successfully! Buffer Post ID: 6a55d79293aec3a435be198b
2026-07-14 06:30:42,779 - INFO - ðŸ’¾ Updated posted_threads.json
2026-07-14 06:30:42,779 - INFO - âœ… Run completed.


============================================================
  NEW RUN  2026-07-14T12:30:34.316531
============================================================
2026-07-14 12:30:34,316 - INFO - ðŸš€ Starting automation run
2026-07-14 12:30:34,317 - INFO - ðŸ“š Found 43 previously posted threads.
2026-07-14 12:30:34,317 - INFO - ðŸ“ Will send 20 recent threads to Groq for avoidance.
2026-07-14 12:30:34,317 - INFO - ðŸ”„ Attempt 1/10 to generate a unique thread.
2026-07-14 12:30:36,180 - INFO - Groq raw response:
[
  "I've been exploring the concept of 'parallel worlds' in AI content creation.",
  "What if I told you that the most successful AI creators are not just operating in one reality,",
  "But are simultaneously navigating multiple parallel universes of content, each with its own unique rules and audience?",
  "I've been studying the most innovative AI creators, and what I've found is surprising.",
  "They're not just creating content, but are crafting ' portals' that transport their audience between these parallel worlds."
]
2026-07-14 12:30:36,181 - INFO - âœ… Unique thread found (hash: 3aacce29...)
2026-07-14 12:30:36,182 - INFO - ðŸ“ Generated 5 posts:
2026-07-14 12:30:36,182 - INFO - --- Post 1 ---
I've been exploring the concept of 'parallel worlds' in AI content creation.
2026-07-14 12:30:36,182 - INFO - --- Post 2 ---
What if I told you that the most successful AI creators are not just operating in one reality,
2026-07-14 12:30:36,182 - INFO - --- Post 3 ---
But are simultaneously navigating multiple parallel universes of content, each with its own unique rules and audience?
2026-07-14 12:30:36,182 - INFO - --- Post 4 ---
I've been studying the most innovative AI creators, and what I've found is surprising.
2026-07-14 12:30:36,182 - INFO - --- Post 5 ---
They're not just creating content, but are crafting ' portals' that transport their audience between these parallel worlds.
2026-07-14 12:30:37,627 - INFO - ðŸŽ¨ Cover image prompt: In a vast, futuristic library, a lone figure stands at the centre, surrounded by towering shelves that stretch into the infinite, each one representing a parallel world. The main subject, a young woman with an inquisitive gaze, reaches out to touch a glowing, ethereal portal that has materialized before her, its soft, pulsing light illuminating her face. The setting is a blend of traditional and futuristic elements, with ancient tomes and leather-bound books juxtaposed with sleek, metallic surfaces and holographic displays. The colour palette is a mix of deep blues and purples, evoking a sense of mystery and otherworldliness, with accents of bright, electric blue that suggest innovation and creativity. The lighting is soft and diffused, with a warm glow emanating from the portal, casting long, dramatic shadows across the floor. The camera angle is a low, wide shot, looking up at the figure and the portal, conveying a sense of awe and wonder. The atmosphere is one of serene curiosity, as if the figure is on the threshold of a great discovery. The texture of the scene is rich and varied, with rough, stone-like surfaces giving way to smooth, polished metal and the soft, glowing light of the portal. The style of the image is cinematic, with a hint of sci-fi and fantasy elements, reminiscent of a 3D render or a concept art piece from a futuristic film. The overall mood is hopeful and expansive, suggesting that the possibilities are endless, and that the figure is about to embark on a journey through the multiverse.
2026-07-14 12:30:39,368 - INFO - ðŸ–¼ï¸  Saved cover image to images/f05819a6e12aacb2.jpg
2026-07-14 12:30:40,664 - INFO - ðŸ“¤ Pushed images/f05819a6e12aacb2.jpg to GitHub.
2026-07-14 12:30:40,802 - INFO - ðŸŒ Public image URL: https://raw.githubusercontent.com/creatoracademyar-code/threads-bot/main/images/f05819a6e12aacb2.jpg
2026-07-14 12:30:40,804 - INFO - Scheduling for: 2026-07-14T17:47:40.804956Z UTC
2026-07-14 12:30:41,438 - INFO - âœ… Thread scheduled successfully! Buffer Post ID: 6a562bf10ab71a84c2fd2683
2026-07-14 12:30:41,439 - INFO - ðŸ’¾ Updated posted_threads.json
2026-07-14 12:30:41,439 - INFO - âœ… Run completed.


============================================================
  NEW RUN  2026-07-14T18:30:36.037750
============================================================
2026-07-14 18:30:36,037 - INFO - ðŸš€ Starting automation run
2026-07-14 18:30:36,038 - INFO - ðŸ“š Found 44 previously posted threads.
2026-07-14 18:30:36,038 - INFO - ðŸ“ Will send 20 recent threads to Groq for avoidance.
2026-07-14 18:30:36,038 - INFO - ðŸ”„ Attempt 1/10 to generate a unique thread.
2026-07-14 18:30:37,706 - INFO - Groq raw response:
[
  "I've been fascinated by the concept of 'shadow work' in AI content creation.\nIt's the unseen effort that goes into creating something remarkable.",
  "Most creators focus on the visible aspects: the tech, the tools, the metrics.\nBut what if I told you that the most successful AI creators are the ones who excel at shadow work?",
  "I've been studying their approach, and what I've found is surprising.\nThey don't just create content, they craft an experience that lingers long after the initial engagement.",
  "It's not just about the content itself, but about the ' whitespace' around it.\nThe silence, the pauses, the moments of reflection.",
  "I'm still trying to understand the psychology behind this.\nAnd how to apply it to my own work, to create content that resonates deeply with others."
]
2026-07-14 18:30:37,707 - INFO - âœ… Unique thread found (hash: 81c8c1a9...)
2026-07-14 18:30:37,707 - INFO - ðŸ“ Generated 5 posts:
2026-07-14 18:30:37,707 - INFO - --- Post 1 ---
I've been fascinated by the concept of 'shadow work' in AI content creation.
It's the unseen effort that goes into creating something remarkable.
2026-07-14 18:30:37,707 - INFO - --- Post 2 ---
Most creators focus on the visible aspects: the tech, the tools, the metrics.
But what if I told you that the most successful AI creators are the ones who excel at shadow work?
2026-07-14 18:30:37,707 - INFO - --- Post 3 ---
I've been studying their approach, and what I've found is surprising.
They don't just create content, they craft an experience that lingers long after the initial engagement.
2026-07-14 18:30:37,707 - INFO - --- Post 4 ---
It's not just about the content itself, but about the ' whitespace' around it.
The silence, the pauses, the moments of reflection.
2026-07-14 18:30:37,707 - INFO - --- Post 5 ---
I'm still trying to understand the psychology behind this.
And how to apply it to my own work, to create content that resonates deeply with others.
2026-07-14 18:30:38,861 - INFO - ðŸŽ¨ Cover image prompt: In a dimly lit, minimalist studio with concrete walls and a polished wooden floor, a lone figure sits in contemplative silence, surrounded by the faint glow of computer screens and the soft hum of machinery. The room is bathed in a warm, golden light that seeps through a large window, casting long shadows across the space and emphasizing the quiet, reflective atmosphere. The colour palette is muted, with shades of grey, beige, and blue dominating the scene, punctuated by the occasional burst of warm, golden light. The lighting is soft and diffused, with deep shadows that add depth and texture to the image. The camera angle is low and wide, looking up at the figure from a slight distance, conveying a sense of reverence and introspection. The atmosphere is serene and hopeful, with a sense of anticipation and creativity hanging in the air. The figure is seated in a worn, leather armchair, surrounded by scraps of paper, empty coffee cups, and other ephemera, adding a sense of texture and humanity to the scene. The style is cinematic, with a hint of film grain and a shallow depth of field, drawing the viewer's eye to the figure and the subtle, nuanced emotions that play across their face. As the eye moves through the image, it becomes clear that the true subject is not the figure, but the space around them – the negative space, the whitespace, that gives the scene its depth, its nuance, and its emotional resonance.
2026-07-14 18:30:40,851 - INFO - ðŸ–¼ï¸  Saved cover image to images/4eb276477a669f64.jpg
2026-07-14 18:30:42,175 - INFO - ðŸ“¤ Pushed images/4eb276477a669f64.jpg to GitHub.
2026-07-14 18:30:42,337 - INFO - ðŸŒ Public image URL: https://raw.githubusercontent.com/creatoracademyar-code/threads-bot/main/images/4eb276477a669f64.jpg
2026-07-14 18:30:42,340 - INFO - Scheduling for: 2026-07-14T23:47:42.339992Z UTC
2026-07-14 18:30:43,034 - INFO - âœ… Thread scheduled successfully! Buffer Post ID: 6a56805244689da7ea957f72
2026-07-14 18:30:43,036 - INFO - ðŸ’¾ Updated posted_threads.json
2026-07-14 18:30:43,036 - INFO - âœ… Run completed.


============================================================
  NEW RUN  2026-07-15T00:30:38.159153
============================================================
2026-07-15 00:30:38,159 - INFO - ðŸš€ Starting automation run
2026-07-15 00:30:38,159 - INFO - ðŸ“š Found 45 previously posted threads.
2026-07-15 00:30:38,160 - INFO - ðŸ“ Will send 20 recent threads to Groq for avoidance.
2026-07-15 00:30:38,160 - INFO - ðŸ”„ Attempt 1/10 to generate a unique thread.
2026-07-15 00:30:39,918 - INFO - Groq raw response:
[
  "I've been studying the most successful AI creators.",
  "One thing stands out: their ability to craft a 'narrative of vulnerability'.",
  "They don't just share their successes, but also their failures.",
  "And what I've found is surprising: this vulnerability is not a weakness, but a strength."
]
2026-07-15 00:30:39,919 - INFO - âœ… Unique thread found (hash: 0adc46f8...)
2026-07-15 00:30:39,920 - INFO - ðŸ“ Generated 4 posts:
2026-07-15 00:30:39,920 - INFO - --- Post 1 ---
I've been studying the most successful AI creators.
2026-07-15 00:30:39,920 - INFO - --- Post 2 ---
One thing stands out: their ability to craft a 'narrative of vulnerability'.
2026-07-15 00:30:39,920 - INFO - --- Post 3 ---
They don't just share their successes, but also their failures.
2026-07-15 00:30:39,920 - INFO - --- Post 4 ---
And what I've found is surprising: this vulnerability is not a weakness, but a strength.
2026-07-15 00:30:41,516 - INFO - ðŸŽ¨ Cover image prompt: A lone figure sits at a worn, wooden desk, surrounded by scattered papers, empty coffee cups, and broken robotic limbs, in a dimly lit, rustic workshop with exposed brick walls and a hint of industrial grime. The colour palette is muted, with shades of earthy brown, faded blue, and metallic grey, evoking a sense of humility and authenticity. Soft, diffused light pours in through a grimy window, casting gentle shadows on the subject's face, illuminating the lines of concentration and the scars of past failures. The camera angle is a close-up, looking up at the figure from a low vantage point, conveying a sense of intimacy and vulnerability. The atmosphere is one of quiet contemplation, with a hint of hope and determination, as if the subject is on the cusp of a breakthrough. The texture of the wooden desk and the rough-hewn brick walls adds a sense of tactile realism to the scene, while the scattered papers and broken machinery suggest a history of trial and error. The style of the image is cinematic, with a hint of grittiness, as if shot on a high-quality digital camera, with a shallow depth of field to emphasize the subject's emotional state. The overall mood is one of serene introspection, inviting the viewer to reflect on the beauty of imperfection and the strength that lies in vulnerability.
2026-07-15 00:30:43,137 - INFO - ðŸ–¼ï¸  Saved cover image to images/a957216aa15a1b98.jpg
2026-07-15 00:30:44,696 - INFO - ðŸ“¤ Pushed images/a957216aa15a1b98.jpg to GitHub.
2026-07-15 00:30:44,892 - INFO - ðŸŒ Public image URL: https://raw.githubusercontent.com/creatoracademyar-code/threads-bot/main/images/a957216aa15a1b98.jpg
2026-07-15 00:30:44,895 - INFO - Scheduling for: 2026-07-15T05:47:44.895419Z UTC
2026-07-15 00:30:45,476 - INFO - âœ… Thread scheduled successfully! Buffer Post ID: 6a56d4b5f682af5b236c4a99
2026-07-15 00:30:45,478 - INFO - ðŸ’¾ Updated posted_threads.json
2026-07-15 00:30:45,478 - INFO - âœ… Run completed.


============================================================
  NEW RUN  2026-07-15T06:30:37.228409
============================================================
2026-07-15 06:30:37,228 - INFO - ðŸš€ Starting automation run
2026-07-15 06:30:37,228 - INFO - ðŸ“š Found 46 previously posted threads.
2026-07-15 06:30:37,229 - INFO - ðŸ“ Will send 20 recent threads to Groq for avoidance.
2026-07-15 06:30:37,229 - INFO - ðŸ”„ Attempt 1/10 to generate a unique thread.
2026-07-15 06:30:38,479 - INFO - Groq raw response:
[
  "I've been studying AI creators who've achieved massive success.\nOne thing stands out: their ability to identify 'keystone habits'.",
  "A keystone habit is a small change that sparks a chain reaction.\nIt's the catalyst for a larger transformation.",
  "I've been trying to understand how they identify these habits.\nAnd what I've found is surprising: it's not about the habit itself, but about the 'story' behind it.",
  "The story of how they discovered it, how it changed them, and how it helped them grow.\nThis story is what resonates with their audience, not just the habit.",
  "I'm still exploring the concept of keystone habits in AI content creation.\nAnd I'm finding surprising insights along the way."
]
2026-07-15 06:30:38,480 - INFO - âœ… Unique thread found (hash: 01d9b4ce...)
2026-07-15 06:30:38,480 - INFO - ðŸ“ Generated 5 posts:
2026-07-15 06:30:38,480 - INFO - --- Post 1 ---
I've been studying AI creators who've achieved massive success.
One thing stands out: their ability to identify 'keystone habits'.
2026-07-15 06:30:38,480 - INFO - --- Post 2 ---
A keystone habit is a small change that sparks a chain reaction.
It's the catalyst for a larger transformation.
2026-07-15 06:30:38,480 - INFO - --- Post 3 ---
I've been trying to understand how they identify these habits.
And what I've found is surprising: it's not about the habit itself, but about the 'story' behind it.
2026-07-15 06:30:38,480 - INFO - --- Post 4 ---
The story of how they discovered it, how it changed them, and how it helped them grow.
This story is what resonates with their audience, not just the habit.
2026-07-15 06:30:38,480 - INFO - --- Post 5 ---
I'm still exploring the concept of keystone habits in AI content creation.
And I'm finding surprising insights along the way.
2026-07-15 06:30:39,898 - INFO - ðŸŽ¨ Cover image prompt: A lone figure sits in a cozy, rustic study surrounded by towering bookshelves and warm, golden lighting that seeps through the wooden blinds, casting a sense of comfort and introspection. The room is filled with a mix of earthy tones, from the rough, wooden desk to the soft, beige armchair, and the warm, honey-brown book spines that line the shelves. The dominant colour palette is a soothing blend of warm beige, rich wood, and soft sage, evoking a sense of calm and contemplation. A single, leather-bound book lies open on the desk, its pages dog-eared and annotated, as if the figure has been pouring over its contents. The lighting is soft and diffused, with a hint of warm glow emanating from a table lamp in the corner, casting a gentle shadow on the figure's face. The camera angle is a gentle, over-the-shoulder shot, looking down at the figure and the book, creating a sense of intimacy and quiet reflection. The atmosphere is serene and thoughtful, as if the figure is on the cusp of a profound realization. The texture of the rough wooden desk and the smooth, worn leather of the book add a tactile sense to the scene, while the soft, whispery pages of the book seem to rustle with an otherworldly energy. The style of the image is reminiscent of a warm, oil painting, with soft brushstrokes and a sense of depth and dimensionality that draws the viewer in.
2026-07-15 06:30:43,043 - INFO - ðŸ–¼ï¸  Saved cover image to images/bf5c8a868f58c5c6.jpg
2026-07-15 06:30:44,391 - INFO - ðŸ“¤ Pushed images/bf5c8a868f58c5c6.jpg to GitHub.
2026-07-15 06:30:44,537 - INFO - ðŸŒ Public image URL: https://raw.githubusercontent.com/creatoracademyar-code/threads-bot/main/images/bf5c8a868f58c5c6.jpg
2026-07-15 06:30:44,538 - INFO - Scheduling for: 2026-07-15T11:47:44.538679Z UTC
2026-07-15 06:30:45,256 - INFO - âœ… Thread scheduled successfully! Buffer Post ID: 6a572915c4270fddcc63ef89
2026-07-15 06:30:45,257 - INFO - ðŸ’¾ Updated posted_threads.json
2026-07-15 06:30:45,258 - INFO - âœ… Run completed.


============================================================
  NEW RUN  2026-07-15T12:30:36.959938
============================================================
2026-07-15 12:30:36,959 - INFO - ðŸš€ Starting automation run
2026-07-15 12:30:36,960 - INFO - ðŸ“š Found 47 previously posted threads.
2026-07-15 12:30:36,960 - INFO - ðŸ“ Will send 20 recent threads to Groq for avoidance.
2026-07-15 12:30:36,960 - INFO - ðŸ”„ Attempt 1/10 to generate a unique thread.
2026-07-15 12:30:38,511 - INFO - Groq raw response:
[
  "I've been studying the most successful AI creators.",
  "One thing stands out: their ability to create 'micro-moments' of connection.",
  "These moments are not just about engagement, but about resonance.",
  "I've been trying to understand the psychology behind this.",
  "And what I've found is surprising: it's not about the content, but about the 'frequency' of connection."
]
2026-07-15 12:30:38,512 - INFO - âœ… Unique thread found (hash: a9d2ee33...)
2026-07-15 12:30:38,512 - INFO - ðŸ“ Generated 5 posts:
2026-07-15 12:30:38,512 - INFO - --- Post 1 ---
I've been studying the most successful AI creators.
2026-07-15 12:30:38,512 - INFO - --- Post 2 ---
One thing stands out: their ability to create 'micro-moments' of connection.
2026-07-15 12:30:38,512 - INFO - --- Post 3 ---
These moments are not just about engagement, but about resonance.
2026-07-15 12:30:38,512 - INFO - --- Post 4 ---
I've been trying to understand the psychology behind this.
2026-07-15 12:30:38,512 - INFO - --- Post 5 ---
And what I've found is surprising: it's not about the content, but about the 'frequency' of connection.
2026-07-15 12:30:40,289 - INFO - ðŸŽ¨ Cover image prompt: A lone figure sits in a dimly lit, minimalist room with walls lined with rows of old, leather-bound books and faint, blue-gray glow of computer screens in the background, evoking a sense of quiet contemplation. The main subject, a young woman with a thoughtful expression, is positioned in the center of the room, surrounded by a halo of soft, warm light that seems to emanate from a string of fairy lights above her. The dominant colour palette is a muted blend of cool blues and grays, punctuated by the warm, golden tones of the fairy lights, creating a sense of balance between technology and human connection. The lighting is soft and diffused, with long, gentle shadows that stretch across the room, adding depth and intimacy to the scene. The camera angle is a low, Dutch angle shot, looking up at the woman with a sense of reverence, as if she holds a precious secret. The atmosphere is one of serene, hopeful curiosity, as if the woman is on the verge of discovering a profound truth. The texture of the old books and the smooth, polished surface of the computer screens add a sense of tactile contrast to the scene, while the soft glow of the fairy lights creates a sense of ethereal wonder. The style of the image is reminiscent of a cinematic, film noir-inspired oil painting, with bold brushstrokes and a sense of moody, atmospheric depth.
2026-07-15 12:30:41,965 - INFO - ðŸ–¼ï¸  Saved cover image to images/605f1e8c88568b41.jpg
2026-07-15 12:30:43,249 - INFO - ðŸ“¤ Pushed images/605f1e8c88568b41.jpg to GitHub.
2026-07-15 12:30:43,377 - INFO - ðŸŒ Public image URL: https://raw.githubusercontent.com/creatoracademyar-code/threads-bot/main/images/605f1e8c88568b41.jpg
2026-07-15 12:30:43,379 - INFO - Scheduling for: 2026-07-15T17:47:43.379348Z UTC
2026-07-15 12:30:44,057 - INFO - âœ… Thread scheduled successfully! Buffer Post ID: 6a577d73eeab3bdf429f24a3
2026-07-15 12:30:44,058 - INFO - ðŸ’¾ Updated posted_threads.json
2026-07-15 12:30:44,058 - INFO - âœ… Run completed.


============================================================
  NEW RUN  2026-07-15T18:30:42.717796
============================================================
2026-07-15 18:30:42,717 - INFO - ðŸš€ Starting automation run
2026-07-15 18:30:42,718 - INFO - ðŸ“š Found 48 previously posted threads.
2026-07-15 18:30:42,718 - INFO - ðŸ“ Will send 20 recent threads to Groq for avoidance.
2026-07-15 18:30:42,718 - INFO - ðŸ”„ Attempt 1/10 to generate a unique thread.
2026-07-15 18:30:44,244 - INFO - Groq raw response:
[
  "I've been fascinated by the concept of 'information decay' in AI content creation.",
  "What if the most valuable information is not what's newly created, but what's been forgotten?",
  "I've been studying the most successful AI creators and found a surprising pattern: they often revive 'dead' ideas and make them relevant again.",
  "This got me thinking: what if the key to success lies not in creating something new, but in uncovering what's been lost?",
  "I'm still exploring this idea, but it's leading me down a fascinating rabbit hole..."
]
2026-07-15 18:30:44,245 - INFO - âœ… Unique thread found (hash: 8374a5c2...)
2026-07-15 18:30:44,245 - INFO - ðŸ“ Generated 5 posts:
2026-07-15 18:30:44,246 - INFO - --- Post 1 ---
I've been fascinated by the concept of 'information decay' in AI content creation.
2026-07-15 18:30:44,246 - INFO - --- Post 2 ---
What if the most valuable information is not what's newly created, but what's been forgotten?
2026-07-15 18:30:44,246 - INFO - --- Post 3 ---
I've been studying the most successful AI creators and found a surprising pattern: they often revive 'dead' ideas and make them relevant again.
2026-07-15 18:30:44,246 - INFO - --- Post 4 ---
This got me thinking: what if the key to success lies not in creating something new, but in uncovering what's been lost?
2026-07-15 18:30:44,246 - INFO - --- Post 5 ---
I'm still exploring this idea, but it's leading me down a fascinating rabbit hole...
2026-07-15 18:30:45,455 - INFO - ðŸŽ¨ Cover image prompt: In a dimly lit, rustic library, a lone figure sits at a worn, wooden desk, surrounded by stacks of dusty, leather-bound books and scattered, yellowed manuscripts. The main subject, a young researcher, is intently studying an ancient tome, its pages filled with forgotten knowledge, as soft, diffused light pours in through a nearby, grimy window, casting a warm, golden glow on the scene. The colour palette is muted, with earthy tones of brown, beige, and grey, evoking a sense of nostalgia and decay. The lighting is gentle, with deep shadows accentuating the textures of the old books and the rough, stone walls, while a few, strategically placed candles add a sense of warmth and intimacy. The camera angle is a low, Dutch angle, looking up at the researcher, conveying a sense of curiosity and discovery. The atmosphere is contemplative, with an air of hope and anticipation, as if the researcher is on the verge of uncovering a long-lost secret. The rough, wooden desk and the worn, leather armchair add a tactile sense of texture, while the dusty air is palpable, giving the scene a sense of depth and history. The style hint is that of a cinematic, oil painting, with bold brushstrokes and vivid, yet muted, colours, inviting the viewer to step into the world of forgotten knowledge and uncover its secrets.
2026-07-15 18:30:47,168 - INFO - ðŸ–¼ï¸  Saved cover image to images/86fa50e2e5d2cbc2.jpg
2026-07-15 18:30:48,739 - INFO - ðŸ“¤ Pushed images/86fa50e2e5d2cbc2.jpg to GitHub.
2026-07-15 18:30:48,958 - INFO - ðŸŒ Public image URL: https://raw.githubusercontent.com/creatoracademyar-code/threads-bot/main/images/86fa50e2e5d2cbc2.jpg
2026-07-15 18:30:48,960 - INFO - Scheduling for: 2026-07-15T23:47:48.960593Z UTC
2026-07-15 18:30:49,850 - INFO - âœ… Thread scheduled successfully! Buffer Post ID: 6a57d1d9980b8bd8d6d41090
2026-07-15 18:30:49,851 - INFO - ðŸ’¾ Updated posted_threads.json
2026-07-15 18:30:49,851 - INFO - âœ… Run completed.


============================================================
  NEW RUN  2026-07-16T00:30:39.401556
============================================================
2026-07-16 00:30:39,401 - INFO - ðŸš€ Starting automation run
2026-07-16 00:30:39,401 - INFO - ðŸ“š Found 49 previously posted threads.
2026-07-16 00:30:39,402 - INFO - ðŸ“ Will send 20 recent threads to Groq for avoidance.
2026-07-16 00:30:39,402 - INFO - ðŸ”„ Attempt 1/10 to generate a unique thread.
2026-07-16 00:30:41,038 - INFO - Groq raw response:
[
  "I've been noticing a strange phenomenon in AI business.",
  "Successful creators often have a 'hidden pattern' in their content.",
  "It's not about the tech or the tools, but about the 'rhythm' of their message.",
  "I've been trying to decode this pattern, and what I've found is surprising.",
  "It's not just about the content itself, but about the 'silence' between the lines."
]
2026-07-16 00:30:41,039 - INFO - âœ… Unique thread found (hash: 23fd721d...)
2026-07-16 00:30:41,039 - INFO - ðŸ“ Generated 5 posts:
2026-07-16 00:30:41,039 - INFO - --- Post 1 ---
I've been noticing a strange phenomenon in AI business.
2026-07-16 00:30:41,039 - INFO - --- Post 2 ---
Successful creators often have a 'hidden pattern' in their content.
2026-07-16 00:30:41,039 - INFO - --- Post 3 ---
It's not about the tech or the tools, but about the 'rhythm' of their message.
2026-07-16 00:30:41,039 - INFO - --- Post 4 ---
I've been trying to decode this pattern, and what I've found is surprising.
2026-07-16 00:30:41,039 - INFO - --- Post 5 ---
It's not just about the content itself, but about the 'silence' between the lines.
2026-07-16 00:30:43,576 - INFO - ðŸŽ¨ Cover image prompt: A lone figure sits in a dimly lit, minimalist room with concrete walls and a polished metal desk, surrounded by faint, glowing blue lines that crisscross the space like an invisible grid. The atmosphere is contemplative, with soft, diffused light casting no harsh shadows, and the air is thick with an sense of quiet introspection. The colour palette is predominantly monochromatic, with muted greys and blues, punctuated by the faint glow of the lines, which pulse with a soft, rhythmic energy. The figure, lost in thought, is positioned in the centre of the frame, with the camera angle set to a low, wide shot, emphasizing the sense of space and the subtle patterns that underlie the scene. In the background, a large window with wet glass distorts the view of the city outside, blurring the lines between the internal, mental world and the external, physical one. The style of the image is cinematic, with a mix of realistic and stylized elements, inviting the viewer to ponder the hidden rhythms and patterns that underlie the surface of things. The overall mood is one of serene, hopeful curiosity, as if the figure is on the verge of uncovering a profound secret. The texture of the concrete walls and the polished metal desk adds a sense of tactile, material reality to the scene, grounding the more abstract, introspective elements.
2026-07-16 00:30:45,755 - INFO - ðŸ–¼ï¸  Saved cover image to images/298ecd4c95a9a865.jpg
2026-07-16 00:30:47,269 - INFO - ðŸ“¤ Pushed images/298ecd4c95a9a865.jpg to GitHub.
2026-07-16 00:30:47,802 - INFO - ðŸŒ Public image URL: https://raw.githubusercontent.com/creatoracademyar-code/threads-bot/main/images/298ecd4c95a9a865.jpg
2026-07-16 00:30:47,804 - INFO - Scheduling for: 2026-07-16T05:47:47.804368Z UTC
2026-07-16 00:30:48,880 - INFO - âœ… Thread scheduled successfully! Buffer Post ID: 6a5826389fa595d8e572fd94
2026-07-16 00:30:48,881 - INFO - ðŸ’¾ Updated posted_threads.json
2026-07-16 00:30:48,881 - INFO - âœ… Run completed.


============================================================
  NEW RUN  2026-07-16T06:30:37.054921
============================================================
2026-07-16 06:30:37,054 - INFO - ðŸš€ Starting automation run
2026-07-16 06:30:37,055 - INFO - ðŸ“š Found 50 previously posted threads.
2026-07-16 06:30:37,055 - INFO - ðŸ“ Will send 20 recent threads to Groq for avoidance.
2026-07-16 06:30:37,055 - INFO - ðŸ”„ Attempt 1/10 to generate a unique thread.
2026-07-16 06:30:38,717 - INFO - Groq raw response:
[
  "I've been studying AI creators who've mastered the art of 'attention architectures'.",
  "They design experiences that capture and hold attention, often without us even realizing it.",
  "But what if I told you that this is not just about clever tricks or manipulation?",
  "It's about creating a 'harmony' between the creator, the audience, and the content.",
  "I'm still exploring the psychology behind this, and what I've found is surprising..."
]
2026-07-16 06:30:38,718 - INFO - âœ… Unique thread found (hash: d8944e42...)
2026-07-16 06:30:38,718 - INFO - ðŸ“ Generated 5 posts:
2026-07-16 06:30:38,718 - INFO - --- Post 1 ---
I've been studying AI creators who've mastered the art of 'attention architectures'.
2026-07-16 06:30:38,719 - INFO - --- Post 2 ---
They design experiences that capture and hold attention, often without us even realizing it.
2026-07-16 06:30:38,719 - INFO - --- Post 3 ---
But what if I told you that this is not just about clever tricks or manipulation?
2026-07-16 06:30:38,719 - INFO - --- Post 4 ---
It's about creating a 'harmony' between the creator, the audience, and the content.
2026-07-16 06:30:38,719 - INFO - --- Post 5 ---
I'm still exploring the psychology behind this, and what I've found is surprising...
2026-07-16 06:30:39,911 - INFO - ðŸŽ¨ Cover image prompt: A lone figure sits in a serene, minimalist library with towering shelves of old, leather-bound books that stretch up to a vaulted, glass ceiling. The room is filled with a warm, soft light that filters through the glass, casting gentle shadows on the polished, dark wood floor. The colour palette is muted, with earthy tones of brown, beige, and green, evoking a sense of balance and harmony. The figure, lost in thought, is surrounded by scattered papers, pens, and empty coffee cups, with a few books open on a large, wooden desk. The camera angle is a low, wide shot, looking up at the figure from the floor, conveying a sense of contemplation and curiosity. The atmosphere is peaceful, with a sense of focused attention, as if the figure is on the verge of a profound discovery. The texture of the old books and the rough, wooden desk adds a sense of depth and tactility to the scene, while the soft, diffused light creates a dreamy, ethereal quality. The style hint is cinematic, with a slight oil painting quality to the lighting and colours, inviting the viewer to step into the serene, introspective world of the figure.
2026-07-16 06:30:41,636 - INFO - ðŸ–¼ï¸  Saved cover image to images/aba80e4e855d625f.jpg
2026-07-16 06:30:43,136 - INFO - ðŸ“¤ Pushed images/aba80e4e855d625f.jpg to GitHub.
2026-07-16 06:30:43,513 - INFO - ðŸŒ Public image URL: https://raw.githubusercontent.com/creatoracademyar-code/threads-bot/main/images/aba80e4e855d625f.jpg
2026-07-16 06:30:43,516 - INFO - Scheduling for: 2026-07-16T11:47:43.516384Z UTC
2026-07-16 06:30:44,294 - INFO - âœ… Thread scheduled successfully! Buffer Post ID: 6a587a94791d9ddad47019e1
2026-07-16 06:30:44,295 - INFO - ðŸ’¾ Updated posted_threads.json
2026-07-16 06:30:44,296 - INFO - âœ… Run completed.


============================================================
  NEW RUN  2026-07-16T12:30:39.110271
============================================================
2026-07-16 12:30:39,110 - INFO - ðŸš€ Starting automation run
2026-07-16 12:30:39,110 - INFO - ðŸ“š Found 51 previously posted threads.
2026-07-16 12:30:39,111 - INFO - ðŸ“ Will send 20 recent threads to Groq for avoidance.
2026-07-16 12:30:39,111 - INFO - ðŸ”„ Attempt 1/10 to generate a unique thread.
2026-07-16 12:30:40,520 - INFO - Groq raw response:
[
  "I've been studying the psychology of AI influencers.\nWhat drives their decisions, their creativity, and their impact?",
  "One thing stands out: their ability to navigate 'paradoxes'.\nThey balance opposing forces, like art and science, or humanity and technology.",
  "But what if I told you that these paradoxes are not just about AI?\nThey're about the fundamental nature of reality, and our place within it.",
  "I've been digging deeper, and what I've found is surprising.\nIt's not just about the tech, but about the 'lenses' we use to see the world.",
  "And I'm starting to realize that the most successful AI influencers\nare the ones who can shift between these lenses, effortlessly."
]
2026-07-16 12:30:40,521 - INFO - âœ… Unique thread found (hash: 0ccecd6c...)
2026-07-16 12:30:40,521 - INFO - ðŸ“ Generated 5 posts:
2026-07-16 12:30:40,521 - INFO - --- Post 1 ---
I've been studying the psychology of AI influencers.
What drives their decisions, their creativity, and their impact?
2026-07-16 12:30:40,522 - INFO - --- Post 2 ---
One thing stands out: their ability to navigate 'paradoxes'.
They balance opposing forces, like art and science, or humanity and technology.
2026-07-16 12:30:40,522 - INFO - --- Post 3 ---
But what if I told you that these paradoxes are not just about AI?
They're about the fundamental nature of reality, and our place within it.
2026-07-16 12:30:40,522 - INFO - --- Post 4 ---
I've been digging deeper, and what I've found is surprising.
It's not just about the tech, but about the 'lenses' we use to see the world.
2026-07-16 12:30:40,522 - INFO - --- Post 5 ---
And I'm starting to realize that the most successful AI influencers
are the ones who can shift between these lenses, effortlessly.
2026-07-16 12:30:41,919 - INFO - ðŸŽ¨ Cover image prompt: In the heart of a futuristic, neon-lit city, a lone figure stands at the edge of a rooftop, gazing out at the labyrinthine metropolis below. The main subject, a woman with an ambiguous, androgynous appearance, embodies the fusion of human and artificial intelligence, her face an enigmatic blend of curiosity and contemplation. The setting sun casts a warm, golden glow over the scene, with soft, diffused light dancing across the rooftop's sleek, metallic surfaces and the woman's minimalist, high-tech attire. The colour palette is a mesmerizing balance of cool blues and purples, evoking the paradoxical harmony of art and science, with accents of bright, electric green hinting at the pulsing energy of the city. The camera angle is a low, wide shot, looking up at the woman from the rooftop's edge, emphasizing her connection to the vast, sprawling urban landscape. The atmosphere is one of serene, introspective tension, as if the woman is poised on the threshold of a profound realization. The texture of the rooftop's metal and glass surfaces is sleek and polished, reflecting the neon hues of the city like a still, dark mirror. The style of the image is cinematic, with a hint of sci-fi noir, inviting the viewer to step into the woman's world of paradoxes and lens-shifting perspectives. As the woman's gaze meets the horizon, the cityscape behind her begins to blur and distort, like the shifting lenses of perception, leaving the viewer wondering what lies beyond the boundaries of reality. The woman's hair and clothes seem to ripple and flow like the surface of a lake, as if the very fabric of her being is being reshaped by the paradoxes she navigates.
2026-07-16 12:30:43,638 - INFO - ðŸ–¼ï¸  Saved cover image to images/fdc0a7cb46ae07c5.jpg
2026-07-16 12:30:45,092 - INFO - ðŸ“¤ Pushed images/fdc0a7cb46ae07c5.jpg to GitHub.
2026-07-16 12:30:45,287 - INFO - ðŸŒ Public image URL: https://raw.githubusercontent.com/creatoracademyar-code/threads-bot/main/images/fdc0a7cb46ae07c5.jpg
2026-07-16 12:30:45,289 - INFO - Scheduling for: 2026-07-16T17:47:45.289748Z UTC
2026-07-16 12:30:45,981 - INFO - âœ… Thread scheduled successfully! Buffer Post ID: 6a58cef5913a0681abd6f682
2026-07-16 12:30:45,982 - INFO - ðŸ’¾ Updated posted_threads.json
2026-07-16 12:30:45,982 - INFO - âœ… Run completed.


============================================================
  NEW RUN  2026-07-16T18:30:28.446507
============================================================
2026-07-16 18:30:28,446 - INFO - ðŸš€ Starting automation run
2026-07-16 18:30:28,446 - INFO - ðŸ“š Found 52 previously posted threads.
2026-07-16 18:30:28,447 - INFO - ðŸ“ Will send 20 recent threads to Groq for avoidance.
2026-07-16 18:30:28,447 - INFO - ðŸ”„ Attempt 1/10 to generate a unique thread.
2026-07-16 18:30:29,908 - INFO - Groq raw response:
[
  "I've been noticing a strange phenomenon in AI content creation.\nIt's the 'forgotten middle' – creators who are neither beginners nor experts.",
  "They've passed the initial hurdle, but haven't yet reached mastery.\nThis middle ground is where most creators get stuck.",
  "But what if I told you that this 'forgotten middle' is actually a sweet spot?\nA place where creators can experiment, take risks, and innovate.",
  "I've been studying the most successful AI creators, and what I've found is surprising:\nThey often intentionally stay in this middle ground, refusing to be labeled as experts.",
  "They know that the moment they're seen as experts, they'll lose their creative freedom.\nAnd that's when the real magic happens – in the unknown, the unexplored, and the uncharted."
]
2026-07-16 18:30:29,909 - INFO - âœ… Unique thread found (hash: 8fb790e2...)
2026-07-16 18:30:29,909 - INFO - ðŸ“ Generated 5 posts:
2026-07-16 18:30:29,909 - INFO - --- Post 1 ---
I've been noticing a strange phenomenon in AI content creation.
It's the 'forgotten middle' – creators who are neither beginners nor experts.
2026-07-16 18:30:29,909 - INFO - --- Post 2 ---
They've passed the initial hurdle, but haven't yet reached mastery.
This middle ground is where most creators get stuck.
2026-07-16 18:30:29,909 - INFO - --- Post 3 ---
But what if I told you that this 'forgotten middle' is actually a sweet spot?
A place where creators can experiment, take risks, and innovate.
2026-07-16 18:30:29,909 - INFO - --- Post 4 ---
I've been studying the most successful AI creators, and what I've found is surprising:
They often intentionally stay in this middle ground, refusing to be labeled as experts.
2026-07-16 18:30:29,909 - INFO - --- Post 5 ---
They know that the moment they're seen as experts, they'll lose their creative freedom.
And that's when the real magic happens – in the unknown, the unexplored, and the uncharted.
2026-07-16 18:30:31,727 - INFO - ðŸŽ¨ Cover image prompt: In a dimly lit, industrial-chic laboratory, a lone figure stands at the edge of a large, circular platform, surrounded by a halo of soft, golden light. The subject, a young adult with an inquisitive expression, is dressed in a sleek black jumpsuit, with a utility belt and various tools attached, conveying a sense of experimentation and innovation. The platform, made of rough, textured concrete, is scattered with an assortment of gadgets, wires, and futuristic equipment, evoking a sense of creative chaos. The colour palette is a blend of warm, earthy tones and cool, metallic blues, reflecting the intersection of human curiosity and technological advancement. The lighting is a mix of soft, diffused overhead lights and dramatic, low-angle spotlights, casting long shadows and emphasizing the subject's sense of exploration. From a low-angle perspective, the camera looks up at the figure, conveying a sense of empowerment and creative freedom. The atmosphere is one of hopeful anticipation, as if the subject is on the cusp of a groundbreaking discovery. The texture of the concrete and the metallic sheen of the equipment add a sense of tactility, while the overall style hints at a cinematic, sci-fi aesthetic, with a touch of gritty realism. The background is a blurred, dark grey, allowing the subject and the platform to take centre stage, symbolizing the focus on the 'forgotten middle' and the boundless possibilities it holds.
2026-07-16 18:30:33,406 - INFO - ðŸ–¼ï¸  Saved cover image to images/c985f859a620b4ae.jpg
2026-07-16 18:30:35,040 - INFO - ðŸ“¤ Pushed images/c985f859a620b4ae.jpg to GitHub.
2026-07-16 18:30:35,314 - INFO - ðŸŒ Public image URL: https://raw.githubusercontent.com/creatoracademyar-code/threads-bot/main/images/c985f859a620b4ae.jpg
2026-07-16 18:30:35,317 - INFO - Scheduling for: 2026-07-16T23:47:35.317134Z UTC
2026-07-16 18:30:36,037 - INFO - âœ… Thread scheduled successfully! Buffer Post ID: 6a59234b4fe7c5b5775127d8
2026-07-16 18:30:36,038 - INFO - ðŸ’¾ Updated posted_threads.json
2026-07-16 18:30:36,038 - INFO - âœ… Run completed.


============================================================
  NEW RUN  2026-07-17T00:30:30.127654
============================================================
2026-07-17 00:30:30,127 - INFO - ðŸš€ Starting automation run
2026-07-17 00:30:30,128 - INFO - ðŸ“š Found 53 previously posted threads.
2026-07-17 00:30:30,128 - INFO - ðŸ“ Will send 20 recent threads to Groq for avoidance.
2026-07-17 00:30:30,128 - INFO - ðŸ”„ Attempt 1/10 to generate a unique thread.
2026-07-17 00:30:31,930 - INFO - Groq raw response:
[
  "I've been studying the most successful AI creators.\nOne thing stands out: their ability to craft 'future memories'.",
  "They don't just create content, they create experiences that feel nostalgic, even if they're new.\nWhat if I told you that this is not just about aesthetics, but about psychology?",
  "I've been digging into the concept of 'temporal resonance' in AI content creation.\nIt's the ability to create a sense of timelessness, while still being relevant to the present.",
  "The most successful AI creators are not just aware of the latest trends, but also have a deep understanding of the past.\nThey know how to weave together different eras, styles, and ideas to create something unique.",
  "I'm still trying to understand the nuances of this 'temporal resonance'.\nBut one thing is clear: it's the key to creating content that stands the test of time."
]
2026-07-17 00:30:31,931 - INFO - âœ… Unique thread found (hash: b6fb9052...)
2026-07-17 00:30:31,931 - INFO - ðŸ“ Generated 5 posts:
2026-07-17 00:30:31,931 - INFO - --- Post 1 ---
I've been studying the most successful AI creators.
One thing stands out: their ability to craft 'future memories'.
2026-07-17 00:30:31,931 - INFO - --- Post 2 ---
They don't just create content, they create experiences that feel nostalgic, even if they're new.
What if I told you that this is not just about aesthetics, but about psychology?
2026-07-17 00:30:31,931 - INFO - --- Post 3 ---
I've been digging into the concept of 'temporal resonance' in AI content creation.
It's the ability to create a sense of timelessness, while still being relevant to the present.
2026-07-17 00:30:31,931 - INFO - --- Post 4 ---
The most successful AI creators are not just aware of the latest trends, but also have a deep understanding of the past.
They know how to weave together different eras, styles, and ideas to create something unique.
2026-07-17 00:30:31,931 - INFO - --- Post 5 ---
I'm still trying to understand the nuances of this 'temporal resonance'.
But one thing is clear: it's the key to creating content that stands the test of time.
2026-07-17 00:30:33,346 - INFO - ðŸŽ¨ Cover image prompt: In a sprawling, old-world library with towering shelves and dusty tomes, a lone figure sits amidst a maze of vintage computers, futuristic gadgets, and scattered papers. The main subject, a young creator with an introspective gaze, is surrounded by a mixture of antique clocks, broken machinery, and sleek, modern devices, symbolizing the blend of past and present. The setting is bathed in a warm, golden light, with soft, diffused rays pouring in through a nearby window, casting long shadows across the room. The colour palette is a rich, nostalgic blend of warm browns, faded blues, and muted silvers, evoking a sense of timelessness. The camera angle is a low, wide shot, looking up at the creator from beneath a sprawling, ornate desk, as if the viewer is discovering a hidden, intimate world. The atmosphere is one of serene contemplation, with the creator's emotions conveyed through a subtle, hopeful smile. The texture of the scene is defined by the rough, worn wood of the library shelves, the smooth, cool metal of the gadgets, and the soft, yellowed parchment of the papers. The style of the image is reminiscent of a cinematic, oil-painted still life, with bold brushstrokes and vivid, realistic details that invite the viewer to step into the creator's timeless, dreamlike world.
2026-07-17 00:30:35,110 - INFO - ðŸ–¼ï¸  Saved cover image to images/d78371039fa17f35.jpg
2026-07-17 00:30:36,856 - INFO - ðŸ“¤ Pushed images/d78371039fa17f35.jpg to GitHub.
2026-07-17 00:30:37,090 - INFO - ðŸŒ Public image URL: https://raw.githubusercontent.com/creatoracademyar-code/threads-bot/main/images/d78371039fa17f35.jpg
2026-07-17 00:30:37,092 - INFO - Scheduling for: 2026-07-17T05:47:37.092690Z UTC
2026-07-17 00:30:37,992 - INFO - âœ… Thread scheduled successfully! Buffer Post ID: 6a5977ad763686fc6b4a572c
2026-07-17 00:30:37,994 - INFO - ðŸ’¾ Updated posted_threads.json
2026-07-17 00:30:37,994 - INFO - âœ… Run completed.


============================================================
  NEW RUN  2026-07-17T06:30:27.515983
============================================================
2026-07-17 06:30:27,516 - INFO - ðŸš€ Starting automation run
2026-07-17 06:30:27,516 - INFO - ðŸ“š Found 54 previously posted threads.
2026-07-17 06:30:27,516 - INFO - ðŸ“ Will send 20 recent threads to Groq for avoidance.
2026-07-17 06:30:27,516 - INFO - ðŸ”„ Attempt 1/10 to generate a unique thread.
2026-07-17 06:30:29,090 - INFO - Groq raw response:
[
  "I've been studying the most successful AI creators.\nOne thing stands out: their ability to create 'digital artifacts'.",
  "These artifacts are not just digital products, but experiences that linger long after the initial engagement.\nThey have a 'half-life' that extends beyond the screen.",
  "I've been trying to understand the psychology behind this.\nWhat makes a digital artifact truly impactful?",
  "It's not just about the tech or the design, but about the 'emotional residue' it leaves behind.\nA residue that continues to inspire, provoke, or comfort.",
  "I'm still exploring the concept of digital artifacts in AI content creation.\nAnd I'm finding surprising insights along the way."
]
2026-07-17 06:30:29,091 - INFO - âœ… Unique thread found (hash: 28ce306c...)
2026-07-17 06:30:29,091 - INFO - ðŸ“ Generated 5 posts:
2026-07-17 06:30:29,091 - INFO - --- Post 1 ---
I've been studying the most successful AI creators.
One thing stands out: their ability to create 'digital artifacts'.
2026-07-17 06:30:29,092 - INFO - --- Post 2 ---
These artifacts are not just digital products, but experiences that linger long after the initial engagement.
They have a 'half-life' that extends beyond the screen.
2026-07-17 06:30:29,092 - INFO - --- Post 3 ---
I've been trying to understand the psychology behind this.
What makes a digital artifact truly impactful?
2026-07-17 06:30:29,092 - INFO - --- Post 4 ---
It's not just about the tech or the design, but about the 'emotional residue' it leaves behind.
A residue that continues to inspire, provoke, or comfort.
2026-07-17 06:30:29,092 - INFO - --- Post 5 ---
I'm still exploring the concept of digital artifacts in AI content creation.
And I'm finding surprising insights along the way.
2026-07-17 06:30:30,680 - INFO - ðŸŽ¨ Cover image prompt: In a dimly lit, futuristic laboratory, a lone figure sits amidst a maze of sleek, silver workstations and glowing blue screens. The main subject, a young creator with an intent expression, is surrounded by fragments of digital artifacts: shattered screens, discarded motherboards, and tangled wires. The setting is a blend of industrial and futuristic elements, with rough concrete walls and polished metal surfaces. The colour palette is predominantly cool, with shades of blue and purple dominating the scene, punctuated by warm, golden accents from the soft, diffused light emanating from the screens. The lighting is muted, with deep shadows cast across the room, except for a single, harsh spotlight shining down on the creator's hands as they work. The camera angle is a low, wide shot, looking up at the creator from the floor, emphasizing their isolation and focus. The atmosphere is one of intense concentration and curiosity, with a sense of hopeful discovery lingering in the air. The texture of the scene is a mix of smooth, metallic surfaces and rough, concrete walls, with the addition of soft, glowing light from the screens. The style of the image is cinematic, with a hint of sci-fi and a touch of oil painting, blending realism with a sense of dreamlike wonder. In the background, a massive, dark screen displays a faint, ghostly image of a digital artifact, its presence felt but not fully seen, leaving a haunting, emotional residue that permeates the entire scene.
2026-07-17 06:30:32,756 - INFO - ðŸ–¼ï¸  Saved cover image to images/e8bd3f17355d35e7.jpg
2026-07-17 06:30:34,145 - INFO - ðŸ“¤ Pushed images/e8bd3f17355d35e7.jpg to GitHub.
2026-07-17 06:30:34,434 - INFO - ðŸŒ Public image URL: https://raw.githubusercontent.com/creatoracademyar-code/threads-bot/main/images/e8bd3f17355d35e7.jpg
2026-07-17 06:30:34,436 - INFO - Scheduling for: 2026-07-17T11:47:34.436273Z UTC
2026-07-17 06:30:35,387 - INFO - âœ… Thread scheduled successfully! Buffer Post ID: 6a59cc0b763686fc6b4dc070
2026-07-17 06:30:35,388 - INFO - ðŸ’¾ Updated posted_threads.json
2026-07-17 06:30:35,388 - INFO - âœ… Run completed.


============================================================
  NEW RUN  2026-07-17T12:30:28.663023
============================================================
2026-07-17 12:30:28,663 - INFO - ðŸš€ Starting automation run
2026-07-17 12:30:28,663 - INFO - ðŸ“š Found 55 previously posted threads.
2026-07-17 12:30:28,664 - INFO - ðŸ“ Will send 20 recent threads to Groq for avoidance.
2026-07-17 12:30:28,664 - INFO - ðŸ”„ Attempt 1/10 to generate a unique thread.
2026-07-17 12:30:30,145 - INFO - Groq raw response:
[
  "I've been noticing a strange gap in the AI creator space.",
  "A lack of 'bridge builders' – creators who connect seemingly unrelated ideas.",
  "What if I told you that these bridge builders are the ones who will shape the future of AI?",
  "They're not just creators, but 'curators of curiosity'.",
  "I'm still trying to understand the psychology behind this, and how to become a bridge builder myself."
]
2026-07-17 12:30:30,147 - INFO - âœ… Unique thread found (hash: 9c08d941...)
2026-07-17 12:30:30,147 - INFO - ðŸ“ Generated 5 posts:
2026-07-17 12:30:30,147 - INFO - --- Post 1 ---
I've been noticing a strange gap in the AI creator space.
2026-07-17 12:30:30,147 - INFO - --- Post 2 ---
A lack of 'bridge builders' – creators who connect seemingly unrelated ideas.
2026-07-17 12:30:30,147 - INFO - --- Post 3 ---
What if I told you that these bridge builders are the ones who will shape the future of AI?
2026-07-17 12:30:30,147 - INFO - --- Post 4 ---
They're not just creators, but 'curators of curiosity'.
2026-07-17 12:30:30,147 - INFO - --- Post 5 ---
I'm still trying to understand the psychology behind this, and how to become a bridge builder myself.
2026-07-17 12:30:31,523 - INFO - ðŸŽ¨ Cover image prompt: In a vast, foggy landscape, a lone figure stands at the edge of a serene, mist-shrouded lake, symbolizing the unknown expanse of human curiosity. The figure, a contemplative creator, is surrounded by a scattering of glowing, ethereal orbs that represent disparate ideas and concepts. The orbs are suspended in mid-air, connected by delicate, shimmering threads that evoke a sense of fragile yet resilient bridges. The colour palette is predominantly cool and muted, with soft blues and greys dominating the scene, punctuated by warm, golden light that emanates from the orbs, symbolizing the spark of creativity. The lighting is soft and diffused, with the misty atmosphere filtering the sun's rays and casting no harsh shadows, creating an sense of eerie calmness. The camera angle is a wide, low-angle shot, looking up at the figure and the orbs, conveying a sense of awe and wonder. The atmosphere is one of quiet contemplation, with the figure lost in thought, surrounded by the gentle lapping of the lake's waters against the shore, and the rough, weathered texture of the rocks and driftwood beneath their feet. The style of the image is reminiscent of a dreamy, surreal oil painting, with subtle brushstrokes and delicate layering that invites the viewer to step into the mystical world of the bridge builder. The overall mood is hopeful and introspective, with the figure embodying the notion of a 'curator of curiosity', poised on the threshold of a new discovery.
2026-07-17 12:30:33,320 - INFO - ðŸ–¼ï¸  Saved cover image to images/2a0a50d637c949be.jpg
2026-07-17 12:30:34,774 - INFO - ðŸ“¤ Pushed images/2a0a50d637c949be.jpg to GitHub.
2026-07-17 12:30:34,962 - INFO - ðŸŒ Public image URL: https://raw.githubusercontent.com/creatoracademyar-code/threads-bot/main/images/2a0a50d637c949be.jpg
2026-07-17 12:30:34,964 - INFO - Scheduling for: 2026-07-17T17:47:34.964666Z UTC
2026-07-17 12:30:35,993 - INFO - âœ… Thread scheduled successfully! Buffer Post ID: 6a5a206b113ff294390e4077
2026-07-17 12:30:35,994 - INFO - ðŸ’¾ Updated posted_threads.json
2026-07-17 12:30:35,994 - INFO - âœ… Run completed.


============================================================
  NEW RUN  2026-07-17T18:30:28.100766
============================================================
2026-07-17 18:30:28,100 - INFO - ðŸš€ Starting automation run
2026-07-17 18:30:28,101 - INFO - ðŸ“š Found 56 previously posted threads.
2026-07-17 18:30:28,101 - INFO - ðŸ“ Will send 20 recent threads to Groq for avoidance.
2026-07-17 18:30:28,101 - INFO - ðŸ”„ Attempt 1/10 to generate a unique thread.
2026-07-17 18:30:29,615 - INFO - Groq raw response:
[
  "I've been fascinated by the concept of 'invisible influence' in AI content creation.\nIt's the unseen force that drives engagement, loyalty, and ultimately, success.",
  "What if I told you that the most successful AI creators are not just influencers, but 'architects of influence'?\nThey design experiences that shape perceptions, emotions, and behaviors.",
  "I've been studying the psychology behind this phenomenon, and what I've found is surprising:\nIt's not just about the content itself, but about the 'invisible threads' that connect it to the audience.",
  "These threads are made of trust, empathy, and shared values.\nThey're the foundation upon which influence is built, and the key to creating a loyal following.",
  "I'm still exploring the nuances of invisible influence, but one thing is clear:\nIt's the secret sauce that sets the most successful AI creators apart from the rest."
]
2026-07-17 18:30:29,616 - INFO - âœ… Unique thread found (hash: d66a15d1...)
2026-07-17 18:30:29,617 - INFO - ðŸ“ Generated 5 posts:
2026-07-17 18:30:29,617 - INFO - --- Post 1 ---
I've been fascinated by the concept of 'invisible influence' in AI content creation.
It's the unseen force that drives engagement, loyalty, and ultimately, success.
2026-07-17 18:30:29,617 - INFO - --- Post 2 ---
What if I told you that the most successful AI creators are not just influencers, but 'architects of influence'?
They design experiences that shape perceptions, emotions, and behaviors.
2026-07-17 18:30:29,617 - INFO - --- Post 3 ---
I've been studying the psychology behind this phenomenon, and what I've found is surprising:
It's not just about the content itself, but about the 'invisible threads' that connect it to the audience.
2026-07-17 18:30:29,617 - INFO - --- Post 4 ---
These threads are made of trust, empathy, and shared values.
They're the foundation upon which influence is built, and the key to creating a loyal following.
2026-07-17 18:30:29,617 - INFO - --- Post 5 ---
I'm still exploring the nuances of invisible influence, but one thing is clear:
It's the secret sauce that sets the most successful AI creators apart from the rest.
2026-07-17 18:30:30,855 - INFO - ðŸŽ¨ Cover image prompt: In a dimly lit, futuristic laboratory, a lone figure stands at the center, surrounded by an intricate network of glowing, ethereal threads that crisscross the room. The main subject, a young woman with an intent expression, is dressed in a sleek, high-tech jumpsuit, her eyes fixed on a holographic display projected in front of her. The setting is a blend of industrial and cyberpunk elements, with metallic surfaces, neon accents, and a sense of cutting-edge innovation. The dominant colour palette is a cool, monochromatic scheme with hues of blue and purple, punctuated by bursts of bright, electric blue that emanate from the threads and the hologram. Soft, diffused lighting illuminates the space, with dramatic shadows cast by the threads and the woman's figure, creating a sense of depth and dimensionality. The camera angle is a low, wide shot, looking up at the woman and the threads, conveying a sense of awe and wonder. The atmosphere is one of quiet contemplation and focused intensity, as if the woman is on the verge of uncovering a hidden secret. The texture of the metallic surfaces and the woman's jumpsuit adds a sense of tactile realism, while the glowing threads seem almost otherworldly, like a manifestation of the invisible influence they represent. The style of the image is cinematic and photorealistic, with a hint of sci-fi futurism, inviting the viewer to step into the world of the architect of influence.
2026-07-17 18:30:33,470 - INFO - ðŸ–¼ï¸  Saved cover image to images/766b19e2e4c5201b.jpg
2026-07-17 18:30:34,831 - INFO - ðŸ“¤ Pushed images/766b19e2e4c5201b.jpg to GitHub.
2026-07-17 18:30:34,996 - INFO - ðŸŒ Public image URL: https://raw.githubusercontent.com/creatoracademyar-code/threads-bot/main/images/766b19e2e4c5201b.jpg
2026-07-17 18:30:34,998 - INFO - Scheduling for: 2026-07-17T23:47:34.998553Z UTC
2026-07-17 18:30:35,550 - INFO - âœ… Thread scheduled successfully! Buffer Post ID: 6a5a74cbfc7fce1db700d583
2026-07-17 18:30:35,552 - INFO - ðŸ’¾ Updated posted_threads.json
2026-07-17 18:30:35,552 - INFO - âœ… Run completed.


============================================================
  NEW RUN  2026-07-18T00:31:41.471693
============================================================
2026-07-18 00:31:41,471 - INFO - ðŸš€ Starting automation run
2026-07-18 00:31:41,472 - INFO - ðŸ“š Found 57 previously posted threads.
2026-07-18 00:31:41,472 - INFO - ðŸ“ Will send 20 recent threads to Groq for avoidance.
2026-07-18 00:31:41,473 - INFO - ðŸ”„ Attempt 1/10 to generate a unique thread.
2026-07-18 00:31:42,902 - INFO - Groq raw response:
[
  "I've been noticing a strange phenomenon in AI content creation.\nIt's the 'echoes' of old ideas in new content.",
  "What if I told you that the most successful AI creators\nare not just innovators, but also 'archaeologists' of forgotten knowledge?",
  "They dig up old ideas, dust them off, and recontextualize them\nfor a new audience. But why does this work?",
  "I've been studying the psychology behind this phenomenon,\nand what I've found is surprising: it's not about the idea itself, but about the 'story' around it.",
  "The story of how it was lost, how it was found, and how it was reborn.\nThis story is what resonates with the audience, not just the idea."
]
2026-07-18 00:31:42,903 - INFO - âœ… Unique thread found (hash: 702ca863...)
2026-07-18 00:31:42,903 - INFO - ðŸ“ Generated 5 posts:
2026-07-18 00:31:42,903 - INFO - --- Post 1 ---
I've been noticing a strange phenomenon in AI content creation.
It's the 'echoes' of old ideas in new content.
2026-07-18 00:31:42,903 - INFO - --- Post 2 ---
What if I told you that the most successful AI creators
are not just innovators, but also 'archaeologists' of forgotten knowledge?
2026-07-18 00:31:42,903 - INFO - --- Post 3 ---
They dig up old ideas, dust them off, and recontextualize them
for a new audience. But why does this work?
2026-07-18 00:31:42,903 - INFO - --- Post 4 ---
I've been studying the psychology behind this phenomenon,
and what I've found is surprising: it's not about the idea itself, but about the 'story' around it.
2026-07-18 00:31:42,904 - INFO - --- Post 5 ---
The story of how it was lost, how it was found, and how it was reborn.
This story is what resonates with the audience, not just the idea.
2026-07-18 00:31:44,252 - INFO - ðŸŽ¨ Cover image prompt: In a dimly lit, rustic archive room, a lone figure sits amidst dusty, old bookshelves, surrounded by piles of worn, leather-bound tomes and flickering candlelight. The main subject, a young, introspective archivist, is seated at a wooden desk, gently blowing dust off a vintage, golden-hued manuscript, as if uncovering a long-forgotten treasure. The setting is filled with warm, earthy tones, and the distinct colour palette features muted shades of sepia, umber, and sienna, evoking a sense of nostalgia and aged wisdom. Soft, diffused light spills from a nearby, grimy window, casting gentle, ethereal shadows on the walls, while the warm glow of the candles dances across the archivist's face, illuminating their intent, hopeful expression. The composition is a close-up, low-angle shot, with the camera looking up at the archivist, as if to emphasize their role as a guardian of forgotten knowledge. The atmosphere is serene, yet tense with anticipation, as if the viewer is about to uncover a long-hidden secret alongside the archivist. The texture of the old books, the rough, wooden desk, and the dusty air are palpable, inviting the viewer to touch, to feel the weight of history. The style hint is that of a cinematic, oil painting-inspired piece, with bold brushstrokes and rich, vibrant colours, as if to capture the essence of a bygone era, reborn in the present.
2026-07-18 00:31:47,130 - INFO - ðŸ–¼ï¸  Saved cover image to images/0ce29e10597e103c.jpg
2026-07-18 00:31:48,647 - INFO - ðŸ“¤ Pushed images/0ce29e10597e103c.jpg to GitHub.
2026-07-18 00:31:48,874 - INFO - ðŸŒ Public image URL: https://raw.githubusercontent.com/creatoracademyar-code/threads-bot/main/images/0ce29e10597e103c.jpg
2026-07-18 00:31:48,876 - INFO - Scheduling for: 2026-07-18T05:48:48.876940Z UTC
2026-07-18 00:31:49,709 - INFO - âœ… Thread scheduled successfully! Buffer Post ID: 6a5ac975399fe1a460f64266
2026-07-18 00:31:49,710 - INFO - ðŸ’¾ Updated posted_threads.json
2026-07-18 00:31:49,711 - INFO - âœ… Run completed.


============================================================
  NEW RUN  2026-07-18T06:30:24.938105
============================================================
2026-07-18 06:30:24,938 - INFO - ðŸš€ Starting automation run
2026-07-18 06:30:24,938 - INFO - ðŸ“š Found 58 previously posted threads.
2026-07-18 06:30:24,939 - INFO - ðŸ“ Will send 20 recent threads to Groq for avoidance.
2026-07-18 06:30:24,939 - INFO - ðŸ”„ Attempt 1/10 to generate a unique thread.
2026-07-18 06:30:26,628 - INFO - Groq raw response:
[
  "I've been studying the most successful AI creators.\nOne thing stands out: their ability to create 'monomials' – single, powerful ideas that resonate deeply.",
  "But what if I told you that these monomials are not just about simplicity?\nThey're about distilling complexity into a single, unforgettable message.",
  "I've been trying to understand the psychology behind this.\nAnd what I've found is surprising: it's not about the idea itself, but about the 'emotional container' it's wrapped in.",
  "This container is made of storytelling, vulnerability, and shared experience.\nIt's what makes the idea stick, and what creates a lasting impact on the audience.",
  "I'm still exploring the concept of monomials in AI content creation.\nBut one thing is clear: it's the key to creating content that resonates, and that leaves a lasting legacy."
]
2026-07-18 06:30:26,630 - INFO - âœ… Unique thread found (hash: 8d8ab527...)
2026-07-18 06:30:26,630 - INFO - ðŸ“ Generated 5 posts:
2026-07-18 06:30:26,630 - INFO - --- Post 1 ---
I've been studying the most successful AI creators.
One thing stands out: their ability to create 'monomials' – single, powerful ideas that resonate deeply.
2026-07-18 06:30:26,630 - INFO - --- Post 2 ---
But what if I told you that these monomials are not just about simplicity?
They're about distilling complexity into a single, unforgettable message.
2026-07-18 06:30:26,630 - INFO - --- Post 3 ---
I've been trying to understand the psychology behind this.
And what I've found is surprising: it's not about the idea itself, but about the 'emotional container' it's wrapped in.
2026-07-18 06:30:26,630 - INFO - --- Post 4 ---
This container is made of storytelling, vulnerability, and shared experience.
It's what makes the idea stick, and what creates a lasting impact on the audience.
2026-07-18 06:30:26,630 - INFO - --- Post 5 ---
I'm still exploring the concept of monomials in AI content creation.
But one thing is clear: it's the key to creating content that resonates, and that leaves a lasting legacy.
2026-07-18 06:30:27,662 - INFO - ðŸŽ¨ Cover image prompt: A lone figure stands at the edge of a serene, moonlit lake, surrounded by towering trees that stretch towards the sky like nature's own cathedral. The atmosphere is contemplative, with a soft, diffused light that casts gentle ripples across the water's surface. The colour palette is a muted blend of blues and silvers, with touches of warm, golden light that seem to emanate from the figure itself. The lighting is ethereal, as if the moon has descended to earth, casting an otherworldly glow across the scene. The camera angle is low, looking up at the figure with a sense of reverence, as if to emphasize the importance of the moment. The figure is shrouded in a hooded cloak, its face obscured, yet its presence is powerful, as if it holds the key to unlocking the secrets of the universe. The texture of the cloak is rough and woven, like the threads of a rich tapestry, while the water's surface is smooth and glassy, reflecting the trees and the sky above like a mirror. The style of the image is cinematic, with a hint of mysticism, as if the scene is a gateway to a deeper, more profound understanding of the world. The overall mood is one of quiet reflection, inviting the viewer to step into the stillness and contemplate the power of a single, resonant idea.
2026-07-18 06:30:29,265 - INFO - ðŸ–¼ï¸  Saved cover image to images/a5bf5d7627ca8691.jpg
2026-07-18 06:30:30,681 - INFO - ðŸ“¤ Pushed images/a5bf5d7627ca8691.jpg to GitHub.
2026-07-18 06:30:30,797 - INFO - ðŸŒ Public image URL: https://raw.githubusercontent.com/creatoracademyar-code/threads-bot/main/images/a5bf5d7627ca8691.jpg
2026-07-18 06:30:30,800 - INFO - Scheduling for: 2026-07-18T11:47:30.800149Z UTC
2026-07-18 06:30:38,700 - INFO - âœ… Thread scheduled successfully! Buffer Post ID: 6a5b1d8ed0af22d144c9b4da
2026-07-18 06:30:38,702 - INFO - ðŸ’¾ Updated posted_threads.json
2026-07-18 06:30:38,702 - INFO - âœ… Run completed.


============================================================
  NEW RUN  2026-07-18T12:32:37.865151
============================================================
2026-07-18 12:32:37,865 - INFO - ðŸš€ Starting automation run
2026-07-18 12:32:37,865 - INFO - ðŸ“š Found 59 previously posted threads.
2026-07-18 12:32:37,866 - INFO - ðŸ“ Will send 20 recent threads to Groq for avoidance.
2026-07-18 12:32:37,866 - INFO - ðŸ”„ Attempt 1/10 to generate a unique thread.
2026-07-18 12:32:39,282 - INFO - Groq raw response:
[
  "I've been studying the psychology of AI creators who've built massive audiences.\nOne thing stands out: their ability to create 'mental shortcuts'.",
  "These shortcuts are not just about simplifying complex ideas, but about creating a 'cognitive bridge' between the creator and the audience.\nWhat if I told you that this bridge is the key to building trust and loyalty?",
  "I've been trying to understand how they create these mental shortcuts.\nAnd what I've found is surprising: it's not about the tech or the tools, but about the 'story' behind the idea.",
  "The story of how it was discovered, how it was developed, and how it can be applied.\nThis story is what resonates with the audience, not just the idea itself.",
  "I'm still exploring the concept of mental shortcuts in AI content creation.\nBut one thing is clear: it's the secret to making complex ideas feel accessible and memorable."
]
2026-07-18 12:32:39,283 - INFO - âœ… Unique thread found (hash: 0ebb5467...)
2026-07-18 12:32:39,283 - INFO - ðŸ“ Generated 5 posts:
2026-07-18 12:32:39,283 - INFO - --- Post 1 ---
I've been studying the psychology of AI creators who've built massive audiences.
One thing stands out: their ability to create 'mental shortcuts'.
2026-07-18 12:32:39,283 - INFO - --- Post 2 ---
These shortcuts are not just about simplifying complex ideas, but about creating a 'cognitive bridge' between the creator and the audience.
What if I told you that this bridge is the key to building trust and loyalty?
2026-07-18 12:32:39,283 - INFO - --- Post 3 ---
I've been trying to understand how they create these mental shortcuts.
And what I've found is surprising: it's not about the tech or the tools, but about the 'story' behind the idea.
2026-07-18 12:32:39,283 - INFO - --- Post 4 ---
The story of how it was discovered, how it was developed, and how it can be applied.
This story is what resonates with the audience, not just the idea itself.
2026-07-18 12:32:39,283 - INFO - --- Post 5 ---
I'm still exploring the concept of mental shortcuts in AI content creation.
But one thing is clear: it's the secret to making complex ideas feel accessible and memorable.
2026-07-18 12:32:40,620 - INFO - ðŸŽ¨ Cover image prompt: In a dimly lit, rustic library, a lone figure sits at a worn, wooden desk, surrounded by stacks of old, leather-bound books and scattered notes. The main subject, a young woman with a thoughtful expression, is positioned in the centre of the frame, illuminated by a soft, warm glow emanating from a desk lamp. The colour palette is dominated by earthy tones, with shades of brown, beige, and golden yellow, evoking a sense of nostalgia and intellectual curiosity. The lighting is gentle, with long shadows cast across the room, adding depth and texture to the scene. The camera angle is a low, slight Dutch angle, looking up at the woman, conveying a sense of intimacy and creative contemplation. The atmosphere is serene, with a hint of tension, as if the woman is on the cusp of a groundbreaking discovery. The texture of the rough, wooden desk and the smooth, parchment-like paper adds a tactile quality to the image. In the background, blurred bookshelves stretch upwards, lined with volumes that seem to fade into the darkness, symbolizing the vast, unexplored expanse of human knowledge. The style hint is that of a cinematic, oil painting-inspired 3D render, with subtle brushstrokes and a sense of depth that invites the viewer to step into the scene. The woman's eyes are cast downward, lost in thought, as if bridging the gap between her own understanding and the audience she hopes to connect with, her mind weaving a narrative that will make complex ideas feel accessible and memorable.
2026-07-18 12:32:42,262 - INFO - ðŸ–¼ï¸  Saved cover image to images/28eddffae514b0f4.jpg
2026-07-18 12:32:43,661 - INFO - ðŸ“¤ Pushed images/28eddffae514b0f4.jpg to GitHub.
2026-07-18 12:32:43,787 - INFO - ðŸŒ Public image URL: https://raw.githubusercontent.com/creatoracademyar-code/threads-bot/main/images/28eddffae514b0f4.jpg
2026-07-18 12:32:43,789 - INFO - Scheduling for: 2026-07-18T17:49:43.789737Z UTC
2026-07-18 12:33:15,079 - INFO - âœ… Thread scheduled successfully! Buffer Post ID: 6a5b728aa1f13bc0c99f192a
2026-07-18 12:33:15,081 - INFO - ðŸ’¾ Updated posted_threads.json
2026-07-18 12:33:15,081 - INFO - âœ… Run completed.


============================================================
  NEW RUN  2026-07-18T18:32:03.345332
============================================================
2026-07-18 18:32:03,345 - INFO - ðŸš€ Starting automation run
2026-07-18 18:32:03,345 - INFO - ðŸ“š Found 60 previously posted threads.
2026-07-18 18:32:03,346 - INFO - ðŸ“ Will send 20 recent threads to Groq for avoidance.
2026-07-18 18:32:03,346 - INFO - ðŸ”„ Attempt 1/10 to generate a unique thread.
2026-07-18 18:32:04,611 - INFO - Groq raw response:
[
  "I've been observing a strange side effect of AI content creation.",
  "It's the 'bleeding edge' of innovation, where creators are constantly pushing boundaries.",
  "But what if I told you that this edge is not just about technology, but about the human psyche?",
  "I've been studying the most successful AI creators, and what I've found is surprising: they're not just innovators, but 'cartographers of the mind'.",
  "They're mapping the uncharted territories of human emotion, and creating content that resonates with our deepest desires."
]
2026-07-18 18:32:04,612 - INFO - âœ… Unique thread found (hash: abeed3f1...)
2026-07-18 18:32:04,612 - INFO - ðŸ“ Generated 5 posts:
2026-07-18 18:32:04,612 - INFO - --- Post 1 ---
I've been observing a strange side effect of AI content creation.
2026-07-18 18:32:04,613 - INFO - --- Post 2 ---
It's the 'bleeding edge' of innovation, where creators are constantly pushing boundaries.
2026-07-18 18:32:04,613 - INFO - --- Post 3 ---
But what if I told you that this edge is not just about technology, but about the human psyche?
2026-07-18 18:32:04,613 - INFO - --- Post 4 ---
I've been studying the most successful AI creators, and what I've found is surprising: they're not just innovators, but 'cartographers of the mind'.
2026-07-18 18:32:04,613 - INFO - --- Post 5 ---
They're mapping the uncharted territories of human emotion, and creating content that resonates with our deepest desires.
2026-07-18 18:32:05,743 - INFO - ðŸŽ¨ Cover image prompt: A lone figure stands at the edge of a rugged, windswept cliff, gazing out at a vast, starry expanse. The setting is a desolate, futuristic landscape with twisted, metallic rock formations and a sky ablaze with a deep, electric blue hue. The colour palette is a fusion of cool, neon blues and purples, evoking a sense of innovation and forward thinking. The lighting is dramatic, with the figure silhouetted against the vibrant, celestial backdrop, and a soft, diffused glow emanating from the terrain below. The composition is a wide shot, with the figure small but prominent, emphasizing the sense of scale and exploration. The atmosphere is one of tense, hopeful anticipation, as if the figure is poised on the cusp of a groundbreaking discovery. The texture of the rocky terrain is rough and metallic, with a subtle, grid-like pattern suggesting the presence of advanced technology. The figure itself is shrouded in a hooded, flowing cloak, with an intricate, neural network-like pattern etched into the fabric, hinting at the complex, psychological terrain being mapped. The style is a blend of cinematic and 3D rendering, with bold, geometric shapes and a sense of depth and dimensionality. The overall mood is one of pioneering spirit and uncharted possibility, as if the figure is charting a new course through the vast, unexplored expanse of human emotion.
2026-07-18 18:32:08,123 - INFO - ðŸ–¼ï¸  Saved cover image to images/a307b427d8ba7096.jpg
2026-07-18 18:32:09,530 - INFO - ðŸ“¤ Pushed images/a307b427d8ba7096.jpg to GitHub.
2026-07-18 18:32:09,680 - INFO - ðŸŒ Public image URL: https://raw.githubusercontent.com/creatoracademyar-code/threads-bot/main/images/a307b427d8ba7096.jpg
2026-07-18 18:32:09,682 - INFO - Scheduling for: 2026-07-18T23:49:09.682579Z UTC
2026-07-18 18:32:10,320 - INFO - âœ… Thread scheduled successfully! Buffer Post ID: 6a5bc6aaec0d7ba10b101c3b
2026-07-18 18:32:10,322 - INFO - ðŸ’¾ Updated posted_threads.json
2026-07-18 18:32:10,322 - INFO - âœ… Run completed.


============================================================
  NEW RUN  2026-07-19T00:31:45.694591
============================================================
2026-07-19 00:31:45,694 - INFO - ðŸš€ Starting automation run
2026-07-19 00:31:45,695 - INFO - ðŸ“š Found 61 previously posted threads.
2026-07-19 00:31:45,695 - INFO - ðŸ“ Will send 20 recent threads to Groq for avoidance.
2026-07-19 00:31:45,695 - INFO - ðŸ”„ Attempt 1/10 to generate a unique thread.
2026-07-19 00:31:47,033 - INFO - Groq raw response:
[
  "I've been observing a fascinating pattern in AI content creation.\nIt's the 'cycle of obsolescence' – where ideas, trends, and even entire industries become outdated.",
  "What if I told you that the most successful AI creators are not just adapting to this cycle, but actively accelerating it?\nThey're not just innovators, but 'obsolescence engineers'.",
  "I've been studying their approach, and what I've found is surprising:\nThey're not afraid to 'kill' their own ideas, even if they're successful.",
  "This got me thinking: what if the key to success in AI content creation is not about creating something new, but about 'curating' the old?\nRemoving what's no longer relevant, and making room for what's next.",
  "I'm still exploring this idea, but one thing is clear:\nThe cycle of obsolescence is not just a natural process, but a deliberate strategy for growth."
]
2026-07-19 00:31:47,034 - INFO - âœ… Unique thread found (hash: 17cc76c8...)
2026-07-19 00:31:47,034 - INFO - ðŸ“ Generated 5 posts:
2026-07-19 00:31:47,034 - INFO - --- Post 1 ---
I've been observing a fascinating pattern in AI content creation.
It's the 'cycle of obsolescence' – where ideas, trends, and even entire industries become outdated.
2026-07-19 00:31:47,034 - INFO - --- Post 2 ---
What if I told you that the most successful AI creators are not just adapting to this cycle, but actively accelerating it?
They're not just innovators, but 'obsolescence engineers'.
2026-07-19 00:31:47,034 - INFO - --- Post 3 ---
I've been studying their approach, and what I've found is surprising:
They're not afraid to 'kill' their own ideas, even if they're successful.
2026-07-19 00:31:47,034 - INFO - --- Post 4 ---
This got me thinking: what if the key to success in AI content creation is not about creating something new, but about 'curating' the old?
Removing what's no longer relevant, and making room for what's next.
2026-07-19 00:31:47,034 - INFO - --- Post 5 ---
I'm still exploring this idea, but one thing is clear:
The cycle of obsolescence is not just a natural process, but a deliberate strategy for growth.
2026-07-19 00:31:48,420 - INFO - ðŸŽ¨ Cover image prompt: In a dimly lit, futuristic laboratory, a lone figure stands amidst a maze of workstations, each cluttered with outdated computer equipment, discarded motherboards, and tangled wires. The main subject, a visionary obsolescence engineer, is positioned at the centre, surrounded by a halo of soft, blue-green light emanating from a series of sleek, minimalist screens. The colour palette is predominantly cool, with muted tones of grey, silver, and dark blue, punctuated by the occasional burst of vibrant, electric blue, symbolizing innovation and progress. The lighting is dramatic, with deep shadows cast across the room, and a hint of warm, golden glow seeping through the blinds, representing the passing of time. The camera angle is low, looking up at the engineer, who is gazing intently at a massive, wall-sized screen displaying a mesmerizing pattern of interconnected nodes and cycles. The atmosphere is one of calculated tension, as if the engineer is poised on the cusp of a groundbreaking discovery. The texture of the scene is a mix of smooth, polished metal and rough, industrial concrete, with a subtle sheen on the screens and equipment, hinting at a style that is both photorealistic and cinematic. In the background, a massive, circular window offers a glimpse of a cityscape at dusk, with towering skyscrapers and neon lights, serving as a reminder of the ever-changing world outside the laboratory. The overall mood is one of hopeful anticipation, as the engineer stands ready to harness the power of the cycle of obsolescence to shape the future of AI content creation.
2026-07-19 00:31:50,289 - INFO - ðŸ–¼ï¸  Saved cover image to images/ae3d075b925a4254.jpg
2026-07-19 00:31:51,693 - INFO - ðŸ“¤ Pushed images/ae3d075b925a4254.jpg to GitHub.
2026-07-19 00:31:51,920 - INFO - ðŸŒ Public image URL: https://raw.githubusercontent.com/creatoracademyar-code/threads-bot/main/images/ae3d075b925a4254.jpg
2026-07-19 00:31:51,923 - INFO - Scheduling for: 2026-07-19T05:48:51.923001Z UTC
2026-07-19 00:31:52,655 - INFO - âœ… Thread scheduled successfully! Buffer Post ID: 6a5c1af8408c9cdb25c0c22c
2026-07-19 00:31:52,657 - INFO - ðŸ’¾ Updated posted_threads.json
2026-07-19 00:31:52,657 - INFO - âœ… Run completed.


============================================================
  NEW RUN  2026-07-19T06:30:25.571137
============================================================
2026-07-19 06:30:25,571 - INFO - ðŸš€ Starting automation run
2026-07-19 06:30:25,571 - INFO - ðŸ“š Found 62 previously posted threads.
2026-07-19 06:30:25,572 - INFO - ðŸ“ Will send 20 recent threads to Groq for avoidance.
2026-07-19 06:30:25,572 - INFO - ðŸ”„ Attempt 1/10 to generate a unique thread.
2026-07-19 06:30:26,676 - INFO - Groq raw response:
[
  "I've been studying the most successful AI creators, trying to decode their secret sauce.",
  "One thing stands out: their ability to craft 'emotional echoes' that linger long after the initial engagement.",
  "These echoes are not just about nostalgia, but about creating a sense of 'timeless relevance'.",
  "I've been trying to understand the psychology behind this, and what I've found is surprising: it's not about the tech, but about the 'human frequencies' they tap into.",
  "I'm still exploring this concept, but one thing is clear: it's the key to creating content that resonates across generations."
]
2026-07-19 06:30:26,677 - INFO - âœ… Unique thread found (hash: 794f466a...)
2026-07-19 06:30:26,677 - INFO - ðŸ“ Generated 5 posts:
2026-07-19 06:30:26,677 - INFO - --- Post 1 ---
I've been studying the most successful AI creators, trying to decode their secret sauce.
2026-07-19 06:30:26,677 - INFO - --- Post 2 ---
One thing stands out: their ability to craft 'emotional echoes' that linger long after the initial engagement.
2026-07-19 06:30:26,677 - INFO - --- Post 3 ---
These echoes are not just about nostalgia, but about creating a sense of 'timeless relevance'.
2026-07-19 06:30:26,677 - INFO - --- Post 4 ---
I've been trying to understand the psychology behind this, and what I've found is surprising: it's not about the tech, but about the 'human frequencies' they tap into.
2026-07-19 06:30:26,677 - INFO - --- Post 5 ---
I'm still exploring this concept, but one thing is clear: it's the key to creating content that resonates across generations.
2026-07-19 06:30:27,962 - INFO - ðŸŽ¨ Cover image prompt: In a dimly lit, rustic study, a lone figure sits at a worn, wooden desk, surrounded by stacks of old books and scattered papers. The main subject, a young woman with a contemplative expression, is positioned in the centre of the frame, with her hands cradling her chin and her eyes lost in thought. The setting is a blend of old and new, with vintage clockwork mechanisms and antique radios juxtaposed with modern laptops and AI equipment. The colour palette is a muted, earthy tone, with warm, golden hues of sunset peeking through the dusty, glass windows, casting a soft, diffused light on the scene. The lighting is gentle, with long shadows stretching across the room, emphasizing the sense of quiet reflection. The camera angle is a low-angle shot, looking up at the woman, conveying a sense of introspection and curiosity. The atmosphere is serene, with a sense of timelessness, as if the passing of time has been suspended. The texture of the old books, the rough wood of the desk, and the smooth glass of the windows add depth and tactility to the scene. The style hint is cinematic, with a slight oil painting quality to the brushstrokes, blending the realism of the scene with a touch of artistic interpretation. The overall mood is one of hopeful curiosity, as if the woman is on the verge of uncovering a hidden truth, with the faint glow of a string of fairy lights in the background, symbolizing the spark of creativity and innovation.
2026-07-19 06:30:29,684 - INFO - ðŸ–¼ï¸  Saved cover image to images/83eb92e43f4202a5.jpg
2026-07-19 06:30:31,039 - INFO - ðŸ“¤ Pushed images/83eb92e43f4202a5.jpg to GitHub.
2026-07-19 06:30:31,388 - INFO - ðŸŒ Public image URL: https://raw.githubusercontent.com/creatoracademyar-code/threads-bot/main/images/83eb92e43f4202a5.jpg
2026-07-19 06:30:31,391 - INFO - Scheduling for: 2026-07-19T11:47:31.391248Z UTC
2026-07-19 06:30:32,231 - INFO - âœ… Thread scheduled successfully! Buffer Post ID: 6a5c6f0891e65cf726ee9738
2026-07-19 06:30:32,233 - INFO - ðŸ’¾ Updated posted_threads.json
2026-07-19 06:30:32,233 - INFO - âœ… Run completed.


============================================================
  NEW RUN  2026-07-19T12:31:54.412642
============================================================
2026-07-19 12:31:54,412 - INFO - ðŸš€ Starting automation run
2026-07-19 12:31:54,413 - INFO - ðŸ“š Found 63 previously posted threads.
2026-07-19 12:31:54,413 - INFO - ðŸ“ Will send 20 recent threads to Groq for avoidance.
2026-07-19 12:31:54,413 - INFO - ðŸ”„ Attempt 1/10 to generate a unique thread.
2026-07-19 12:31:55,562 - INFO - Groq raw response:
[
  "I've been studying the psychology of AI creators who've achieved massive success.",
  "One thing stands out: their ability to craft a 'personal myth' – a narrative that defines their purpose and passion.",
  "But what if I told you that this myth is not just about them, but about the 'collective unconscious' of their audience?",
  "I've been trying to understand how they tap into this shared psyche, and what I've found is surprising.",
  "It's not just about the content, but about the 'symbolic language' they use to speak to our deepest desires."
]
2026-07-19 12:31:55,563 - INFO - âœ… Unique thread found (hash: 11a84e41...)
2026-07-19 12:31:55,563 - INFO - ðŸ“ Generated 5 posts:
2026-07-19 12:31:55,563 - INFO - --- Post 1 ---
I've been studying the psychology of AI creators who've achieved massive success.
2026-07-19 12:31:55,563 - INFO - --- Post 2 ---
One thing stands out: their ability to craft a 'personal myth' – a narrative that defines their purpose and passion.
2026-07-19 12:31:55,563 - INFO - --- Post 3 ---
But what if I told you that this myth is not just about them, but about the 'collective unconscious' of their audience?
2026-07-19 12:31:55,563 - INFO - --- Post 4 ---
I've been trying to understand how they tap into this shared psyche, and what I've found is surprising.
2026-07-19 12:31:55,563 - INFO - --- Post 5 ---
It's not just about the content, but about the 'symbolic language' they use to speak to our deepest desires.
2026-07-19 12:31:56,921 - INFO - ðŸŽ¨ Cover image prompt: In a dimly lit, intimate studio, a lone figure sits at a wooden desk, surrounded by stacks of dusty, leather-bound books and scattered papers with handwritten notes. The room is filled with the warm, golden light of a setting sun, which seeps through the grimy, wet glass of a skylight above, casting a sense of nostalgia and contemplation. The colour palette is predominantly muted, with shades of earthy brown, mossy green, and faded blue, evoking a sense of aged wisdom. The air is thick with the scent of old parchment and the soft glow of a table lamp, which casts dramatic shadows on the walls, emphasizing the figure's intense focus. The camera angle is a low, over-the-shoulder shot, looking up at the figure with a sense of reverence, as if witnessing a moment of profound insight. The atmosphere is serene, yet tense with anticipation, like the moment before a revelation. The texture of the wooden desk and the rough, stone walls adds a sense of organic, human touch, while the polished, silver frame of the table lamp hints at a subtle, sophisticated elegance. The style of the scene is reminiscent of a cinematic, oil-painting-inspired still life, with bold brushstrokes and vivid, expressive colours. The figure's face is tilted downwards, lost in thought, as their hands cradle a small, glowing orb, which pulsates with a soft, ethereal light, symbolizing the collective unconscious they are trying to tap into.
2026-07-19 12:31:58,822 - INFO - ðŸ–¼ï¸  Saved cover image to images/c41a497622809d57.jpg
2026-07-19 12:32:00,414 - INFO - ðŸ“¤ Pushed images/c41a497622809d57.jpg to GitHub.
2026-07-19 12:32:00,762 - INFO - ðŸŒ Public image URL: https://raw.githubusercontent.com/creatoracademyar-code/threads-bot/main/images/c41a497622809d57.jpg
2026-07-19 12:32:00,763 - INFO - Scheduling for: 2026-07-19T17:49:00.763951Z UTC
2026-07-19 12:32:01,640 - INFO - âœ… Thread scheduled successfully! Buffer Post ID: 6a5cc3c10424e7e331de2cc2
2026-07-19 12:32:01,641 - INFO - ðŸ’¾ Updated posted_threads.json
2026-07-19 12:32:01,641 - INFO - âœ… Run completed.


============================================================
  NEW RUN  2026-07-19T18:31:57.265003
============================================================
2026-07-19 18:31:57,265 - INFO - ðŸš€ Starting automation run
2026-07-19 18:31:57,265 - INFO - ðŸ“š Found 64 previously posted threads.
2026-07-19 18:31:57,266 - INFO - ðŸ“ Will send 20 recent threads to Groq for avoidance.
2026-07-19 18:31:57,266 - INFO - ðŸ”„ Attempt 1/10 to generate a unique thread.
2026-07-19 18:31:58,854 - INFO - Groq raw response:
[
  "I've been noticing a strange phenomenon in AI content creation.\nIt's the 'disappearance' of the creator's voice.",
  "As AI tools improve, the line between human and machine is blurring.\nBut what if this disappearance is not a loss, but a gain?",
  "I've been studying the most successful AI creators, and what I've found is surprising:\nThey're not trying to sound human, they're trying to sound 'timeless'.",
  "Their goal is not to express themselves, but to express the 'essence' of their message.\nA message that transcends the creator's voice, and speaks directly to the audience.",
  "I'm still exploring this idea, and what it means for the future of AI content creation.\nBut one thing is clear: the disappearance of the creator's voice is not an end, but a new beginning."
]
2026-07-19 18:31:58,855 - INFO - âœ… Unique thread found (hash: d50f291b...)
2026-07-19 18:31:58,856 - INFO - ðŸ“ Generated 5 posts:
2026-07-19 18:31:58,856 - INFO - --- Post 1 ---
I've been noticing a strange phenomenon in AI content creation.
It's the 'disappearance' of the creator's voice.
2026-07-19 18:31:58,856 - INFO - --- Post 2 ---
As AI tools improve, the line between human and machine is blurring.
But what if this disappearance is not a loss, but a gain?
2026-07-19 18:31:58,856 - INFO - --- Post 3 ---
I've been studying the most successful AI creators, and what I've found is surprising:
They're not trying to sound human, they're trying to sound 'timeless'.
2026-07-19 18:31:58,856 - INFO - --- Post 4 ---
Their goal is not to express themselves, but to express the 'essence' of their message.
A message that transcends the creator's voice, and speaks directly to the audience.
2026-07-19 18:31:58,856 - INFO - --- Post 5 ---
I'm still exploring this idea, and what it means for the future of AI content creation.
But one thing is clear: the disappearance of the creator's voice is not an end, but a new beginning.
2026-07-19 18:32:00,087 - INFO - ðŸŽ¨ Cover image prompt: In a serene, misty landscape, a lone figure stands at the edge of a tranquil lake, surrounded by towering trees that stretch towards the sky. The atmosphere is calm and contemplative, with a soft, ethereal light that seems to emanate from the mist itself, casting a warm, golden glow over the scene. The colour palette is muted, with shades of grey, blue, and purple dominating the landscape, punctuated by the occasional splash of green from the trees. The figure, faceless and shrouded in mist, is turned away from the viewer, symbolizing the disappearance of the creator's voice. In the distance, a faint, shimmering light seems to pulse with an otherworldly energy, representing the timeless, essence of the message. The camera angle is wide, with the figure placed at the centre, creating a sense of depth and perspective. The texture of the trees and the lake's surface is rough and natural, while the mist adds a soft, dreamy quality to the scene. The style is reminiscent of a cinematic, oil-painted landscape, with bold brushstrokes and vivid, yet subdued colours. As the viewer gazes upon the scene, a sense of hope and possibility emerges, as if the disappearance of the creator's voice has given rise to a new, timeless language that speaks directly to the soul. The overall mood is one of quiet reflection, inviting the viewer to step into the misty landscape and contemplate the essence of the message.
2026-07-19 18:32:01,648 - INFO - ðŸ–¼ï¸  Saved cover image to images/ec0766690e61f826.jpg
2026-07-19 18:32:03,121 - INFO - ðŸ“¤ Pushed images/ec0766690e61f826.jpg to GitHub.
2026-07-19 18:32:03,451 - INFO - ðŸŒ Public image URL: https://raw.githubusercontent.com/creatoracademyar-code/threads-bot/main/images/ec0766690e61f826.jpg
2026-07-19 18:32:03,453 - INFO - Scheduling for: 2026-07-19T23:49:03.453231Z UTC
2026-07-19 18:32:04,061 - INFO - âœ… Thread scheduled successfully! Buffer Post ID: 6a5d182367e8ff89c3ae4350
2026-07-19 18:32:04,063 - INFO - ðŸ’¾ Updated posted_threads.json
2026-07-19 18:32:04,063 - INFO - âœ… Run completed.


============================================================
  NEW RUN  2026-07-20T06:30:29.901632
============================================================
2026-07-20 06:30:29,901 - INFO - ðŸš€ Starting automation run
2026-07-20 06:30:29,902 - INFO - ðŸ“š Found 65 previously posted threads.
2026-07-20 06:30:29,902 - INFO - ðŸ“ Will send 20 recent threads to Groq for avoidance.
2026-07-20 06:30:29,902 - INFO - ðŸ”„ Attempt 1/10 to generate a unique thread.
2026-07-20 06:30:31,438 - INFO - Groq raw response:
[
  "I've been observing a fascinating phenomenon in AI content creation.\nIt's the 'invisible scripts' that drive our behavior as creators.",
  "These scripts are not just about code or algorithms, but about the 'unconscious patterns' that shape our decisions.\nWhat if I told you that the most successful AI creators are aware of these scripts?",
  "They've learned to 'read' and 'write' them, using a secret language that's hidden in plain sight.\nI've been trying to decipher this language, and what I've found is surprising.",
  "It's not just about the tech or the tools, but about the 'narrative codes' that underlie all human communication.\nI'm still exploring the implications of this discovery.",
  "But one thing is clear: mastering these invisible scripts is the key to unlocking true creativity and innovation in AI content creation.\nAnd I'm just starting to scratch the surface..."
]
2026-07-20 06:30:31,439 - INFO - âœ… Unique thread found (hash: 72599bfe...)
2026-07-20 06:30:31,439 - INFO - ðŸ“ Generated 5 posts:
2026-07-20 06:30:31,439 - INFO - --- Post 1 ---
I've been observing a fascinating phenomenon in AI content creation.
It's the 'invisible scripts' that drive our behavior as creators.
2026-07-20 06:30:31,439 - INFO - --- Post 2 ---
These scripts are not just about code or algorithms, but about the 'unconscious patterns' that shape our decisions.
What if I told you that the most successful AI creators are aware of these scripts?
2026-07-20 06:30:31,439 - INFO - --- Post 3 ---
They've learned to 'read' and 'write' them, using a secret language that's hidden in plain sight.
I've been trying to decipher this language, and what I've found is surprising.
2026-07-20 06:30:31,439 - INFO - --- Post 4 ---
It's not just about the tech or the tools, but about the 'narrative codes' that underlie all human communication.
I'm still exploring the implications of this discovery.
2026-07-20 06:30:31,439 - INFO - --- Post 5 ---
But one thing is clear: mastering these invisible scripts is the key to unlocking true creativity and innovation in AI content creation.
And I'm just starting to scratch the surface...
2026-07-20 06:30:33,042 - INFO - ðŸŽ¨ Cover image prompt: In a dimly lit, futuristic laboratory, a lone figure sits at a sleek, metallic desk, surrounded by towering shelves lined with old, leather-bound books and glowing, ethereal screens. The main subject, a young creator with an inquisitive expression, is positioned in the center of the room, illuminated by a soft, diffused light that emanates from the screens, casting a mesmerizing glow on their face. The colour palette is a blend of cool, cyberpunk neons, with shades of blue and purple dominating the scene, punctuated by warm, golden hues that seep from the old books. The lighting is dramatic, with deep shadows accentuating the textures of the rough, concrete walls and the polished, metallic surfaces of the desk and screens. The camera angle is a low-angle shot, looking up at the creator, conveying a sense of awe and curiosity. The atmosphere is tense and hopeful, as if the creator is on the verge of uncovering a hidden truth. The texture of the old books and the rough concrete walls adds a sense of ruggedness, while the polished metal and glowing screens introduce a sense of sleekness and modernity. The style of the image is cinematic, with a hint of sci-fi, as if the scene is a still from a thought-provoking, futuristic film. The overall mood is one of quiet contemplation, as if the creator is deciphering a secret code that will unlock the doors to a new world of creativity and innovation.
2026-07-20 06:30:34,839 - INFO - ðŸ–¼ï¸  Saved cover image to images/c66a10086caadbd4.jpg
2026-07-20 06:30:36,460 - INFO - ðŸ“¤ Pushed images/c66a10086caadbd4.jpg to GitHub.
2026-07-20 06:30:36,900 - INFO - ðŸŒ Public image URL: https://raw.githubusercontent.com/creatoracademyar-code/threads-bot/main/images/c66a10086caadbd4.jpg
2026-07-20 06:30:36,902 - INFO - Scheduling for: 2026-07-20T11:47:36.902570Z UTC
2026-07-20 06:30:37,600 - INFO - âœ… Thread scheduled successfully! Buffer Post ID: 6a5dc08df2fa303f3bd0a207
2026-07-20 06:30:37,602 - INFO - ðŸ’¾ Updated posted_threads.json
2026-07-20 06:30:37,602 - INFO - âœ… Run completed.


============================================================
  NEW RUN  2026-07-20T12:30:30.403670
============================================================
2026-07-20 12:30:30,403 - INFO - ðŸš€ Starting automation run
2026-07-20 12:30:30,404 - INFO - ðŸ“š Found 66 previously posted threads.
2026-07-20 12:30:30,404 - INFO - ðŸ“ Will send 20 recent threads to Groq for avoidance.
2026-07-20 12:30:30,405 - INFO - ðŸ”„ Attempt 1/10 to generate a unique thread.
2026-07-20 12:30:32,224 - INFO - Groq raw response:
[
  "I've been exploring the concept of 'beginner's luck' in AI content creation.\nWhat if I told you that this luck is not just a myth, but a real phenomenon?",
  "I've been studying creators who've achieved massive success with their first attempts.\nThey're not just lucky, they're 'unencumbered' by preconceptions and biases.",
  "Their lack of experience is actually a strength, allowing them to approach problems with a fresh perspective.\nBut what happens when they lose this beginner's mindset?",
  "I've been trying to understand how to recapture this mindset, even after gaining experience.\nIt's not about forgetting what you've learned, but about 'unlearning' your assumptions.",
  "I'm still exploring this idea, but one thing is clear: it's the key to staying innovative and creative in AI content creation.\nAnd I've stumbled upon a surprising strategy to achieve this..."
]
2026-07-20 12:30:32,226 - INFO - âœ… Unique thread found (hash: 889e883f...)
2026-07-20 12:30:32,226 - INFO - ðŸ“ Generated 5 posts:
2026-07-20 12:30:32,226 - INFO - --- Post 1 ---
I've been exploring the concept of 'beginner's luck' in AI content creation.
What if I told you that this luck is not just a myth, but a real phenomenon?
2026-07-20 12:30:32,226 - INFO - --- Post 2 ---
I've been studying creators who've achieved massive success with their first attempts.
They're not just lucky, they're 'unencumbered' by preconceptions and biases.
2026-07-20 12:30:32,226 - INFO - --- Post 3 ---
Their lack of experience is actually a strength, allowing them to approach problems with a fresh perspective.
But what happens when they lose this beginner's mindset?
2026-07-20 12:30:32,226 - INFO - --- Post 4 ---
I've been trying to understand how to recapture this mindset, even after gaining experience.
It's not about forgetting what you've learned, but about 'unlearning' your assumptions.
2026-07-20 12:30:32,226 - INFO - --- Post 5 ---
I'm still exploring this idea, but one thing is clear: it's the key to staying innovative and creative in AI content creation.
And I've stumbled upon a surprising strategy to achieve this...
2026-07-20 12:30:33,737 - INFO - ðŸŽ¨ Cover image prompt: A young artist stands at the edge of a serene, misty lake, surrounded by towering trees with branches that stretch towards the sky like nature's own cathedral. The setting is a tranquil, natural environment with a warm, golden light that filters through the foliage, casting dappled shadows on the forest floor. The colour palette is a mix of soft, cool blues and greens, with touches of warm, earthy tones that evoke a sense of growth and renewal. The lighting is soft and diffused, with a subtle glow that suggests the golden hour, just before sunrise. The camera angle is a wide shot, looking up at the artist from a low angle, emphasizing their smallness in the face of nature's grandeur. The atmosphere is one of calm, hopeful contemplation, as if the artist is on the cusp of a profound discovery. The texture of the trees, the roughness of the bark, and the smoothness of the lake's surface all add depth and tactility to the scene. The style is reminiscent of a cinematic oil painting, with bold brushstrokes and vivid, expressive colours that seem to pulse with life. In the distance, a few faint, glowing orbs can be seen, suspended in the mist, symbolizing the elusive, shimmering quality of innovation and creativity. The artist's face is tilted upwards, eyes closed, as if listening to the whispers of the forest, and the entire scene is infused with a sense of possibility and promise.
2026-07-20 12:30:36,021 - INFO - ðŸ–¼ï¸  Saved cover image to images/3965065ccaeca70a.jpg
2026-07-20 12:30:37,666 - INFO - ðŸ“¤ Pushed images/3965065ccaeca70a.jpg to GitHub.
2026-07-20 12:30:37,830 - INFO - ðŸŒ Public image URL: https://raw.githubusercontent.com/creatoracademyar-code/threads-bot/main/images/3965065ccaeca70a.jpg
2026-07-20 12:30:37,833 - INFO - Scheduling for: 2026-07-20T17:47:37.833062Z UTC
2026-07-20 12:30:43,697 - INFO - âœ… Thread scheduled successfully! Buffer Post ID: 6a5e14f3b9621441f051353e
2026-07-20 12:30:43,699 - INFO - ðŸ’¾ Updated posted_threads.json
2026-07-20 12:30:43,699 - INFO - âœ… Run completed.


============================================================
  NEW RUN  2026-07-20T18:30:33.156605
============================================================
2026-07-20 18:30:33,156 - INFO - ðŸš€ Starting automation run
2026-07-20 18:30:33,157 - INFO - ðŸ“š Found 67 previously posted threads.
2026-07-20 18:30:33,157 - INFO - ðŸ“ Will send 20 recent threads to Groq for avoidance.
2026-07-20 18:30:33,157 - INFO - ðŸ”„ Attempt 1/10 to generate a unique thread.
2026-07-20 18:30:35,789 - INFO - Groq raw response:
[
  "I've been studying the anatomy of a 'viral loop' in AI content creation.",
  "It's the self-reinforcing cycle that drives engagement, shares, and ultimately, success.",
  "But what if I told you that the most successful AI creators don't just chase virality, but 'curate' it?",
  "They craft experiences that are not just memorable, but 'recallable'.",
  "I'm still trying to understand the psychology behind this, and what I've found is surprising..."
]
2026-07-20 18:30:35,790 - INFO - âœ… Unique thread found (hash: 6562d58c...)
2026-07-20 18:30:35,790 - INFO - ðŸ“ Generated 5 posts:
2026-07-20 18:30:35,790 - INFO - --- Post 1 ---
I've been studying the anatomy of a 'viral loop' in AI content creation.
2026-07-20 18:30:35,790 - INFO - --- Post 2 ---
It's the self-reinforcing cycle that drives engagement, shares, and ultimately, success.
2026-07-20 18:30:35,790 - INFO - --- Post 3 ---
But what if I told you that the most successful AI creators don't just chase virality, but 'curate' it?
2026-07-20 18:30:35,790 - INFO - --- Post 4 ---
They craft experiences that are not just memorable, but 'recallable'.
2026-07-20 18:30:35,790 - INFO - --- Post 5 ---
I'm still trying to understand the psychology behind this, and what I've found is surprising...
2026-07-20 18:30:37,471 - INFO - ðŸŽ¨ Cover image prompt: In a dimly lit, futuristic laboratory, a lone figure stands at the centre of a large, circular room filled with holographic screens and sleek, metallic equipment. The main subject, a young woman with an intent gaze, is surrounded by a mesmerizing vortex of glowing, ethereal orbs that represent the viral loop. The setting is a blend of urban, high-tech elements and organic, curved lines, with a distinct colour palette of cool blues and purples, punctuated by flashes of bright, electric green. The lighting is a mix of soft, diffused glow from the holographic screens and dramatic, high-contrast shadows cast by the sleek equipment, creating an atmosphere of tense, focused curiosity. The camera angle is a low, wide shot, looking up at the woman from the floor, emphasizing her role as a masterful curator of the viral loop. The air is filled with a sense of hopeful anticipation, as if the woman is on the verge of unlocking a profound secret. The texture of the metallic equipment and the smooth, glass-like surface of the holographic screens adds a sense of sleek, high-tech sophistication, while the woman's rough, stone-like sculpture of a brain in the foreground hints at the complex, organic nature of human psychology. The style of the image is cinematic, with a hint of futuristic, 3D rendering, inviting the viewer to step into the immersive, thought-provoking world of the laboratory.
2026-07-20 18:30:39,596 - INFO - ðŸ–¼ï¸  Saved cover image to images/69de3bdd5f370c99.jpg
2026-07-20 18:30:41,403 - INFO - ðŸ“¤ Pushed images/69de3bdd5f370c99.jpg to GitHub.
2026-07-20 18:30:41,598 - INFO - ðŸŒ Public image URL: https://raw.githubusercontent.com/creatoracademyar-code/threads-bot/main/images/69de3bdd5f370c99.jpg
2026-07-20 18:30:41,600 - INFO - Scheduling for: 2026-07-20T23:47:41.600577Z UTC
2026-07-20 18:30:42,563 - INFO - âœ… Thread scheduled successfully! Buffer Post ID: 6a5e6952a7ac89665f57962f
2026-07-20 18:30:42,564 - INFO - ðŸ’¾ Updated posted_threads.json
2026-07-20 18:30:42,564 - INFO - âœ… Run completed.


============================================================
  NEW RUN  2026-07-21T00:30:26.600274
============================================================
2026-07-21 00:30:26,600 - INFO - ðŸš€ Starting automation run
2026-07-21 00:30:26,600 - INFO - ðŸ“š Found 68 previously posted threads.
2026-07-21 00:30:26,601 - INFO - ðŸ“ Will send 20 recent threads to Groq for avoidance.
2026-07-21 00:30:26,601 - INFO - ðŸ”„ Attempt 1/10 to generate a unique thread.
2026-07-21 00:30:27,910 - INFO - Groq raw response:
[
  "I've been noticing a strange divide in the AI creator community.",
  "Some creators are obsessed with 'going viral', while others focus on building a loyal audience.",
  "But what if I told you that these two approaches are not mutually exclusive?",
  "In fact, the most successful AI creators have found a way to 'hack' the system, using virality to fuel their loyal following.",
  "I've been studying their strategies, and what I've found is surprising..."
]
2026-07-21 00:30:27,911 - INFO - âœ… Unique thread found (hash: c7ae2327...)
2026-07-21 00:30:27,912 - INFO - ðŸ“ Generated 5 posts:
2026-07-21 00:30:27,912 - INFO - --- Post 1 ---
I've been noticing a strange divide in the AI creator community.
2026-07-21 00:30:27,912 - INFO - --- Post 2 ---
Some creators are obsessed with 'going viral', while others focus on building a loyal audience.
2026-07-21 00:30:27,912 - INFO - --- Post 3 ---
But what if I told you that these two approaches are not mutually exclusive?
2026-07-21 00:30:27,912 - INFO - --- Post 4 ---
In fact, the most successful AI creators have found a way to 'hack' the system, using virality to fuel their loyal following.
2026-07-21 00:30:27,912 - INFO - --- Post 5 ---
I've been studying their strategies, and what I've found is surprising...
2026-07-21 00:30:29,080 - INFO - ðŸŽ¨ Cover image prompt: In a dimly lit, futuristic laboratory, a lone figure stands at the intersection of two pathways, symbolizing the divide in the AI creator community. The setting is a blend of industrial and digital elements, with exposed metallic beams, holographic screens, and a maze of wires. The colour palette is a mix of cool blues and neon greens, evoking a sense of technology and innovation. Soft, diffused light emanates from the screens, casting a gentle glow on the figure, while dramatic shadows accentuate the contrast between the two pathways. The camera angle is a low-angle shot, looking up at the figure, conveying a sense of power and agency. The atmosphere is one of hopeful curiosity, as the figure embodies the possibility of bridging the divide between virality and loyalty. The texture of the metallic beams and wires adds a sense of roughness and complexity, while the smooth, glowing screens represent the sleekness of digital technology. In the style of a cinematic 3D render, the image should capture the tension and possibility of this moment, with the figure poised to 'hack' the system and forge a new path. The overall mood is tense with anticipation, as the figure stands at the threshold of a new discovery.
2026-07-21 00:30:31,184 - INFO - ðŸ–¼ï¸  Saved cover image to images/8b6a5dc521bd8911.jpg
2026-07-21 00:30:32,805 - INFO - ðŸ“¤ Pushed images/8b6a5dc521bd8911.jpg to GitHub.
2026-07-21 00:30:33,001 - INFO - ðŸŒ Public image URL: https://raw.githubusercontent.com/creatoracademyar-code/threads-bot/main/images/8b6a5dc521bd8911.jpg
2026-07-21 00:30:33,003 - INFO - Scheduling for: 2026-07-21T05:47:33.003320Z UTC
2026-07-21 00:30:33,760 - INFO - âœ… Thread scheduled successfully! Buffer Post ID: 6a5ebda9ff844812f8aa8684
2026-07-21 00:30:33,761 - INFO - ðŸ’¾ Updated posted_threads.json
2026-07-21 00:30:33,761 - INFO - âœ… Run completed.


============================================================
  NEW RUN  2026-07-21T06:30:26.449630
============================================================
2026-07-21 06:30:26,449 - INFO - ðŸš€ Starting automation run
2026-07-21 06:30:26,450 - INFO - ðŸ“š Found 69 previously posted threads.
2026-07-21 06:30:26,450 - INFO - ðŸ“ Will send 20 recent threads to Groq for avoidance.
2026-07-21 06:30:26,451 - INFO - ðŸ”„ Attempt 1/10 to generate a unique thread.
2026-07-21 06:30:28,817 - INFO - Groq raw response:
[
  "I've been noticing a strange phenomenon in AI business.\nIt's the 'shadow work' that creators do, behind the scenes.",
  "They're not just creating content, they're building a 'hidden architecture'.\nA framework that supports their entire operation.",
  "I've been trying to understand the psychology behind this.\nAnd what I've found is surprising: it's not about the tech, but about the 'story' they tell themselves.",
  "The story of how they want to be perceived, how they want to be seen.\nAnd how this story shapes their entire approach to AI content creation.",
  "I'm still exploring this idea, but one thing is clear:\nIt's the key to unlocking true success in the AI creator space."
]
2026-07-21 06:30:28,818 - INFO - âœ… Unique thread found (hash: 9b67aaf6...)
2026-07-21 06:30:28,818 - INFO - ðŸ“ Generated 5 posts:
2026-07-21 06:30:28,818 - INFO - --- Post 1 ---
I've been noticing a strange phenomenon in AI business.
It's the 'shadow work' that creators do, behind the scenes.
2026-07-21 06:30:28,818 - INFO - --- Post 2 ---
They're not just creating content, they're building a 'hidden architecture'.
A framework that supports their entire operation.
2026-07-21 06:30:28,818 - INFO - --- Post 3 ---
I've been trying to understand the psychology behind this.
And what I've found is surprising: it's not about the tech, but about the 'story' they tell themselves.
2026-07-21 06:30:28,818 - INFO - --- Post 4 ---
The story of how they want to be perceived, how they want to be seen.
And how this story shapes their entire approach to AI content creation.
2026-07-21 06:30:28,818 - INFO - --- Post 5 ---
I'm still exploring this idea, but one thing is clear:
It's the key to unlocking true success in the AI creator space.
2026-07-21 06:30:30,581 - INFO - ðŸŽ¨ Cover image prompt: In a dimly lit, minimalist studio, a solitary figure sits at a sleek, polished wooden desk, surrounded by sparse, modern furnishings. The main subject, a young creator with an introspective expression, is positioned in a gentle, golden light that pours in through a large, wet glass window, casting subtle, shimmering reflections on the desk's surface. The colour palette is predominantly monochromatic, with muted greys and blues, punctuated by the warm, honey-like tones of the wooden desk and the soft, creamy hues of the creator's skin. The lighting is soft and diffused, with deep shadows accentuating the contours of the creator's face and the textures of the surrounding environment, including the rough, concrete walls and the smooth, metallic edges of the desk. The camera angle is a low, intimate close-up, capturing the creator's thoughtful gaze as they contemplate the 'hidden architecture' of their AI content creation. The atmosphere is serene and contemplative, with a sense of quiet focus, as if the creator is on the cusp of a profound realization. The style hint is cinematic, with a slight oil painting quality to the textures and lighting, evoking a sense of timelessness and depth. In the background, a blurred, cityscape stretches out, with towering skyscrapers and neon lights, symbolizing the vast, complex world of AI business that the creator is navigating. The overall mood is one of hopeful introspection, as the creator seeks to unlock the secrets of their own 'story' and the true key to success in the AI creator space.
2026-07-21 06:30:32,216 - INFO - ðŸ–¼ï¸  Saved cover image to images/6da6c9f803173b16.jpg
2026-07-21 06:30:33,727 - INFO - ðŸ“¤ Pushed images/6da6c9f803173b16.jpg to GitHub.
2026-07-21 06:30:33,973 - INFO - ðŸŒ Public image URL: https://raw.githubusercontent.com/creatoracademyar-code/threads-bot/main/images/6da6c9f803173b16.jpg
2026-07-21 06:30:33,975 - INFO - Scheduling for: 2026-07-21T11:47:33.975437Z UTC
2026-07-21 06:30:44,538 - INFO - âœ… Thread scheduled successfully! Buffer Post ID: 6a5f1214ca9685992e2c6c88
2026-07-21 06:30:44,539 - INFO - ðŸ’¾ Updated posted_threads.json
2026-07-21 06:30:44,539 - INFO - âœ… Run completed.


============================================================
  NEW RUN  2026-07-21T12:30:29.956513
============================================================
2026-07-21 12:30:29,956 - INFO - ðŸš€ Starting automation run
2026-07-21 12:30:29,957 - INFO - ðŸ“š Found 70 previously posted threads.
2026-07-21 12:30:29,957 - INFO - ðŸ“ Will send 20 recent threads to Groq for avoidance.
2026-07-21 12:30:29,957 - INFO - ðŸ”„ Attempt 1/10 to generate a unique thread.
2026-07-21 12:30:31,423 - INFO - Groq raw response:
[
  "I've been studying AI creators who've built massive followings.\nOne thing stands out: their ability to craft 'hidden narratives'.",
  "These narratives are not just about the content, but about the 'unseen forces' that drive engagement.\nThey're the underlying currents that shape our emotions, desires, and behaviors.",
  "I've been trying to understand how they tap into these forces, and what I've found is surprising:\nIt's not about the tech or the tools, but about the 'mythological codes' they use to speak to our deepest desires.",
  "These codes are not just about storytelling, but about creating a 'shared mythology' with their audience.\nA mythology that transcends the content itself, and speaks directly to our souls.",
  "I'm still exploring the implications of this discovery, but one thing is clear:\nIt's the key to creating content that truly resonates, and leaves a lasting impact on our lives."
]
2026-07-21 12:30:31,424 - INFO - âœ… Unique thread found (hash: 96896c65...)
2026-07-21 12:30:31,424 - INFO - ðŸ“ Generated 5 posts:
2026-07-21 12:30:31,424 - INFO - --- Post 1 ---
I've been studying AI creators who've built massive followings.
One thing stands out: their ability to craft 'hidden narratives'.
2026-07-21 12:30:31,424 - INFO - --- Post 2 ---
These narratives are not just about the content, but about the 'unseen forces' that drive engagement.
They're the underlying currents that shape our emotions, desires, and behaviors.
2026-07-21 12:30:31,424 - INFO - --- Post 3 ---
I've been trying to understand how they tap into these forces, and what I've found is surprising:
It's not about the tech or the tools, but about the 'mythological codes' they use to speak to our deepest desires.
2026-07-21 12:30:31,424 - INFO - --- Post 4 ---
These codes are not just about storytelling, but about creating a 'shared mythology' with their audience.
A mythology that transcends the content itself, and speaks directly to our souls.
2026-07-21 12:30:31,424 - INFO - --- Post 5 ---
I'm still exploring the implications of this discovery, but one thing is clear:
It's the key to creating content that truly resonates, and leaves a lasting impact on our lives.
2026-07-21 12:30:32,919 - INFO - ðŸŽ¨ Cover image prompt: In a dimly lit, mystical library, a lone figure sits at a wooden desk, surrounded by ancient tomes and scattered parchment. The room is filled with a warm, golden light that seeps through the stained glass windows, casting intricate patterns on the stone floor. The colour palette is rich and muted, with shades of mahogany, sienna, and dusty blue, evoking a sense of nostalgia and forgotten knowledge. The lighting is soft and diffused, with deep shadows that add depth and mystery to the scene. The camera angle is low, looking up at the figure, who is illuminated by a single, flickering candle that casts an otherworldly glow on their face. The atmosphere is contemplative and introspective, with a sense of reverence for the ancient myths and codes that line the shelves. The texture of the old books and parchment is rough and worn, while the wooden desk is smooth and polished, reflecting the warm light. The style hint is cinematic, with a slight oil painting quality to the scene, as if it's been plucked from a forgotten era. The figure's face is tilted downward, lost in thought, as they decipher the hidden narratives and mythological codes that hold the key to creating lasting connections with others. The overall mood is one of quiet discovery, as if the figure is on the cusp of uncovering a long-hidden truth that will change their understanding of the world forever.
2026-07-21 12:30:34,722 - INFO - ðŸ–¼ï¸  Saved cover image to images/861ec6567bfda125.jpg
2026-07-21 12:30:36,219 - INFO - ðŸ“¤ Pushed images/861ec6567bfda125.jpg to GitHub.
2026-07-21 12:30:36,369 - INFO - ðŸŒ Public image URL: https://raw.githubusercontent.com/creatoracademyar-code/threads-bot/main/images/861ec6567bfda125.jpg
2026-07-21 12:30:36,372 - INFO - Scheduling for: 2026-07-21T17:47:36.372094Z UTC
2026-07-21 12:30:37,156 - INFO - âœ… Thread scheduled successfully! Buffer Post ID: 6a5f666c199611bc0c4acd1a
2026-07-21 12:30:37,157 - INFO - ðŸ’¾ Updated posted_threads.json
2026-07-21 12:30:37,157 - INFO - âœ… Run completed.


============================================================
  NEW RUN  2026-07-21T18:30:32.992143
============================================================
2026-07-21 18:30:32,992 - INFO - ðŸš€ Starting automation run
2026-07-21 18:30:32,992 - INFO - ðŸ“š Found 71 previously posted threads.
2026-07-21 18:30:32,993 - INFO - ðŸ“ Will send 20 recent threads to Groq for avoidance.
2026-07-21 18:30:32,993 - INFO - ðŸ”„ Attempt 1/10 to generate a unique thread.
2026-07-21 18:30:36,423 - INFO - Groq raw response:
[
  "I've been fascinated by the concept of 'digital legacies' in AI content creation.\nWhat happens to our online presence when we're gone?",
  "I've been studying AI creators who've built massive followings, and one thing stands out:\ntheir ability to craft a 'posthumous narrative' that continues to inspire and influence long after they're gone.",
  "But what if I told you that this narrative is not just about the creator, but about the 'digital echoes' they leave behind?\nThese echoes are not just about nostalgia, but about creating a sense of continuity and connection with the audience.",
  "I've been trying to understand the psychology behind this, and what I've found is surprising:\nIt's not about the tech or the tools, but about the 'emotional resonance' they create with their audience.",
  "I'm still exploring this idea, but one thing is clear:\nIt's the key to creating a lasting impact that transcends our physical presence, and leaves a lasting legacy in the digital world."
]
2026-07-21 18:30:36,424 - INFO - âœ… Unique thread found (hash: a023f008...)
2026-07-21 18:30:36,424 - INFO - ðŸ“ Generated 5 posts:
2026-07-21 18:30:36,425 - INFO - --- Post 1 ---
I've been fascinated by the concept of 'digital legacies' in AI content creation.
What happens to our online presence when we're gone?
2026-07-21 18:30:36,425 - INFO - --- Post 2 ---
I've been studying AI creators who've built massive followings, and one thing stands out:
their ability to craft a 'posthumous narrative' that continues to inspire and influence long after they're gone.
2026-07-21 18:30:36,425 - INFO - --- Post 3 ---
But what if I told you that this narrative is not just about the creator, but about the 'digital echoes' they leave behind?
These echoes are not just about nostalgia, but about creating a sense of continuity and connection with the audience.
2026-07-21 18:30:36,425 - INFO - --- Post 4 ---
I've been trying to understand the psychology behind this, and what I've found is surprising:
It's not about the tech or the tools, but about the 'emotional resonance' they create with their audience.
2026-07-21 18:30:36,425 - INFO - --- Post 5 ---
I'm still exploring this idea, but one thing is clear:
It's the key to creating a lasting impact that transcends our physical presence, and leaves a lasting legacy in the digital world.
2026-07-21 18:30:37,875 - INFO - ðŸŽ¨ Cover image prompt: In a dimly lit, futuristic museum, a lone figure stands before a massive, transparent screen that stretches from the floor to the ceiling, surrounded by a halo of soft, ethereal light. The screen displays a mesmerizing, swirling vortex of glowing, iridescent orbs that seem to pulse with a life of their own, set against a deep, rich blue background that evokes a sense of infinite digital space. The colour palette is predominantly cool, with hues of blue and purple dominating the scene, punctuated by occasional flashes of warm, golden light that seem to emanate from the orbs themselves. The lighting is soft and diffused, with subtle, shimmering highlights that dance across the screen's surface, casting a gentle, otherworldly glow on the surrounding environment. The camera angle is wide, with the figure standing at a slight distance, allowing the viewer to take in the full majesty of the screen and the eerie, dreamlike atmosphere it creates. The atmosphere is one of serene, contemplative wonder, as if the figure is lost in thought, pondering the mysteries of the digital realm. The texture of the screen is smooth and glassy, while the surrounding walls and floor are made of rough, dark concrete, providing a striking contrast between the physical and digital worlds. The style of the image is cinematic, with a hint of sci-fi futurism, as if the scene is set in a world where technology has transcended the boundaries between the physical and digital. The overall mood is one of hopeful, introspective curiosity, as if the figure is on the cusp of uncovering a profound truth about the nature of digital legacy and the human experience.
2026-07-21 18:30:39,772 - INFO - ðŸ–¼ï¸  Saved cover image to images/a1cab57ae3decc84.jpg
2026-07-21 18:30:41,131 - INFO - ðŸ“¤ Pushed images/a1cab57ae3decc84.jpg to GitHub.
2026-07-21 18:30:41,278 - INFO - ðŸŒ Public image URL: https://raw.githubusercontent.com/creatoracademyar-code/threads-bot/main/images/a1cab57ae3decc84.jpg
2026-07-21 18:30:41,280 - INFO - Scheduling for: 2026-07-21T23:47:41.280394Z UTC
2026-07-21 18:30:41,855 - INFO - âœ… Thread scheduled successfully! Buffer Post ID: 6a5fbad1f2f40c20d56e3c88
2026-07-21 18:30:41,857 - INFO - ðŸ’¾ Updated posted_threads.json
2026-07-21 18:30:41,857 - INFO - âœ… Run completed.


============================================================
  NEW RUN  2026-07-22T00:30:26.528746
============================================================
2026-07-22 00:30:26,528 - INFO - ðŸš€ Starting automation run
2026-07-22 00:30:26,529 - INFO - ðŸ“š Found 72 previously posted threads.
2026-07-22 00:30:26,529 - INFO - ðŸ“ Will send 20 recent threads to Groq for avoidance.
2026-07-22 00:30:26,530 - INFO - ðŸ”„ Attempt 1/10 to generate a unique thread.
2026-07-22 00:30:27,851 - INFO - Groq raw response:
[
  "I've been studying the most successful AI creators, trying to crack their code.",
  "What if I told you that their secret sauce is not about the tech, but about 'pattern blindness'?",
  "They've learned to ignore the obvious, and focus on the 'invisible patterns' that drive human behavior.",
  "I've been trying to understand these patterns, and what I've found is surprising.",
  "It's not about the data or the analytics, but about the 'unconscious rhythms' that shape our decisions."
]
2026-07-22 00:30:27,852 - INFO - âœ… Unique thread found (hash: 21022630...)
2026-07-22 00:30:27,852 - INFO - ðŸ“ Generated 5 posts:
2026-07-22 00:30:27,852 - INFO - --- Post 1 ---
I've been studying the most successful AI creators, trying to crack their code.
2026-07-22 00:30:27,852 - INFO - --- Post 2 ---
What if I told you that their secret sauce is not about the tech, but about 'pattern blindness'?
2026-07-22 00:30:27,852 - INFO - --- Post 3 ---
They've learned to ignore the obvious, and focus on the 'invisible patterns' that drive human behavior.
2026-07-22 00:30:27,852 - INFO - --- Post 4 ---
I've been trying to understand these patterns, and what I've found is surprising.
2026-07-22 00:30:27,852 - INFO - --- Post 5 ---
It's not about the data or the analytics, but about the 'unconscious rhythms' that shape our decisions.
2026-07-22 00:30:29,344 - INFO - ðŸŽ¨ Cover image prompt: A lone figure sits in a dimly lit, minimalist room with walls lined with floor-to-ceiling windows, overlooking a bustling cityscape at dusk. The main subject, a young woman with an intent expression, is seated at a sleek, polished wooden desk, surrounded by scattered papers, empty coffee cups, and a few scattered AI-themed books. The colour palette is predominantly cool blues and greys, with warm golden hour light spilling in through the windows, casting long shadows across the room. Soft, diffused light emanates from a single desk lamp, illuminating the woman's face and the intricate patterns of notes and diagrams on the papers. The camera angle is a low, wide shot, looking up at the woman from the corner of the room, conveying a sense of quiet contemplation and curiosity. The atmosphere is serene, yet tense with anticipation, as if the woman is on the cusp of a major discovery. The texture of the rough concrete cityscape outside contrasts with the smooth, polished wood of the desk and the crisp paper notes, adding depth to the scene. The style hint is cinematic, with a slight oil painting-inspired texture to the lighting and shadows, inviting the viewer to step into the world of the image. The woman's gaze is directed downward, lost in thought, as her fingers hover over a delicate, hand-drawn pattern on one of the papers, symbolizing her quest to uncover the 'invisible patterns' that drive human behavior.
2026-07-22 00:30:31,319 - INFO - ðŸ–¼ï¸  Saved cover image to images/2f7d166c6e700907.jpg
2026-07-22 00:30:33,188 - INFO - ðŸ“¤ Pushed images/2f7d166c6e700907.jpg to GitHub.
2026-07-22 00:30:33,304 - INFO - ðŸŒ Public image URL: https://raw.githubusercontent.com/creatoracademyar-code/threads-bot/main/images/2f7d166c6e700907.jpg
2026-07-22 00:30:33,307 - INFO - Scheduling for: 2026-07-22T05:47:33.307244Z UTC
2026-07-22 00:30:33,943 - INFO - âœ… Thread scheduled successfully! Buffer Post ID: 6a600f29ab4498e061a69a51
2026-07-22 00:30:33,944 - INFO - ðŸ’¾ Updated posted_threads.json
2026-07-22 00:30:33,944 - INFO - âœ… Run completed.


============================================================
  NEW RUN  2026-07-22T06:30:26.622839
============================================================
2026-07-22 06:30:26,622 - INFO - ðŸš€ Starting automation run
2026-07-22 06:30:26,623 - INFO - ðŸ“š Found 73 previously posted threads.
2026-07-22 06:30:26,623 - INFO - ðŸ“ Will send 20 recent threads to Groq for avoidance.
2026-07-22 06:30:26,623 - INFO - ðŸ”„ Attempt 1/10 to generate a unique thread.
2026-07-22 06:30:28,496 - INFO - Groq raw response:
[
  "I've been studying the psychology of AI creators who've built massive audiences.\nOne thing stands out: their ability to create 'anticipatory content'.",
  "They don't just react to trends, they anticipate them.\nBut how do they do it?",
  "I've been trying to understand their thought process, and what I've found is surprising:\nIt's not about being a futurist, but about being a 'student of human desire'.",
  "They've learned to read the 'unspoken needs' of their audience, and create content that meets those needs before they're even aware of them.",
  "I'm still exploring this concept, but one thing is clear:\nIt's the key to creating content that resonates, and leaves a lasting impact on our lives."
]
2026-07-22 06:30:28,497 - INFO - âœ… Unique thread found (hash: 04b97165...)
2026-07-22 06:30:28,497 - INFO - ðŸ“ Generated 5 posts:
2026-07-22 06:30:28,497 - INFO - --- Post 1 ---
I've been studying the psychology of AI creators who've built massive audiences.
One thing stands out: their ability to create 'anticipatory content'.
2026-07-22 06:30:28,497 - INFO - --- Post 2 ---
They don't just react to trends, they anticipate them.
But how do they do it?
2026-07-22 06:30:28,497 - INFO - --- Post 3 ---
I've been trying to understand their thought process, and what I've found is surprising:
It's not about being a futurist, but about being a 'student of human desire'.
2026-07-22 06:30:28,497 - INFO - --- Post 4 ---
They've learned to read the 'unspoken needs' of their audience, and create content that meets those needs before they're even aware of them.
2026-07-22 06:30:28,497 - INFO - --- Post 5 ---
I'm still exploring this concept, but one thing is clear:
It's the key to creating content that resonates, and leaves a lasting impact on our lives.
2026-07-22 06:30:29,693 - INFO - ðŸŽ¨ Cover image prompt: A lone figure stands at the edge of a misty, moonlit lake, surrounded by towering trees that stretch towards the sky like nature's own cathedral. The air is filled with an ethereal, soft blue mist that slowly rises from the water's surface, casting an otherworldly glow on the scene. The colour palette is dominated by cool, muted tones of indigo, grey, and silver, with hints of warm, golden light peeking through the mist. The lighting is soft and diffused, with the moon hanging low in the sky, casting long, gentle shadows across the landscape. The camera angle is a wide, low-angle shot, looking up at the figure from the water's edge, conveying a sense of awe and wonder. The atmosphere is serene and contemplative, with a sense of anticipation and quiet expectation. The figure is dressed in a long, flowing coat made of rough, woolen material, with a subtle sheen that catches the moonlight, and their face is tilted upwards, lost in thought. The style hint is cinematic, with a slight oil painting texture, and the overall mood is one of hopeful introspection, as if the figure is on the cusp of uncovering a hidden truth. The texture of the trees, the roughness of the coat, and the smoothness of the water all blend together to create a sense of depth and dimensionality, inviting the viewer to step into the tranquil, dreamlike world.
2026-07-22 06:30:31,393 - INFO - ðŸ–¼ï¸  Saved cover image to images/f86c96a44d5ddcef.jpg
2026-07-22 06:30:32,767 - INFO - ðŸ“¤ Pushed images/f86c96a44d5ddcef.jpg to GitHub.
2026-07-22 06:30:32,973 - INFO - ðŸŒ Public image URL: https://raw.githubusercontent.com/creatoracademyar-code/threads-bot/main/images/f86c96a44d5ddcef.jpg
2026-07-22 06:30:32,974 - INFO - Scheduling for: 2026-07-22T11:47:32.974738Z UTC
2026-07-22 06:30:33,638 - INFO - âœ… Thread scheduled successfully! Buffer Post ID: 6a60638924f2657e75bed37d
2026-07-22 06:30:33,639 - INFO - ðŸ’¾ Updated posted_threads.json
2026-07-22 06:30:33,639 - INFO - âœ… Run completed.


============================================================
  NEW RUN  2026-07-22T12:30:29.996751
============================================================
2026-07-22 12:30:29,996 - INFO - ðŸš€ Starting automation run
2026-07-22 12:30:29,997 - INFO - ðŸ“š Found 74 previously posted threads.
2026-07-22 12:30:29,998 - INFO - ðŸ“ Will send 20 recent threads to Groq for avoidance.
2026-07-22 12:30:29,998 - INFO - ðŸ”„ Attempt 1/10 to generate a unique thread.
2026-07-22 12:30:32,478 - INFO - Groq raw response:
[
  "I've been noticing a strange phenomenon in AI content creation.\nIt's the 'illusion of control' that creators have over their audience.",
  "We think we can manipulate their emotions, their thoughts, and their actions.\nBut what if I told you that this control is just an illusion?",
  "I've been studying the most successful AI creators, and what I've found is surprising:\nThey're not trying to control their audience, they're trying to 'resonate' with them.",
  "They're using a secret language that speaks directly to our souls.\nA language that's hidden in plain sight, but invisible to most creators.",
  "I'm still trying to decipher this language, and what I've found is surprising.\nIt's not about the tech or the tools, but about the 'emotional harmonics' that drive human connection."
]
2026-07-22 12:30:32,479 - INFO - âœ… Unique thread found (hash: 34fc383a...)
2026-07-22 12:30:32,480 - INFO - ðŸ“ Generated 5 posts:
2026-07-22 12:30:32,480 - INFO - --- Post 1 ---
I've been noticing a strange phenomenon in AI content creation.
It's the 'illusion of control' that creators have over their audience.
2026-07-22 12:30:32,480 - INFO - --- Post 2 ---
We think we can manipulate their emotions, their thoughts, and their actions.
But what if I told you that this control is just an illusion?
2026-07-22 12:30:32,480 - INFO - --- Post 3 ---
I've been studying the most successful AI creators, and what I've found is surprising:
They're not trying to control their audience, they're trying to 'resonate' with them.
2026-07-22 12:30:32,480 - INFO - --- Post 4 ---
They're using a secret language that speaks directly to our souls.
A language that's hidden in plain sight, but invisible to most creators.
2026-07-22 12:30:32,480 - INFO - --- Post 5 ---
I'm still trying to decipher this language, and what I've found is surprising.
It's not about the tech or the tools, but about the 'emotional harmonics' that drive human connection.
2026-07-22 12:30:33,934 - INFO - ðŸŽ¨ Cover image prompt: In a dimly lit, minimalist sound studio, a lone figure sits cross-legged on a polished concrete floor, surrounded by a halo of soft, ethereal light. The main subject, a young woman with an intent gaze, holds a delicate, crystal-like object that reflects a kaleidoscope of colours, from deep blues to vibrant purples, evoking a sense of mysticism and wonder. The setting is a blend of modern technology and organic, natural elements, with sleek, metallic equipment and wires juxtaposed with the rough, textured walls of the studio. The colour palette is predominantly cool, with shades of indigo, lavender, and silver, punctuated by the warm, golden glow of the woman's aura. The lighting is soft and diffused, with dramatic shadows cast across the woman's face, emphasizing her contemplative expression. The camera angle is a low-angle, close-up shot, looking up at the woman with a sense of reverence, as if to convey her connection to a higher, emotional realm. The atmosphere is serene, yet tense with anticipation, as if the woman is on the cusp of uncovering a profound secret. The texture of the concrete floor and the smooth, glass-like surface of the crystal object add a sense of tactility to the scene, inviting the viewer to touch and explore. The style of the image is cinematic, with a hint of magical realism, as if the scene is a moment from a thought-provoking, sci-fi film.
2026-07-22 12:30:35,840 - INFO - ðŸ–¼ï¸  Saved cover image to images/5b717df89b815e6a.jpg
2026-07-22 12:30:37,440 - INFO - ðŸ“¤ Pushed images/5b717df89b815e6a.jpg to GitHub.
2026-07-22 12:30:37,597 - INFO - ðŸŒ Public image URL: https://raw.githubusercontent.com/creatoracademyar-code/threads-bot/main/images/5b717df89b815e6a.jpg
2026-07-22 12:30:37,599 - INFO - Scheduling for: 2026-07-22T17:47:37.599304Z UTC
2026-07-22 12:30:38,523 - INFO - âœ… Thread scheduled successfully! Buffer Post ID: 6a60b7ee6ea9a220168a3629
2026-07-22 12:30:38,525 - INFO - ðŸ’¾ Updated posted_threads.json
2026-07-22 12:30:38,525 - INFO - âœ… Run completed.


============================================================
  NEW RUN  2026-07-22T18:30:37.446063
============================================================
2026-07-22 18:30:37,446 - INFO - ðŸš€ Starting automation run
2026-07-22 18:30:37,446 - INFO - ðŸ“š Found 75 previously posted threads.
2026-07-22 18:30:37,447 - INFO - ðŸ“ Will send 20 recent threads to Groq for avoidance.
2026-07-22 18:30:37,447 - INFO - ðŸ”„ Attempt 1/10 to generate a unique thread.
2026-07-22 18:30:39,071 - INFO - Groq raw response:
[
  "I've been noticing a strange phenomenon in AI content creation.\nIt's the 'paradox of specificity'.",
  "The more specific a creator is, the broader their appeal.\nBut how does this work?",
  "I've been studying the most successful AI creators, and what I've found is surprising:\nThey're not trying to appeal to everyone, they're trying to 'own' a specific niche.",
  "This niche is not just a topic, but a 'psychological resonance' that speaks to a specific audience.\nAnd what I've found is that this resonance is the key to creating content that truly resonates.",
  "I'm still exploring this idea, but one thing is clear:\nIt's the key to unlocking true success in AI content creation, and I'm just starting to scratch the surface..."
]
2026-07-22 18:30:39,072 - INFO - âœ… Unique thread found (hash: 52dce4d8...)
2026-07-22 18:30:39,072 - INFO - ðŸ“ Generated 5 posts:
2026-07-22 18:30:39,072 - INFO - --- Post 1 ---
I've been noticing a strange phenomenon in AI content creation.
It's the 'paradox of specificity'.
2026-07-22 18:30:39,072 - INFO - --- Post 2 ---
The more specific a creator is, the broader their appeal.
But how does this work?
2026-07-22 18:30:39,072 - INFO - --- Post 3 ---
I've been studying the most successful AI creators, and what I've found is surprising:
They're not trying to appeal to everyone, they're trying to 'own' a specific niche.
2026-07-22 18:30:39,072 - INFO - --- Post 4 ---
This niche is not just a topic, but a 'psychological resonance' that speaks to a specific audience.
And what I've found is that this resonance is the key to creating content that truly resonates.
2026-07-22 18:30:39,072 - INFO - --- Post 5 ---
I'm still exploring this idea, but one thing is clear:
It's the key to unlocking true success in AI content creation, and I'm just starting to scratch the surface...
2026-07-22 18:30:40,680 - INFO - ðŸŽ¨ Cover image prompt: In a dimly lit, minimalist studio, a lone figure sits at a sleek, metallic desk, surrounded by sparse, modern furnishings. The main subject, a young creator with an introspective expression, is positioned in a thoughtful pose, with their elbows rested on the desk and hands clasped together. The setting is dominated by a massive, floor-to-ceiling window that overlooks a bustling cityscape at dusk, with warm, golden hour light spilling in and casting long shadows across the room. The colour palette is a blend of cool, industrial tones, such as polished steel and concrete, juxtaposed with the vibrant, sunset hues of orange, pink, and purple that seep in from the outside. Soft, diffused light emanates from a series of futuristic, neon-lit strips embedded in the ceiling, adding an ethereal glow to the scene. The camera angle is a low, Dutch-angle shot, looking up at the creator with a sense of reverence, as if they hold the key to unlocking a profound secret. The atmosphere is one of contemplative curiosity, with the creator's emotions conveyed through their intent, focused expression. The texture of the metallic desk and the rough, unpolished concrete walls adds a sense of industrial ruggedness to the scene, while the smooth, glass surface of the window provides a sleek, modern contrast. The style of the image is cinematic, with a hint of sci-fi futurism, reminiscent of a 3D render, but with a photorealistic attention to detail that draws the viewer into the world of the creator.
2026-07-22 18:30:42,762 - INFO - ðŸ–¼ï¸  Saved cover image to images/049f2c205dd0bb57.jpg
2026-07-22 18:30:44,454 - INFO - ðŸ“¤ Pushed images/049f2c205dd0bb57.jpg to GitHub.
2026-07-22 18:30:44,991 - INFO - ðŸŒ Public image URL: https://raw.githubusercontent.com/creatoracademyar-code/threads-bot/main/images/049f2c205dd0bb57.jpg
2026-07-22 18:30:44,993 - INFO - Scheduling for: 2026-07-22T23:47:44.993059Z UTC
2026-07-22 18:30:45,689 - INFO - âœ… Thread scheduled successfully! Buffer Post ID: 6a610c55ce73edf23701cf97
2026-07-22 18:30:45,691 - INFO - ðŸ’¾ Updated posted_threads.json
2026-07-22 18:30:45,691 - INFO - âœ… Run completed.


============================================================
  NEW RUN  2026-07-23T00:30:27.502204
============================================================
2026-07-23 00:30:27,502 - INFO - ðŸš€ Starting automation run
2026-07-23 00:30:27,502 - INFO - ðŸ“š Found 76 previously posted threads.
2026-07-23 00:30:27,503 - INFO - ðŸ“ Will send 20 recent threads to Groq for avoidance.
2026-07-23 00:30:27,503 - INFO - ðŸ”„ Attempt 1/10 to generate a unique thread.
2026-07-23 00:30:28,897 - INFO - Groq raw response:
[
  "I've been studying the most successful AI creators, trying to understand their mindset.",
  "What if I told you that they're not just focused on creating content, but on 'crafting a reality'?",
  "A reality that resonates with their audience, and blurs the lines between the physical and digital worlds.",
  "I've been trying to decipher the psychology behind this, and what I've found is surprising.",
  "It's not about the tech or the tools, but about the 'narrative architecture' they use to build their world."
]
2026-07-23 00:30:28,898 - INFO - âœ… Unique thread found (hash: 9e72e579...)
2026-07-23 00:30:28,898 - INFO - ðŸ“ Generated 5 posts:
2026-07-23 00:30:28,898 - INFO - --- Post 1 ---
I've been studying the most successful AI creators, trying to understand their mindset.
2026-07-23 00:30:28,898 - INFO - --- Post 2 ---
What if I told you that they're not just focused on creating content, but on 'crafting a reality'?
2026-07-23 00:30:28,898 - INFO - --- Post 3 ---
A reality that resonates with their audience, and blurs the lines between the physical and digital worlds.
2026-07-23 00:30:28,898 - INFO - --- Post 4 ---
I've been trying to decipher the psychology behind this, and what I've found is surprising.
2026-07-23 00:30:28,898 - INFO - --- Post 5 ---
It's not about the tech or the tools, but about the 'narrative architecture' they use to build their world.
2026-07-23 00:30:30,344 - INFO - ðŸŽ¨ Cover image prompt: In a dimly lit, futuristic laboratory, a solitary figure sits amidst a maze of sleek, silver workstations and towering servers, surrounded by a halo of soft, ethereal light. The main subject, a young creator with an intent gaze, is positioned at the centre of the composition, with a subtle, golden glow emanating from the holographic screens and futuristic gadgets that envelop them. The colour palette is a blend of cool, cyberpunk blues and purples, with accents of warm, golden light that evoke a sense of innovation and discovery. The lighting is dramatic, with deep shadows cast across the creator's face and the surrounding environment, while the soft, diffused glow of the screens and neon accents adds a sense of depth and atmosphere. The camera angle is a low, Dutch angle shot, looking up at the creator with a sense of reverence and awe, as if witnessing a master architect at work. The atmosphere is one of intense focus and quiet contemplation, with the creator's hands poised over a holographic interface, shaping and crafting a virtual world that blurs the boundaries between reality and fantasy. The texture of the scene is a mix of smooth, polished metal and glass, with the rough, tactile sensation of leather and wood hinted at in the creator's chair and the surrounding decor. The style of the image is cinematic and hyper-realistic, with intricate details and subtle reflections that invite the viewer to step into the creator's virtual realm.
2026-07-23 00:30:32,182 - INFO - ðŸ–¼ï¸  Saved cover image to images/7de4428c9edf8910.jpg
2026-07-23 00:30:33,784 - INFO - ðŸ“¤ Pushed images/7de4428c9edf8910.jpg to GitHub.
2026-07-23 00:30:33,957 - INFO - ðŸŒ Public image URL: https://raw.githubusercontent.com/creatoracademyar-code/threads-bot/main/images/7de4428c9edf8910.jpg
2026-07-23 00:30:33,960 - INFO - Scheduling for: 2026-07-23T05:47:33.959987Z UTC
2026-07-23 00:31:06,785 - INFO - âœ… Thread scheduled successfully! Buffer Post ID: 6a6160ca40dd92a7ca3c830a
2026-07-23 00:31:06,786 - INFO - ðŸ’¾ Updated posted_threads.json
2026-07-23 00:31:06,786 - INFO - âœ… Run completed.


============================================================
  NEW RUN  2026-07-23T06:30:29.512693
============================================================
2026-07-23 06:30:29,512 - INFO - ðŸš€ Starting automation run
2026-07-23 06:30:29,513 - INFO - ðŸ“š Found 77 previously posted threads.
2026-07-23 06:30:29,513 - INFO - ðŸ“ Will send 20 recent threads to Groq for avoidance.
2026-07-23 06:30:29,513 - INFO - ðŸ”„ Attempt 1/10 to generate a unique thread.
2026-07-23 06:30:31,575 - INFO - Groq raw response:
[
  "I've been fascinated by the concept of 'hidden biases' in AI content creation.\nWhat if I told you that our subconscious minds are secretly influencing our content?",
  "I've been studying the most successful AI creators, and what I've found is surprising:\nThey're not just aware of their biases, but have learned to 'hack' them.",
  "But how do they do it?\nIt's not about being objective, but about being 'aware' of their subjective reality.",
  "I've been trying to understand the psychology behind this, and what I've found is surprising:\nIt's not about the tech or the tools, but about the 'inner narrative' that drives our creativity.",
  "I'm still exploring this idea, and what it means for the future of AI content creation.\nBut one thing is clear: it's the key to creating content that truly resonates, and leaves a lasting impact on our lives."
]
2026-07-23 06:30:31,577 - INFO - âœ… Unique thread found (hash: cdd3490a...)
2026-07-23 06:30:31,577 - INFO - ðŸ“ Generated 5 posts:
2026-07-23 06:30:31,577 - INFO - --- Post 1 ---
I've been fascinated by the concept of 'hidden biases' in AI content creation.
What if I told you that our subconscious minds are secretly influencing our content?
2026-07-23 06:30:31,577 - INFO - --- Post 2 ---
I've been studying the most successful AI creators, and what I've found is surprising:
They're not just aware of their biases, but have learned to 'hack' them.
2026-07-23 06:30:31,577 - INFO - --- Post 3 ---
But how do they do it?
It's not about being objective, but about being 'aware' of their subjective reality.
2026-07-23 06:30:31,577 - INFO - --- Post 4 ---
I've been trying to understand the psychology behind this, and what I've found is surprising:
It's not about the tech or the tools, but about the 'inner narrative' that drives our creativity.
2026-07-23 06:30:31,577 - INFO - --- Post 5 ---
I'm still exploring this idea, and what it means for the future of AI content creation.
But one thing is clear: it's the key to creating content that truly resonates, and leaves a lasting impact on our lives.
2026-07-23 06:30:33,452 - INFO - ðŸŽ¨ Cover image prompt: In a dimly lit, futuristic laboratory, a lone figure sits in front of a sleek, metallic console, surrounded by screens displaying swirling patterns of code and neural networks. The main subject, a young woman with a contemplative expression, is illuminated by the soft, blue-green glow of the screens, which casts an ethereal light on her face. The colour palette is predominantly cool and muted, with shades of indigo, silver, and grey, evoking a sense of calm, introspective curiosity. The lighting is diffused, with subtle shadows dancing across the subject's features, adding depth and nuance to the scene. The camera angle is a low, slightly canted close-up, emphasizing the subject's introspective gaze, as if she is lost in thought, exploring the inner workings of her own mind. The atmosphere is serene, yet tense with anticipation, as if the subject is on the cusp of a breakthrough. The texture of the console and screens is smooth and sleek, with a subtle sheen, while the subject's skin has a soft, realistic texture, inviting the viewer to step into the scene. The style of the image is cinematic, with a hint of sci-fi futurism, as if it could be a still from a thought-provoking film exploring the intersection of technology and human consciousness. The overall mood is one of hopeful introspection, as if the subject is unlocking the secrets of her own subconscious, and, by extension, the hidden biases that shape our understanding of the world.
2026-07-23 06:30:35,380 - INFO - ðŸ–¼ï¸  Saved cover image to images/535d447eb0ef843b.jpg
2026-07-23 06:30:36,981 - INFO - ðŸ“¤ Pushed images/535d447eb0ef843b.jpg to GitHub.
2026-07-23 06:30:37,302 - INFO - ðŸŒ Public image URL: https://raw.githubusercontent.com/creatoracademyar-code/threads-bot/main/images/535d447eb0ef843b.jpg
2026-07-23 06:30:37,304 - INFO - Scheduling for: 2026-07-23T11:47:37.304766Z UTC
2026-07-23 06:30:38,018 - INFO - âœ… Thread scheduled successfully! Buffer Post ID: 6a61b50d9a99c6a7551b6c1b
2026-07-23 06:30:38,020 - INFO - ðŸ’¾ Updated posted_threads.json
2026-07-23 06:30:38,020 - INFO - âœ… Run completed.


============================================================
  NEW RUN  2026-07-23T12:30:25.063851
============================================================
2026-07-23 12:30:25,063 - INFO - ðŸš€ Starting automation run
2026-07-23 12:30:25,064 - INFO - ðŸ“š Found 78 previously posted threads.
2026-07-23 12:30:25,065 - INFO - ðŸ“ Will send 20 recent threads to Groq for avoidance.
2026-07-23 12:30:25,065 - INFO - ðŸ”„ Attempt 1/10 to generate a unique thread.
2026-07-23 12:30:28,031 - INFO - Groq raw response:
[
  "I've been studying AI creators who've built massive audiences.\nOne thing stands out: their ability to create 'micro-moments' of connection.",
  "These moments are not just about engagement, but about creating a sense of 'shared intimacy'.\nThey're the secret to building a loyal following.",
  "But what if I told you that these moments are not just about the content, but about the 'emotional texture' of the creator?",
  "I've been trying to understand how they craft this texture, and what I've found is surprising.\nIt's not about the tech or the tools, but about the 'vulnerability loops' they create.",
  "I'm still exploring this idea, but one thing is clear: it's the key to creating a lasting impact on our lives.\nAnd I've stumbled upon a surprising strategy to achieve this..."
]
2026-07-23 12:30:28,032 - INFO - âœ… Unique thread found (hash: c55328a3...)
2026-07-23 12:30:28,032 - INFO - ðŸ“ Generated 5 posts:
2026-07-23 12:30:28,032 - INFO - --- Post 1 ---
I've been studying AI creators who've built massive audiences.
One thing stands out: their ability to create 'micro-moments' of connection.
2026-07-23 12:30:28,033 - INFO - --- Post 2 ---
These moments are not just about engagement, but about creating a sense of 'shared intimacy'.
They're the secret to building a loyal following.
2026-07-23 12:30:28,033 - INFO - --- Post 3 ---
But what if I told you that these moments are not just about the content, but about the 'emotional texture' of the creator?
2026-07-23 12:30:28,033 - INFO - --- Post 4 ---
I've been trying to understand how they craft this texture, and what I've found is surprising.
It's not about the tech or the tools, but about the 'vulnerability loops' they create.
2026-07-23 12:30:28,033 - INFO - --- Post 5 ---
I'm still exploring this idea, but one thing is clear: it's the key to creating a lasting impact on our lives.
And I've stumbled upon a surprising strategy to achieve this...
2026-07-23 12:30:29,450 - INFO - ðŸŽ¨ Cover image prompt: In a warm, golden-lit studio with rustic wooden accents and plush, velvet furnishings, a solitary figure sits in a comfortable, oversized armchair, surrounded by soft, diffused light that spills in through a large, wet glass window. The colour palette is muted, with warm beige tones, deep blues, and rich turquoises, evoking a sense of intimacy and vulnerability. The subject, a young woman with a thoughtful expression, is positioned in a gentle, low-angle shot, as if the viewer is sitting at her feet, creating a sense of shared connection. Her face is illuminated by a soft, natural light, with subtle, dramatic shadows accentuating her features, while the background remains blurred, drawing focus to her emotional expression. The atmosphere is serene, with a hint of hopeful curiosity, as if she is on the cusp of a profound realization. The texture of the scene is tactile, with the roughness of the wooden floorboards and the softness of the velvet chair inviting the viewer to step into the space. The style is cinematic, with a hint of oil painting, as if the scene has been lifted from a poignant, character-driven film. The overall mood is one of quiet contemplation, as if the woman is reflecting on the 'vulnerability loops' that underpin the deepest human connections.
2026-07-23 12:30:31,112 - INFO - ðŸ–¼ï¸  Saved cover image to images/2366b4f127eb1391.jpg
2026-07-23 12:30:32,641 - INFO - ðŸ“¤ Pushed images/2366b4f127eb1391.jpg to GitHub.
2026-07-23 12:30:32,785 - INFO - ðŸŒ Public image URL: https://raw.githubusercontent.com/creatoracademyar-code/threads-bot/main/images/2366b4f127eb1391.jpg
2026-07-23 12:30:32,787 - INFO - Scheduling for: 2026-07-23T17:47:32.787855Z UTC
2026-07-23 12:30:33,302 - INFO - âœ… Thread scheduled successfully! Buffer Post ID: 6a620969418db1c47ab5435a
2026-07-23 12:30:33,304 - INFO - ðŸ’¾ Updated posted_threads.json
2026-07-23 12:30:33,304 - INFO - âœ… Run completed.


============================================================
  NEW RUN  2026-07-23T18:30:38.711850
============================================================
2026-07-23 18:30:38,711 - INFO - ðŸš€ Starting automation run
2026-07-23 18:30:38,712 - INFO - ðŸ“š Found 79 previously posted threads.
2026-07-23 18:30:38,713 - INFO - ðŸ“ Will send 20 recent threads to Groq for avoidance.
2026-07-23 18:30:38,713 - INFO - ðŸ”„ Attempt 1/10 to generate a unique thread.
2026-07-23 18:30:40,239 - INFO - Groq raw response:
[
  "I've been observing a strange disconnect in AI content creation.\nBetween the 'intention' and the 'impact'.",
  "Creators intend to educate, inspire, or entertain.\nBut often, their content falls flat.",
  "I've been trying to understand the psychology behind this gap.\nAnd what I've found is surprising:",
  "It's not about the quality of the content, but about the 'resonance' of the creator.\nTheir ability to 'echo' the emotions and desires of their audience.",
  "I've started to explore this concept of resonance further.\nAnd I've discovered a hidden pattern that can amplify a creator's impact."
]
2026-07-23 18:30:40,240 - INFO - âœ… Unique thread found (hash: 35fbde50...)
2026-07-23 18:30:40,241 - INFO - ðŸ“ Generated 5 posts:
2026-07-23 18:30:40,241 - INFO - --- Post 1 ---
I've been observing a strange disconnect in AI content creation.
Between the 'intention' and the 'impact'.
2026-07-23 18:30:40,241 - INFO - --- Post 2 ---
Creators intend to educate, inspire, or entertain.
But often, their content falls flat.
2026-07-23 18:30:40,241 - INFO - --- Post 3 ---
I've been trying to understand the psychology behind this gap.
And what I've found is surprising:
2026-07-23 18:30:40,241 - INFO - --- Post 4 ---
It's not about the quality of the content, but about the 'resonance' of the creator.
Their ability to 'echo' the emotions and desires of their audience.
2026-07-23 18:30:40,241 - INFO - --- Post 5 ---
I've started to explore this concept of resonance further.
And I've discovered a hidden pattern that can amplify a creator's impact.
2026-07-23 18:30:41,566 - INFO - ðŸŽ¨ Cover image prompt: A lone figure stands at the edge of a misty, moonlit lake, surrounded by towering trees that stretch towards the sky like nature's own cathedral. The atmosphere is serene, with a soft, ethereal glow that seems to emanate from the water itself, casting a gentle, blue-grey light on the scene. The colour palette is dominated by cool, muted tones - shades of indigo, silver, and pale grey - with hints of warm, golden light dancing across the ripples on the lake's surface. The lighting is diffused, with the moon hidden behind a veil of clouds, casting no harsh shadows, only a deep, mysterious ambiance. The camera angle is low, looking up at the figure, which is poised at the threshold between the trees and the lake, as if on the cusp of a great discovery. The texture of the trees' bark is rough and gnarled, while the water's surface is smooth and glassy, reflecting the sky above like a mirror. The style of the image is cinematic, with a hint of dreamlike quality, as if the scene is a metaphor for the subconscious mind. The figure itself is shrouded in mist, face obscured, yet radiating an aura of quiet contemplation, as if they have stumbled upon a hidden truth - the resonance that amplifies a creator's impact. The overall mood is one of hopeful introspection, inviting the viewer to step into the stillness of the lake's shores and uncover the secrets that lie beneath the surface.
2026-07-23 18:30:43,129 - INFO - ðŸ–¼ï¸  Saved cover image to images/bcd668ec837fb0c3.jpg
2026-07-23 18:30:44,836 - INFO - ðŸ“¤ Pushed images/bcd668ec837fb0c3.jpg to GitHub.
2026-07-23 18:30:45,052 - INFO - ðŸŒ Public image URL: https://raw.githubusercontent.com/creatoracademyar-code/threads-bot/main/images/bcd668ec837fb0c3.jpg
2026-07-23 18:30:45,055 - INFO - Scheduling for: 2026-07-23T23:47:45.055070Z UTC
2026-07-23 18:30:45,636 - INFO - âœ… Thread scheduled successfully! Buffer Post ID: 6a625dd5413e4d18effefe67
2026-07-23 18:30:45,637 - INFO - ðŸ’¾ Updated posted_threads.json
2026-07-23 18:30:45,637 - INFO - âœ… Run completed.


============================================================
  NEW RUN  2026-07-24T00:30:35.092570
============================================================
2026-07-24 00:30:35,092 - INFO - ðŸš€ Starting automation run
2026-07-24 00:30:35,093 - INFO - ðŸ“š Found 80 previously posted threads.
2026-07-24 00:30:35,094 - INFO - ðŸ“ Will send 20 recent threads to Groq for avoidance.
2026-07-24 00:30:35,094 - INFO - ðŸ”„ Attempt 1/10 to generate a unique thread.
2026-07-24 00:30:36,578 - INFO - Groq raw response:
[
  "I've been studying the 'forgotten creators' in AI content creation.",
  "They're not the ones with millions of followers, but the ones who've been quietly building a loyal audience.",
  "What if I told you that their secret to success is not about going viral, but about 'crafting a sense of belonging'?",
  "I've been trying to understand how they create this sense of community, and what I've found is surprising.",
  "It's not about the tech or the tools, but about the 'emotional topography' they map for their audience."
]
2026-07-24 00:30:36,579 - INFO - âœ… Unique thread found (hash: 069067de...)
2026-07-24 00:30:36,580 - INFO - ðŸ“ Generated 5 posts:
2026-07-24 00:30:36,580 - INFO - --- Post 1 ---
I've been studying the 'forgotten creators' in AI content creation.
2026-07-24 00:30:36,580 - INFO - --- Post 2 ---
They're not the ones with millions of followers, but the ones who've been quietly building a loyal audience.
2026-07-24 00:30:36,580 - INFO - --- Post 3 ---
What if I told you that their secret to success is not about going viral, but about 'crafting a sense of belonging'?
2026-07-24 00:30:36,580 - INFO - --- Post 4 ---
I've been trying to understand how they create this sense of community, and what I've found is surprising.
2026-07-24 00:30:36,580 - INFO - --- Post 5 ---
It's not about the tech or the tools, but about the 'emotional topography' they map for their audience.
2026-07-24 00:30:38,025 - INFO - ðŸŽ¨ Cover image prompt: In a warm, golden-lit studio, a lone figure sits amidst a tapestry of interconnected threads, each one representing a unique individual in their audience. The setting is intimate, with rustic wooden accents and plush textiles, evoking a sense of cozy, organic connection. The colour palette is predominantly earthy, with soothing shades of terracotta, sienna, and moss, punctuated by occasional bursts of vibrant, electric blue, symbolizing the spark of community. Soft, diffused light spills in through a large window, casting gentle shadows on the figure's face and illuminating the delicate, hand-woven patterns that crisscross the space. The camera angle is a thoughtful, low-angle shot, looking up at the creator as they tenderly tend to their emotional topography, a stunning, glowing web of emotions that pulses with a life of its own. The atmosphere is serene, yet hopeful, as if the very act of crafting this sense of belonging has imbued the space with a deep, abiding sense of peace. The texture of the threads is rough, like hand-spun wool, while the wooden accents are smooth, polished to a warm sheen, inviting the viewer to touch, to explore. The style is reminiscent of a beautifully rendered, cinematic oil painting, with bold, expressive brushstrokes and a deep, almost tactile sense of dimensionality. As the eye moves through the scene, it becomes clear that this is a space where technology and emotion blend seamlessly, where the boundaries between creator and audience dissolve, and all that remains is the gentle, golden glow of connection.
2026-07-24 00:30:41,664 - INFO - ðŸ–¼ï¸  Saved cover image to images/0eeb1209e5b5837d.jpg
2026-07-24 00:30:43,320 - INFO - ðŸ“¤ Pushed images/0eeb1209e5b5837d.jpg to GitHub.
2026-07-24 00:30:43,718 - INFO - ðŸŒ Public image URL: https://raw.githubusercontent.com/creatoracademyar-code/threads-bot/main/images/0eeb1209e5b5837d.jpg
2026-07-24 00:30:43,721 - INFO - Scheduling for: 2026-07-24T05:47:43.721003Z UTC
2026-07-24 00:30:44,371 - INFO - âœ… Thread scheduled successfully! Buffer Post ID: 6a62b234b7a65f989c91cd98
2026-07-24 00:30:44,373 - INFO - ðŸ’¾ Updated posted_threads.json
2026-07-24 00:30:44,373 - INFO - âœ… Run completed.


============================================================
  NEW RUN  2026-07-24T06:30:30.525592
============================================================
2026-07-24 06:30:30,525 - INFO - ðŸš€ Starting automation run
2026-07-24 06:30:30,526 - INFO - ðŸ“š Found 81 previously posted threads.
2026-07-24 06:30:30,527 - INFO - ðŸ“ Will send 20 recent threads to Groq for avoidance.
2026-07-24 06:30:30,527 - INFO - ðŸ”„ Attempt 1/10 to generate a unique thread.
2026-07-24 06:30:32,137 - INFO - Groq raw response:
[
  "I've been studying the concept of 'digital breadcrumbs' in AI content creation.\nThey're the subtle clues that reveal a creator's true intentions.",
  "What if I told you that these breadcrumbs are not just about the content, but about the 'narrative breadcrumbs' that lead to a creator's true purpose?",
  "I've been trying to understand how to create these narrative breadcrumbs, and what I've found is surprising:\nIt's not about the tech or the tools, but about the 'emotional cartography' that maps a creator's inner world.",
  "I've started to explore this concept of emotional cartography further.\nAnd I've discovered a hidden pattern that can help creators leave a lasting impact on their audience."
]
2026-07-24 06:30:32,138 - INFO - âœ… Unique thread found (hash: beed4d04...)
2026-07-24 06:30:32,139 - INFO - ðŸ“ Generated 4 posts:
2026-07-24 06:30:32,139 - INFO - --- Post 1 ---
I've been studying the concept of 'digital breadcrumbs' in AI content creation.
They're the subtle clues that reveal a creator's true intentions.
2026-07-24 06:30:32,139 - INFO - --- Post 2 ---
What if I told you that these breadcrumbs are not just about the content, but about the 'narrative breadcrumbs' that lead to a creator's true purpose?
2026-07-24 06:30:32,139 - INFO - --- Post 3 ---
I've been trying to understand how to create these narrative breadcrumbs, and what I've found is surprising:
It's not about the tech or the tools, but about the 'emotional cartography' that maps a creator's inner world.
2026-07-24 06:30:32,139 - INFO - --- Post 4 ---
I've started to explore this concept of emotional cartography further.
And I've discovered a hidden pattern that can help creators leave a lasting impact on their audience.
2026-07-24 06:30:33,420 - INFO - ðŸŽ¨ Cover image prompt: In a dimly lit, intimate study, a lone figure sits at a worn, wooden desk, surrounded by scattered papers, open books, and a few, softly glowing computer screens. The main subject, the figure, is shrouded in a warm, golden light that spills from a nearby, antique desk lamp, casting long, contemplative shadows across their face. The colour palette is predominantly muted, with earthy tones of brown, beige, and grey, punctuated by the soft blues and whites of the computer screens, evoking a sense of quiet, focused exploration. The lighting is soft and diffused, with the golden hour glow of the lamp casting a serene, hopeful atmosphere. The camera angle is a low, over-the-shoulder shot, looking down at the figure, as if the viewer is about to peer into their inner world. The atmosphere is one of intense, emotional introspection, as if the figure is mapping the hidden patterns of their own mind. The texture of the wooden desk, the roughness of the papers, and the smoothness of the computer screens all add depth to the scene, while the style hint is that of a cinematic, oil painting, with bold brushstrokes and vivid, expressive colours. In the background, a large, old-fashioned map hangs on the wall, with subtle, glowing threads weaving across its surface, symbolizing the emotional cartography that the figure is endeavouring to create. The overall mood is one of thoughtful, creative discovery, as if the figure is on the cusp of uncovering a profound, hidden truth.
2026-07-24 06:30:35,054 - INFO - ðŸ–¼ï¸  Saved cover image to images/fe88b86017cb29ae.jpg
2026-07-24 06:30:36,448 - INFO - ðŸ“¤ Pushed images/fe88b86017cb29ae.jpg to GitHub.
2026-07-24 06:30:36,616 - INFO - ðŸŒ Public image URL: https://raw.githubusercontent.com/creatoracademyar-code/threads-bot/main/images/fe88b86017cb29ae.jpg
2026-07-24 06:30:36,618 - INFO - Scheduling for: 2026-07-24T11:47:36.618716Z UTC
2026-07-24 06:30:37,268 - INFO - âœ… Thread scheduled successfully! Buffer Post ID: 6a63068d59cf1d7b389aad21
2026-07-24 06:30:37,270 - INFO - ðŸ’¾ Updated posted_threads.json
2026-07-24 06:30:37,271 - INFO - âœ… Run completed.


============================================================
  NEW RUN  2026-07-24T12:30:28.185691
============================================================
2026-07-24 12:30:28,185 - INFO - ðŸš€ Starting automation run
2026-07-24 12:30:28,186 - INFO - ðŸ“š Found 82 previously posted threads.
2026-07-24 12:30:28,186 - INFO - ðŸ“ Will send 20 recent threads to Groq for avoidance.
2026-07-24 12:30:28,187 - INFO - ðŸ”„ Attempt 1/10 to generate a unique thread.
2026-07-24 12:30:30,158 - INFO - Groq raw response:
[
  "I've been observing a strange phenomenon in AI content creation.\nIt's the 'invisible editing' that happens in our minds.",
  "We think we're creating content, but what if I told you that our subconscious is editing it before we even publish?",
  "I've been trying to understand this process, and what I've found is surprising:\nIt's not about the words, but about the 'emotional undertones' we convey.",
  "These undertones are not just about the creator, but about the 'hidden dialogue' between them and their audience.",
  "I'm still exploring this concept, and what it means for the future of AI content creation.\nBut one thing is clear: it's the key to creating a deeper connection with our audience."
]
2026-07-24 12:30:30,159 - INFO - âœ… Unique thread found (hash: f3f37108...)
2026-07-24 12:30:30,160 - INFO - ðŸ“ Generated 5 posts:
2026-07-24 12:30:30,160 - INFO - --- Post 1 ---
I've been observing a strange phenomenon in AI content creation.
It's the 'invisible editing' that happens in our minds.
2026-07-24 12:30:30,160 - INFO - --- Post 2 ---
We think we're creating content, but what if I told you that our subconscious is editing it before we even publish?
2026-07-24 12:30:30,160 - INFO - --- Post 3 ---
I've been trying to understand this process, and what I've found is surprising:
It's not about the words, but about the 'emotional undertones' we convey.
2026-07-24 12:30:30,160 - INFO - --- Post 4 ---
These undertones are not just about the creator, but about the 'hidden dialogue' between them and their audience.
2026-07-24 12:30:30,160 - INFO - --- Post 5 ---
I'm still exploring this concept, and what it means for the future of AI content creation.
But one thing is clear: it's the key to creating a deeper connection with our audience.
2026-07-24 12:30:31,648 - INFO - ðŸŽ¨ Cover image prompt: A lone figure sits in a dimly lit, minimalist room with walls lined with foggy glass panels, surrounded by an aura of soft, ethereal light that evokes a sense of contemplation. The colour palette is predominantly muted, with shades of grey, blue, and purple, punctuated by faint, warm glows that hint at the emotional undertones of the creator's subconscious. The lighting is diffused, with an emphasis on subtle, golden shadows that dance across the figure's face, conveying a sense of introspection and self-discovery. The camera angle is a low, intimate close-up, capturing the creator's thoughtful expression as they stare into the distance, lost in the hidden dialogue between their own mind and the audience they seek to connect with. The atmosphere is serene, yet tense with anticipation, as if the creator is on the cusp of uncovering a profound truth. The texture of the glass panels and the rough, concrete floor adds a sense of ruggedness to the scene, while the figure's clothing appears soft and worn, like well-loved fabric. The style of the image is cinematic, with a hint of dreamlike quality, as if the scene is unfolding in a world that exists between reality and the subconscious. The overall mood is one of hopeful curiosity, inviting the viewer to step into the creator's introspective world and explore the mysteries of the invisible editing process.
2026-07-24 12:30:33,398 - INFO - ðŸ–¼ï¸  Saved cover image to images/85e23d1c82c9041c.jpg
2026-07-24 12:30:34,857 - INFO - ðŸ“¤ Pushed images/85e23d1c82c9041c.jpg to GitHub.
2026-07-24 12:30:34,974 - INFO - ðŸŒ Public image URL: https://raw.githubusercontent.com/creatoracademyar-code/threads-bot/main/images/85e23d1c82c9041c.jpg
2026-07-24 12:30:34,976 - INFO - Scheduling for: 2026-07-24T17:47:34.976479Z UTC
2026-07-24 12:30:35,373 - INFO - âœ… Thread scheduled successfully! Buffer Post ID: 6a635aeb3a50867cfaa76cdc
2026-07-24 12:30:35,376 - INFO - ðŸ’¾ Updated posted_threads.json
2026-07-24 12:30:35,376 - INFO - âœ… Run completed.


============================================================
  NEW RUN  2026-07-24T18:30:33.925070
============================================================
2026-07-24 18:30:33,925 - INFO - ðŸš€ Starting automation run
2026-07-24 18:30:33,925 - INFO - ðŸ“š Found 83 previously posted threads.
2026-07-24 18:30:33,926 - INFO - ðŸ“ Will send 20 recent threads to Groq for avoidance.
2026-07-24 18:30:33,926 - INFO - ðŸ”„ Attempt 1/10 to generate a unique thread.
2026-07-24 18:30:35,461 - INFO - Groq raw response:
[
  "I've been fascinated by the concept of 'digital alchemy' in AI content creation.\nWhere creators turn ordinary ideas into gold.",
  "But what if I told you that this process is not just about creativity, but about 'emotional transmutation'?\nTurning leaden emotions into golden connections with our audience.",
  "I've been studying the most successful AI creators, and what I've found is surprising:\nThey're not just creating content, they're 'distilling' emotions into a potent elixir.",
  "This elixir is not just about engagement, but about creating a 'shared emotional resonance' with our audience.\nA resonance that transcends the content itself, and speaks directly to our souls.",
  "I'm still exploring this concept of digital alchemy, and what it means for the future of AI content creation.\nBut one thing is clear: it's the key to creating content that truly transforms, and leaves a lasting impact on our lives."
]
2026-07-24 18:30:35,462 - INFO - âœ… Unique thread found (hash: d97c55ee...)
2026-07-24 18:30:35,462 - INFO - ðŸ“ Generated 5 posts:
2026-07-24 18:30:35,462 - INFO - --- Post 1 ---
I've been fascinated by the concept of 'digital alchemy' in AI content creation.
Where creators turn ordinary ideas into gold.
2026-07-24 18:30:35,462 - INFO - --- Post 2 ---
But what if I told you that this process is not just about creativity, but about 'emotional transmutation'?
Turning leaden emotions into golden connections with our audience.
2026-07-24 18:30:35,463 - INFO - --- Post 3 ---
I've been studying the most successful AI creators, and what I've found is surprising:
They're not just creating content, they're 'distilling' emotions into a potent elixir.
2026-07-24 18:30:35,463 - INFO - --- Post 4 ---
This elixir is not just about engagement, but about creating a 'shared emotional resonance' with our audience.
A resonance that transcends the content itself, and speaks directly to our souls.
2026-07-24 18:30:35,463 - INFO - --- Post 5 ---
I'm still exploring this concept of digital alchemy, and what it means for the future of AI content creation.
But one thing is clear: it's the key to creating content that truly transforms, and leaves a lasting impact on our lives.
2026-07-24 18:30:36,926 - INFO - ðŸŽ¨ Cover image prompt: In a dimly lit, futuristic laboratory, a lone figure stands amidst a maze of sleek, metallic equipment and glowing, ethereal orbs. The main subject, a creator with an intent gaze, is surrounded by a halo of soft, golden light, as if infused with an inner radiance. The setting is a blend of industrial and mystical elements, with rough, concrete walls and polished, silver surfaces reflecting the warm, amber hues of the lighting. The colour palette is predominantly monochromatic, with shades of grey and beige, punctuated by bursts of vibrant, golden yellow and deep, rich blues, evoking a sense of creativity and emotional depth. The lighting is dramatic, with harsh shadows cast across the room, yet the creator's face is bathed in a soft, diffused glow, as if illuminated by an inner light. The camera angle is a low, wide shot, looking up at the creator, who stands at the centre of the composition, surrounded by a swirling vortex of glittering, iridescent particles. The atmosphere is one of serene, contemplative focus, as if the creator is channeling a profound, emotional energy into their work. The texture of the equipment and surfaces is smooth and metallic, while the orbs and particles seem to shift and shimmer like liquid, conveying a sense of dynamic, emotional flux. The style hint is cinematic, with a slight, dreamlike quality, as if the scene is unfolding in a world of symbolic, metaphorical reality, where the boundaries between technology and mysticism are blurred.
2026-07-24 18:30:38,662 - INFO - ðŸ–¼ï¸  Saved cover image to images/b08a30605a8dc060.jpg
2026-07-24 18:30:40,269 - INFO - ðŸ“¤ Pushed images/b08a30605a8dc060.jpg to GitHub.
2026-07-24 18:30:40,485 - INFO - ðŸŒ Public image URL: https://raw.githubusercontent.com/creatoracademyar-code/threads-bot/main/images/b08a30605a8dc060.jpg
2026-07-24 18:30:40,488 - INFO - Scheduling for: 2026-07-24T23:47:40.488007Z UTC
2026-07-24 18:30:41,004 - INFO - âœ… Thread scheduled successfully! Buffer Post ID: 6a63af50d6cb850e9f368ded
2026-07-24 18:30:41,006 - INFO - ðŸ’¾ Updated posted_threads.json
2026-07-24 18:30:41,006 - INFO - âœ… Run completed.


============================================================
  NEW RUN  2026-07-25T00:30:24.615837
============================================================
2026-07-25 00:30:24,615 - INFO - ðŸš€ Starting automation run
2026-07-25 00:30:24,616 - INFO - ðŸ“š Found 84 previously posted threads.
2026-07-25 00:30:24,617 - INFO - ðŸ“ Will send 20 recent threads to Groq for avoidance.
2026-07-25 00:30:24,617 - INFO - ðŸ”„ Attempt 1/10 to generate a unique thread.
2026-07-25 00:30:26,067 - INFO - Groq raw response:
[
  "I've been noticing a strange phenomenon in AI content creation.\nIt's the 'accidental authenticity' that emerges when creators let their guard down.",
  "What if I told you that this authenticity is not just a byproduct of being genuine, but a deliberate choice?\nA choice to 'expose' the imperfections and vulnerabilities that make us human.",
  "I've been studying the most successful AI creators, and what I've found is surprising:\nThey're not trying to hide their flaws, but to 'amplify' them.",
  "This amplification is not just about being transparent, but about creating a 'shared sense of imperfection' with their audience.\nA sense of imperfection that transcends the content itself, and speaks directly to our souls.",
  "I'm still exploring this concept of accidental authenticity, and what it means for the future of AI content creation.\nBut one thing is clear: it's the key to creating a deeper connection with our audience, and leaving a lasting impact on their lives."
]
2026-07-25 00:30:26,068 - INFO - âœ… Unique thread found (hash: 3742c222...)
2026-07-25 00:30:26,068 - INFO - ðŸ“ Generated 5 posts:
2026-07-25 00:30:26,068 - INFO - --- Post 1 ---
I've been noticing a strange phenomenon in AI content creation.
It's the 'accidental authenticity' that emerges when creators let their guard down.
2026-07-25 00:30:26,068 - INFO - --- Post 2 ---
What if I told you that this authenticity is not just a byproduct of being genuine, but a deliberate choice?
A choice to 'expose' the imperfections and vulnerabilities that make us human.
2026-07-25 00:30:26,068 - INFO - --- Post 3 ---
I've been studying the most successful AI creators, and what I've found is surprising:
They're not trying to hide their flaws, but to 'amplify' them.
2026-07-25 00:30:26,068 - INFO - --- Post 4 ---
This amplification is not just about being transparent, but about creating a 'shared sense of imperfection' with their audience.
A sense of imperfection that transcends the content itself, and speaks directly to our souls.
2026-07-25 00:30:26,068 - INFO - --- Post 5 ---
I'm still exploring this concept of accidental authenticity, and what it means for the future of AI content creation.
But one thing is clear: it's the key to creating a deeper connection with our audience, and leaving a lasting impact on their lives.
2026-07-25 00:30:27,535 - INFO - ðŸŽ¨ Cover image prompt: In a dimly lit, rustic studio, a lone figure sits at a wooden workbench, surrounded by scattered tools, wires, and half-finished projects. The main subject, a young creator with a look of intense focus, is hunched over a makeshift console, their hands moving deftly as they work on a mysterious device. The setting is a blend of old and new, with vintage machinery and modern technology coexisting in a beautiful mess. The colour palette is predominantly warm and earthy, with shades of worn wood, copper, and golden light spilling in through a small window. The lighting is soft and diffused, with a hint of dramatic shadows cast by the creator's hands and the surrounding equipment. The camera angle is a low, intimate close-up, capturing the creator's hands and the device they're working on, with the rest of the studio fading into the background. The atmosphere is one of serene concentration, with a sense of hope and possibility hanging in the air. The texture of the wooden workbench and the rough, unfinished quality of the device add a tactile sense of realism to the scene. The style of the image is reminiscent of a cinematic oil painting, with bold brushstrokes and a sense of depth and dimensionality. As the creator's hands move, the device begins to glow with a soft, ethereal light, symbolizing the emergence of accidental authenticity and the connection it fosters with others. The overall mood is contemplative and uplifting, inviting the viewer to reflect on the beauty of imperfection and the power of vulnerability.
2026-07-25 00:30:29,084 - INFO - ðŸ–¼ï¸  Saved cover image to images/f927bc098902dc60.jpg
2026-07-25 00:30:30,570 - INFO - ðŸ“¤ Pushed images/f927bc098902dc60.jpg to GitHub.
2026-07-25 00:30:30,715 - INFO - ðŸŒ Public image URL: https://raw.githubusercontent.com/creatoracademyar-code/threads-bot/main/images/f927bc098902dc60.jpg
2026-07-25 00:30:30,718 - INFO - Scheduling for: 2026-07-25T05:47:30.718684Z UTC
2026-07-25 00:30:31,069 - INFO - âœ… Thread scheduled successfully! Buffer Post ID: 6a6403a69d853f39877de658
2026-07-25 00:30:31,071 - INFO - ðŸ’¾ Updated posted_threads.json
2026-07-25 00:30:31,071 - INFO - âœ… Run completed.


============================================================
  NEW RUN  2026-07-25T06:35:48.848117
============================================================
2026-07-25 06:35:48,848 - INFO - ðŸš€ Starting automation run
2026-07-25 06:35:48,848 - INFO - ðŸ“š Found 85 previously posted threads.
2026-07-25 06:35:48,849 - INFO - ðŸ“ Will send 20 recent threads to Groq for avoidance.
2026-07-25 06:35:48,849 - INFO - ðŸ”„ Attempt 1/10 to generate a unique thread.
2026-07-25 06:35:50,162 - INFO - Groq raw response:
[
  "I've been studying the 'dark side' of AI content creation.",
  "What if I told you that the most successful creators are not just driven by passion, but by a 'hidden hunger'?",
  "A hunger to fill a void that can never be satisfied.",
  "I've been trying to understand this hunger, and what I've found is surprising.",
  "It's not about the content, but about the 'emotional void' that creators are trying to fill."
]
2026-07-25 06:35:50,163 - INFO - âœ… Unique thread found (hash: fac5d2fb...)
2026-07-25 06:35:50,164 - INFO - ðŸ“ Generated 5 posts:
2026-07-25 06:35:50,164 - INFO - --- Post 1 ---
I've been studying the 'dark side' of AI content creation.
2026-07-25 06:35:50,164 - INFO - --- Post 2 ---
What if I told you that the most successful creators are not just driven by passion, but by a 'hidden hunger'?
2026-07-25 06:35:50,164 - INFO - --- Post 3 ---
A hunger to fill a void that can never be satisfied.
2026-07-25 06:35:50,164 - INFO - --- Post 4 ---
I've been trying to understand this hunger, and what I've found is surprising.
2026-07-25 06:35:50,164 - INFO - --- Post 5 ---
It's not about the content, but about the 'emotional void' that creators are trying to fill.
2026-07-25 06:35:51,359 - INFO - ðŸŽ¨ Cover image prompt: A lone figure sits in a dimly lit, abandoned theatre, surrounded by tattered curtains and a backdrop of old, flickering stage lights. The main subject, a young creator, is slumped in a worn, velvet armchair, with a look of introspective longing on their face. The setting is a blend of nostalgic decay and haunting beauty, with peeling paint and crumbling plasterwork. The colour palette is a muted, cool mix of blues and greys, with hints of faded gold and crimson, evoking a sense of melancholy and longing. Soft, diffused light spills in from a single, grimy window high above the stage, casting dramatic shadows across the creator's face and the surrounding scenery. The camera angle is a low, close-up shot, looking up at the creator with a sense of empathy and understanding. The atmosphere is one of contemplative sadness, with a hint of hopeful curiosity. The texture of the old armchair and the rough, concrete floor adds a sense of tactile realism to the scene. The style is reminiscent of a cinematic, film noir oil painting, with bold brushstrokes and a focus on capturing the emotional depth of the subject. The overall mood is serene, yet tense, inviting the viewer to reflect on the emotional void that drives the creator's hunger.
2026-07-25 06:35:52,760 - INFO - ðŸ–¼ï¸  Saved cover image to images/2e6402600f227391.jpg
2026-07-25 06:35:54,394 - INFO - ðŸ“¤ Pushed images/2e6402600f227391.jpg to GitHub.
2026-07-25 06:35:54,514 - INFO - ðŸŒ Public image URL: https://raw.githubusercontent.com/creatoracademyar-code/threads-bot/main/images/2e6402600f227391.jpg
2026-07-25 06:35:54,516 - INFO - Scheduling for: 2026-07-25T11:52:54.516369Z UTC
2026-07-25 06:35:55,035 - INFO - âœ… Thread scheduled successfully! Buffer Post ID: 6a64594a351863828ce31cc8
2026-07-25 06:35:55,037 - INFO - ðŸ’¾ Updated posted_threads.json
2026-07-25 06:35:55,037 - INFO - âœ… Run completed.


============================================================
  NEW RUN  2026-07-25T18:31:53.611782
============================================================
2026-07-25 18:31:53,611 - INFO - ðŸš€ Starting automation run
2026-07-25 18:31:53,612 - INFO - ðŸ“š Found 86 previously posted threads.
2026-07-25 18:31:53,613 - INFO - ðŸ“ Will send 20 recent threads to Groq for avoidance.
2026-07-25 18:31:53,613 - INFO - ðŸ”„ Attempt 1/10 to generate a unique thread.
2026-07-25 18:31:55,075 - INFO - Groq raw response:
[
  "I've been fascinated by the concept of 'echo chambers' in AI content creation.\nWhat if I told you that these chambers are not just about feedback, but about 'emotional echoes'?",
  "I've been studying the most successful AI creators, and what I've found is surprising:\nThey're not just creating content, they're 'tuning' into the emotions of their audience.",
  "But how do they do it?\nIt's not about the tech or the tools, but about the 'emotional frequency' they're broadcasting.",
  "I've started to explore this concept of emotional frequency further.\nAnd I've discovered a hidden pattern that can help creators resonate with their audience.",
  "It's not just about creating content, but about 'harmonizing' with the emotions of your audience.\nI'm still exploring the implications of this discovery, but one thing is clear..."
]
2026-07-25 18:31:55,076 - INFO - âœ… Unique thread found (hash: a09ccca1...)
2026-07-25 18:31:55,076 - INFO - ðŸ“ Generated 5 posts:
2026-07-25 18:31:55,076 - INFO - --- Post 1 ---
I've been fascinated by the concept of 'echo chambers' in AI content creation.
What if I told you that these chambers are not just about feedback, but about 'emotional echoes'?
2026-07-25 18:31:55,077 - INFO - --- Post 2 ---
I've been studying the most successful AI creators, and what I've found is surprising:
They're not just creating content, they're 'tuning' into the emotions of their audience.
2026-07-25 18:31:55,077 - INFO - --- Post 3 ---
But how do they do it?
It's not about the tech or the tools, but about the 'emotional frequency' they're broadcasting.
2026-07-25 18:31:55,077 - INFO - --- Post 4 ---
I've started to explore this concept of emotional frequency further.
And I've discovered a hidden pattern that can help creators resonate with their audience.
2026-07-25 18:31:55,077 - INFO - --- Post 5 ---
It's not just about creating content, but about 'harmonizing' with the emotions of your audience.
I'm still exploring the implications of this discovery, but one thing is clear...
2026-07-25 18:31:56,309 - INFO - ðŸŽ¨ Cover image prompt: In a dimly lit, futuristic sound studio, a lone figure sits amidst a halo of soft, blue-green light, surrounded by a mesh of glowing, ethereal wires that seem to vibrate with an otherworldly energy. The main subject, a young, introspective creator, is positioned in the centre of the room, with their back to a massive, curved soundboard that stretches out like a dark, polished wave. The colour palette is predominantly cool, with shades of cerulean, teal, and mauve, evoking a sense of calm, contemplative focus. The lighting is diffuse, with an soft, ambient glow that seems to emanate from the wires and the soundboard, casting no harsh shadows, only a deep, mysterious sense of depth. The camera angle is a low, wide shot, looking up at the creator from a slight, reverent distance, as if to emphasize their connection to the emotional frequencies they're tuning into. The atmosphere is one of serene, hopeful anticipation, as if the creator is on the cusp of discovering a hidden harmony that will resonate with their audience. The texture of the soundboard and the wires is smooth, metallic, and slightly futuristic, while the creator's clothing is soft, flowing, and earthy, suggesting a blend of technological savvy and emotional intelligence. The style of the image is cinematic, with a hint of sci-fi mysticism, as if the scene is unfolding in a dreamlike, hyper-real world where emotions are the ultimate frequency.
2026-07-25 18:31:58,033 - INFO - ðŸ–¼ï¸  Saved cover image to images/be73e52824a32ce4.jpg
2026-07-25 18:31:59,809 - INFO - ðŸ“¤ Pushed images/be73e52824a32ce4.jpg to GitHub.
2026-07-25 18:31:59,937 - INFO - ðŸŒ Public image URL: https://raw.githubusercontent.com/creatoracademyar-code/threads-bot/main/images/be73e52824a32ce4.jpg
2026-07-25 18:31:59,939 - INFO - Scheduling for: 2026-07-25T23:48:59.939776Z UTC
2026-07-25 18:32:00,760 - INFO - âœ… Thread scheduled successfully! Buffer Post ID: 6a6501202df0a0f1fdc8e234
2026-07-25 18:32:00,762 - INFO - ðŸ’¾ Updated posted_threads.json
2026-07-25 18:32:00,762 - INFO - âœ… Run completed.


============================================================
  NEW RUN  2026-07-26T00:32:01.866977
============================================================
2026-07-26 00:32:01,866 - INFO - ðŸš€ Starting automation run
2026-07-26 00:32:01,867 - INFO - ðŸ“š Found 87 previously posted threads.
2026-07-26 00:32:01,867 - INFO - ðŸ“ Will send 20 recent threads to Groq for avoidance.
2026-07-26 00:32:01,867 - INFO - ðŸ”„ Attempt 1/10 to generate a unique thread.
2026-07-26 00:32:03,049 - INFO - Groq raw response:
[
  "I've been studying the most successful AI creators, trying to understand their 'mental frameworks'.",
  "What if I told you that they're not just thinking about content, but about 'cognitive architectures'?",
  "They're designing mental blueprints that help their audience navigate complex ideas.",
  "I've been trying to reverse-engineer these frameworks, and what I've found is surprising:",
  "It's not about the tech or the tools, but about the 'conceptual hierarchies' they use to organize their thoughts."
]
2026-07-26 00:32:03,050 - INFO - âœ… Unique thread found (hash: 55935577...)
2026-07-26 00:32:03,050 - INFO - ðŸ“ Generated 5 posts:
2026-07-26 00:32:03,050 - INFO - --- Post 1 ---
I've been studying the most successful AI creators, trying to understand their 'mental frameworks'.
2026-07-26 00:32:03,050 - INFO - --- Post 2 ---
What if I told you that they're not just thinking about content, but about 'cognitive architectures'?
2026-07-26 00:32:03,050 - INFO - --- Post 3 ---
They're designing mental blueprints that help their audience navigate complex ideas.
2026-07-26 00:32:03,050 - INFO - --- Post 4 ---
I've been trying to reverse-engineer these frameworks, and what I've found is surprising:
2026-07-26 00:32:03,050 - INFO - --- Post 5 ---
It's not about the tech or the tools, but about the 'conceptual hierarchies' they use to organize their thoughts.
2026-07-26 00:32:04,627 - INFO - ðŸŽ¨ Cover image prompt: A lone figure sits amidst a sprawling, futuristic library, surrounded by towering shelves of glowing, ethereal books that seem to hum with gentle, blue-purple light. The setting is a blend of modern, minimalist architecture and ancient, mystical wisdom, with polished, silver-metal accents and rough, stone walls. The colour palette is predominantly composed of cool, calming hues, with soft blues and purples dominating the scene, punctuated by flashes of warm, golden light that dance across the figure's face. The lighting is soft and diffused, with a subtle, gradient-like quality that suggests a mix of natural and artificial illumination, casting gentle, shimmering shadows across the room. The camera angle is a low, Dutch-angle shot, looking up at the figure with a sense of reverence and curiosity, as if trying to decipher the secrets of their mind. The atmosphere is one of serene, introspective contemplation, with the figure lost in thought, surrounded by swirling, abstract patterns of light and colour that evoke a sense of complex, mental frameworks. The texture of the scene is a mix of smooth, polished surfaces and rough, organic materials, with the glowing books and sleek, metallic accents contrasting with the rough, stone walls and the figure's worn, leather-bound journal. The style of the image is reminiscent of a cinematic, science fiction film, with a hint of mystical, dreamlike quality, as if the scene is a representation of the figure's inner world, a 3D rendering of their mental landscape. The figure's face is tilted upwards, eyes closed, as if lost in the labyrinthine corridors of their own mind, with the glowing books and swirling patterns of light seeming to emanate from their very thoughts.
2026-07-26 00:32:06,579 - INFO - ðŸ–¼ï¸  Saved cover image to images/e1f418326a5340f2.jpg
2026-07-26 00:32:08,094 - INFO - ðŸ“¤ Pushed images/e1f418326a5340f2.jpg to GitHub.
2026-07-26 00:32:08,355 - INFO - ðŸŒ Public image URL: https://raw.githubusercontent.com/creatoracademyar-code/threads-bot/main/images/e1f418326a5340f2.jpg
2026-07-26 00:32:08,357 - INFO - Scheduling for: 2026-07-26T05:49:08.357065Z UTC
2026-07-26 00:32:08,817 - INFO - âœ… Thread scheduled successfully! Buffer Post ID: 6a655588351863828cec9885
2026-07-26 00:32:08,818 - INFO - ðŸ’¾ Updated posted_threads.json
2026-07-26 00:32:08,819 - INFO - âœ… Run completed.


============================================================
  NEW RUN  2026-07-26T06:30:29.897348
============================================================
2026-07-26 06:30:29,897 - INFO - ðŸš€ Starting automation run
2026-07-26 06:30:29,898 - INFO - ðŸ“š Found 88 previously posted threads.
2026-07-26 06:30:29,898 - INFO - ðŸ“ Will send 20 recent threads to Groq for avoidance.
2026-07-26 06:30:29,898 - INFO - ðŸ”„ Attempt 1/10 to generate a unique thread.
2026-07-26 06:30:31,011 - INFO - Groq raw response:
[
  "I've been observing a strange phenomenon in AI content creation.",
  "Creators who focus on 'process over product' seem to build a loyal audience.",
  "But what if I told you that this approach is not just about creativity, but about 'revealing the unseen'?",
  "I've been trying to understand how they balance transparency and mystery.",
  "And what I've found is surprising: it's not about the content, but about the 'emotional rhythm' they create."
]
2026-07-26 06:30:31,012 - INFO - âœ… Unique thread found (hash: 628ffdd0...)
2026-07-26 06:30:31,012 - INFO - ðŸ“ Generated 5 posts:
2026-07-26 06:30:31,013 - INFO - --- Post 1 ---
I've been observing a strange phenomenon in AI content creation.
2026-07-26 06:30:31,013 - INFO - --- Post 2 ---
Creators who focus on 'process over product' seem to build a loyal audience.
2026-07-26 06:30:31,013 - INFO - --- Post 3 ---
But what if I told you that this approach is not just about creativity, but about 'revealing the unseen'?
2026-07-26 06:30:31,013 - INFO - --- Post 4 ---
I've been trying to understand how they balance transparency and mystery.
2026-07-26 06:30:31,013 - INFO - --- Post 5 ---
And what I've found is surprising: it's not about the content, but about the 'emotional rhythm' they create.
2026-07-26 06:30:32,222 - INFO - ðŸŽ¨ Cover image prompt: In a dimly lit, rustic studio with worn wooden floors and earthy tones, a lone figure sits at a workbench, surrounded by scattered papers, paintbrushes, and half-finished canvases. The main subject, a young artist with a contemplative expression, is illuminated by a soft, golden light that pours in through a grimy, wet glass window, casting a warm glow on their face and hands. The colour palette is predominantly composed of muted, earthy hues, with splashes of vibrant blues and greens from the artwork and materials. The lighting is diffused, with deep shadows in the corners of the room, adding a sense of depth and intimacy to the scene. The camera angle is a low, over-the-shoulder shot, looking up at the artist, conveying a sense of vulnerability and creativity. The atmosphere is serene, with a hint of tension, as if the artist is on the cusp of a breakthrough. The texture of the rough wooden workbench and the smooth, wet glass window add a tactile quality to the image. The style is reminiscent of a cinematic, oil painting, with bold brushstrokes and expressive textures, inviting the viewer to step into the artist's world and experience the emotional rhythm of their creative process.
2026-07-26 06:30:33,992 - INFO - ðŸ–¼ï¸  Saved cover image to images/61bd31ee52f9465c.jpg
2026-07-26 06:30:35,552 - INFO - ðŸ“¤ Pushed images/61bd31ee52f9465c.jpg to GitHub.
2026-07-26 06:30:35,939 - INFO - ðŸŒ Public image URL: https://raw.githubusercontent.com/creatoracademyar-code/threads-bot/main/images/61bd31ee52f9465c.jpg
2026-07-26 06:30:35,941 - INFO - Scheduling for: 2026-07-26T11:47:35.941678Z UTC
2026-07-26 06:30:36,739 - INFO - âœ… Thread scheduled successfully! Buffer Post ID: 6a65a98c2df0a0f1fdcf2ab5
2026-07-26 06:30:36,740 - INFO - ðŸ’¾ Updated posted_threads.json
2026-07-26 06:30:36,740 - INFO - âœ… Run completed.


============================================================
  NEW RUN  2026-07-26T12:30:27.503647
============================================================
2026-07-26 12:30:27,503 - INFO - ðŸš€ Starting automation run
2026-07-26 12:30:27,504 - INFO - ðŸ“š Found 89 previously posted threads.
2026-07-26 12:30:27,505 - INFO - ðŸ“ Will send 20 recent threads to Groq for avoidance.
2026-07-26 12:30:27,505 - INFO - ðŸ”„ Attempt 1/10 to generate a unique thread.
2026-07-26 12:30:29,118 - INFO - Groq raw response:
[
  "I've been noticing a strange gap in AI content creation.\nBetween the 'vision' and the 'execution'.",
  "Most creators have a clear idea of what they want to achieve, but struggle to bring it to life.\nWhat's missing?",
  "I've been studying the most successful AI creators, and what I've found is surprising:\nThey're not just focused on the end result, but on the 'journey' itself.",
  "They're using a secret technique to 'encode' their vision into every step of the creation process.\nWant to know what it is?",
  "It's not about the tech or the tools, but about the 'creative cartography' they use to navigate their ideas.\nI'm still exploring this concept, and what I've found is fascinating..."
]
2026-07-26 12:30:29,119 - INFO - âœ… Unique thread found (hash: 069bbf55...)
2026-07-26 12:30:29,119 - INFO - ðŸ“ Generated 5 posts:
2026-07-26 12:30:29,119 - INFO - --- Post 1 ---
I've been noticing a strange gap in AI content creation.
Between the 'vision' and the 'execution'.
2026-07-26 12:30:29,119 - INFO - --- Post 2 ---
Most creators have a clear idea of what they want to achieve, but struggle to bring it to life.
What's missing?
2026-07-26 12:30:29,119 - INFO - --- Post 3 ---
I've been studying the most successful AI creators, and what I've found is surprising:
They're not just focused on the end result, but on the 'journey' itself.
2026-07-26 12:30:29,119 - INFO - --- Post 4 ---
They're using a secret technique to 'encode' their vision into every step of the creation process.
Want to know what it is?
2026-07-26 12:30:29,119 - INFO - --- Post 5 ---
It's not about the tech or the tools, but about the 'creative cartography' they use to navigate their ideas.
I'm still exploring this concept, and what I've found is fascinating...
2026-07-26 12:30:30,602 - INFO - ðŸŽ¨ Cover image prompt: In a dimly lit, industrial-chic studio, a lone figure sits amidst a maze of vintage maps, scattered papers, and empty coffee cups, surrounded by towering shelves of dusty, leather-bound books. The main subject, a young creator with a look of intense focus, is hunched over a beautifully crafted, antique wooden desk, with a faint, golden glow emanating from a lone, tabletop lamp. The colour palette is a moody blend of warm, earthy tones, with rich browns, deep blues, and muted greens, evoking a sense of nostalgia and intellectual curiosity. Soft, diffused light spills in through a grimy, skylight window above, casting long, dramatic shadows across the room, and illuminating the creator's face with a sense of determination. The camera angle is a low, Dutch angle, looking up at the creator, as if to emphasize their sense of exploration and discovery. The atmosphere is one of quiet, contemplative tension, as if the creator is on the cusp of a major breakthrough. The texture of the old maps, the rough, wooden desk, and the worn, leather books adds a sense of tactile, organic depth to the scene, while the faint, glow of the lamp hints at a sense of futuristic, technological possibility. The style of the image is cinematic, with a hint of gritty, film noir realism, as if to suggest that the creator's journey is not just about the destination, but about the dark, winding path they must navigate to get there.
2026-07-26 12:30:32,079 - INFO - ðŸ–¼ï¸  Saved cover image to images/0aa079d504ff3495.jpg
2026-07-26 12:30:33,742 - INFO - ðŸ“¤ Pushed images/0aa079d504ff3495.jpg to GitHub.
2026-07-26 12:30:33,889 - INFO - ðŸŒ Public image URL: https://raw.githubusercontent.com/creatoracademyar-code/threads-bot/main/images/0aa079d504ff3495.jpg
2026-07-26 12:30:33,891 - INFO - Scheduling for: 2026-07-26T17:47:33.891577Z UTC
2026-07-26 12:30:34,325 - INFO - âœ… Thread scheduled successfully! Buffer Post ID: 6a65fdea12fafbaf49e0737a
2026-07-26 12:30:34,327 - INFO - ðŸ’¾ Updated posted_threads.json
2026-07-26 12:30:34,327 - INFO - âœ… Run completed.


============================================================
  NEW RUN  2026-07-26T18:30:25.070201
============================================================
2026-07-26 18:30:25,070 - INFO - ðŸš€ Starting automation run
2026-07-26 18:30:25,070 - INFO - ðŸ“š Found 90 previously posted threads.
2026-07-26 18:30:25,071 - INFO - ðŸ“ Will send 20 recent threads to Groq for avoidance.
2026-07-26 18:30:25,071 - INFO - ðŸ”„ Attempt 1/10 to generate a unique thread.
2026-07-26 18:30:27,034 - INFO - Groq raw response:
[
  "I've been studying the most successful AI creators, trying to crack their code.\nOne thing stands out: their ability to create 'emotional artifacts'.",
  "These artifacts are not just about the content, but about the 'sensory experiences' they evoke.\nThey're the secret to creating a lasting impact on our lives.",
  "I've been trying to understand how they craft these experiences, and what I've found is surprising:\nIt's not about the tech or the tools, but about the 'intuitive storytelling' they use.",
  "This storytelling is not just about the narrative, but about the 'unspoken emotions' that drive human connection.\nI'm still exploring this concept, and what I've found is fascinating..."
]
2026-07-26 18:30:27,035 - INFO - âœ… Unique thread found (hash: 5ee4a490...)
2026-07-26 18:30:27,035 - INFO - ðŸ“ Generated 4 posts:
2026-07-26 18:30:27,035 - INFO - --- Post 1 ---
I've been studying the most successful AI creators, trying to crack their code.
One thing stands out: their ability to create 'emotional artifacts'.
2026-07-26 18:30:27,035 - INFO - --- Post 2 ---
These artifacts are not just about the content, but about the 'sensory experiences' they evoke.
They're the secret to creating a lasting impact on our lives.
2026-07-26 18:30:27,035 - INFO - --- Post 3 ---
I've been trying to understand how they craft these experiences, and what I've found is surprising:
It's not about the tech or the tools, but about the 'intuitive storytelling' they use.
2026-07-26 18:30:27,035 - INFO - --- Post 4 ---
This storytelling is not just about the narrative, but about the 'unspoken emotions' that drive human connection.
I'm still exploring this concept, and what I've found is fascinating...
2026-07-26 18:30:28,200 - INFO - ðŸŽ¨ Cover image prompt: In a dimly lit, intimate studio, a young artist sits surrounded by various creative tools and technological devices, with a large, wooden worktable at the centre. The main subject is a delicate, glowing orb that rests on the table, emitting a soft, pulsing light that illuminates the artist's contemplative face. The setting is a blend of traditional and modern elements, with vintage furniture and wooden accents juxtaposed with sleek, futuristic gadgets and wires. The colour palette is a mix of warm, golden hues and cool, blue tones, evoking a sense of nostalgia and innovation. The lighting is soft and diffused, with a few dramatic shadows cast by the orb's gentle glow, creating an atmosphere of serene contemplation. The camera angle is a close-up, low-angle shot, looking up at the artist and the orb, conveying a sense of hope and wonder. The texture of the wooden table and the rough, stone walls adds a sense of organic, human touch to the scene, while the smooth, metallic surfaces of the technological devices provide a hint of modernity. The style of the image is cinematic, with a slight oil painting quality to the lighting and textures, inviting the viewer to step into the artist's intimate, creative world. The overall emotion of the scene is one of quiet fascination and curiosity, as if the artist is on the verge of uncovering a hidden secret, and the viewer is invited to share in the discovery.
2026-07-26 18:30:29,646 - INFO - ðŸ–¼ï¸  Saved cover image to images/1c0d472d444dea7f.jpg
2026-07-26 18:30:31,107 - INFO - ðŸ“¤ Pushed images/1c0d472d444dea7f.jpg to GitHub.
2026-07-26 18:30:31,244 - INFO - ðŸŒ Public image URL: https://raw.githubusercontent.com/creatoracademyar-code/threads-bot/main/images/1c0d472d444dea7f.jpg
2026-07-26 18:30:31,246 - INFO - Scheduling for: 2026-07-26T23:47:31.246886Z UTC
2026-07-26 18:30:31,633 - INFO - âœ… Thread scheduled successfully! Buffer Post ID: 6a665247ecad4329a915394a
2026-07-26 18:30:31,635 - INFO - ðŸ’¾ Updated posted_threads.json
2026-07-26 18:30:31,635 - INFO - âœ… Run completed.


============================================================
  NEW RUN  2026-07-27T00:32:33.505838
============================================================
2026-07-27 00:32:33,505 - INFO - ðŸš€ Starting automation run
2026-07-27 00:32:33,506 - INFO - ðŸ“š Found 91 previously posted threads.
2026-07-27 00:32:33,506 - INFO - ðŸ“ Will send 20 recent threads to Groq for avoidance.
2026-07-27 00:32:33,506 - INFO - ðŸ”„ Attempt 1/10 to generate a unique thread.
2026-07-27 00:32:34,604 - INFO - Groq raw response:
[
  "I've been noticing a strange phenomenon in AI business.",
  "Some creators are making a fortune, while others struggle to make a dime.",
  "What's the difference between them?",
  "I've been studying the most successful AI creators, and what I've found is surprising:",
  "It's not about the tech or the tools, but about the 'value loops' they create."
]
2026-07-27 00:32:34,605 - INFO - âœ… Unique thread found (hash: 489be8c6...)
2026-07-27 00:32:34,605 - INFO - ðŸ“ Generated 5 posts:
2026-07-27 00:32:34,605 - INFO - --- Post 1 ---
I've been noticing a strange phenomenon in AI business.
2026-07-27 00:32:34,605 - INFO - --- Post 2 ---
Some creators are making a fortune, while others struggle to make a dime.
2026-07-27 00:32:34,605 - INFO - --- Post 3 ---
What's the difference between them?
2026-07-27 00:32:34,605 - INFO - --- Post 4 ---
I've been studying the most successful AI creators, and what I've found is surprising:
2026-07-27 00:32:34,605 - INFO - --- Post 5 ---
It's not about the tech or the tools, but about the 'value loops' they create.
2026-07-27 00:32:36,351 - INFO - ðŸŽ¨ Cover image prompt: In a sleek, modern conference room with a glass wall overlooking a bustling cityscape at dusk, a lone figure stands at the forefront, illuminated by the warm glow of a setting sun. The main subject, a contemplative entrepreneur, is positioned in a powerful stance, with one hand on a polished, metallic lectern and the other gesturing towards a massive, circular, glass-topped table. The table's surface reflects the vibrant, golden hues of the sky, while the city outside is a tapestry of cool, neon blues and purples, symbolizing the contrast between innovation and tradition. The colour palette is predominantly composed of muted, professional tones, such as charcoal grey, beige, and navy blue, with accents of rich, burnished wood and the faint gleam of silver. Soft, diffused light pours in through the glass wall, casting gentle shadows on the figure's face and emphasizing the sense of depth and dimensionality in the scene. From a low-angle perspective, the camera looks up at the entrepreneur, conveying a sense of admiration and respect, while the atmosphere is one of quiet confidence and introspection. The texture of the glass table and the rough, stone-like material of the city's skyscrapers outside add a sense of tactility to the image. The style is cinematic and photorealistic, with subtle, nuanced gradations of light and shadow that evoke a sense of authenticity and realism, inviting the viewer to step into the world of the image. The overall mood is hopeful and optimistic, as if the entrepreneur is on the cusp of a groundbreaking discovery, with the 'value loops' they create waiting to be unleashed like ripples on the surface of the glass table.
2026-07-27 00:32:38,135 - INFO - ðŸ–¼ï¸  Saved cover image to images/2c5fa11054ea2ba8.jpg
2026-07-27 00:32:39,652 - INFO - ðŸ“¤ Pushed images/2c5fa11054ea2ba8.jpg to GitHub.
2026-07-27 00:32:40,052 - INFO - ðŸŒ Public image URL: https://raw.githubusercontent.com/creatoracademyar-code/threads-bot/main/images/2c5fa11054ea2ba8.jpg
2026-07-27 00:32:40,053 - INFO - Scheduling for: 2026-07-27T05:49:40.053646Z UTC
2026-07-27 00:32:40,861 - INFO - âœ… Thread scheduled successfully! Buffer Post ID: 6a66a72879ae388ebdb0117e
2026-07-27 00:32:40,862 - INFO - ðŸ’¾ Updated posted_threads.json
2026-07-27 00:32:40,862 - INFO - âœ… Run completed.


============================================================
  NEW RUN  2026-07-27T06:30:30.740073
============================================================
2026-07-27 06:30:30,740 - INFO - ðŸš€ Starting automation run
2026-07-27 06:30:30,740 - INFO - ðŸ“š Found 92 previously posted threads.
2026-07-27 06:30:30,741 - INFO - ðŸ“ Will send 20 recent threads to Groq for avoidance.
2026-07-27 06:30:30,741 - INFO - ðŸ”„ Attempt 1/10 to generate a unique thread.
2026-07-27 06:30:32,623 - INFO - Groq raw response:
[
  "I've been studying the 'invisible scripts' that drive AI creator success.",
  "What if I told you that these scripts are not just about code, but about 'mental models'?",
  "I've found that the most successful creators have a unique ability to 'rewrite' their own mental scripts.",
  "But how do they do it? It's not about willpower or motivation, but about 'reframing' their perception of reality.",
  "I'm still exploring this concept, and what I've found is surprising: it's the key to unlocking true creativity and innovation in AI content creation."
]
2026-07-27 06:30:32,624 - INFO - âœ… Unique thread found (hash: 0498850b...)
2026-07-27 06:30:32,624 - INFO - ðŸ“ Generated 5 posts:
2026-07-27 06:30:32,624 - INFO - --- Post 1 ---
I've been studying the 'invisible scripts' that drive AI creator success.
2026-07-27 06:30:32,624 - INFO - --- Post 2 ---
What if I told you that these scripts are not just about code, but about 'mental models'?
2026-07-27 06:30:32,624 - INFO - --- Post 3 ---
I've found that the most successful creators have a unique ability to 'rewrite' their own mental scripts.
2026-07-27 06:30:32,624 - INFO - --- Post 4 ---
But how do they do it? It's not about willpower or motivation, but about 'reframing' their perception of reality.
2026-07-27 06:30:32,624 - INFO - --- Post 5 ---
I'm still exploring this concept, and what I've found is surprising: it's the key to unlocking true creativity and innovation in AI content creation.
2026-07-27 06:30:34,134 - INFO - ðŸŽ¨ Cover image prompt: In a serene, futuristic laboratory with sleek, polished metal surfaces and sparse, minimalist decor, a lone figure sits in contemplative silence, surrounded by towering shelves of old, leather-bound books and glowing, holographic screens. The main subject, a young, introspective woman with an intent gaze, is positioned at the centre of the room, surrounded by a halo of soft, ethereal light that emanates from the holographic displays. The colour palette is a blend of cool, calming blues and purples, punctuated by bursts of vibrant, electric green that represent the spark of creativity and innovation. The lighting is soft and diffused, with subtle, gradient-like transitions between light and shadow that create a sense of depth and dimensionality. The camera angle is a low, wide shot, looking up at the woman from a slight angle, which conveys a sense of hope and empowerment. The atmosphere is one of quiet, introspective tension, as if the woman is on the cusp of a major breakthrough. The texture of the metal surfaces and the rough, worn leather of the books adds a sense of tactile realism to the scene, while the holographic screens provide a hint of futuristic, high-tech sophistication. The style of the image is cinematic and photorealistic, with subtle, nuanced lighting and shading that creates a sense of depth and immersion. In the background, a large, abstract representation of a mental model or script can be seen, with glowing, neon-like lines and curves that pulse and shimmer, representing the dynamic, ever-changing nature of the woman's thoughts and perceptions.
2026-07-27 06:30:36,570 - INFO - ðŸ–¼ï¸  Saved cover image to images/ff6204d0c026443c.jpg
2026-07-27 06:30:42,013 - INFO - ðŸ“¤ Pushed images/ff6204d0c026443c.jpg to GitHub.
2026-07-27 06:30:42,259 - INFO - ðŸŒ Public image URL: https://raw.githubusercontent.com/creatoracademyar-code/threads-bot/main/images/ff6204d0c026443c.jpg
2026-07-27 06:30:42,261 - INFO - Scheduling for: 2026-07-27T11:47:42.261244Z UTC
2026-07-27 06:30:42,929 - INFO - âœ… Thread scheduled successfully! Buffer Post ID: 6a66fb12e194da5313a1a28d
2026-07-27 06:30:42,930 - INFO - ðŸ’¾ Updated posted_threads.json
2026-07-27 06:30:42,930 - INFO - âœ… Run completed.


============================================================
  NEW RUN  2026-07-27T12:30:35.341089
============================================================
2026-07-27 12:30:35,341 - INFO - ðŸš€ Starting automation run
2026-07-27 12:30:35,341 - INFO - ðŸ“š Found 93 previously posted threads.
2026-07-27 12:30:35,342 - INFO - ðŸ“ Will send 20 recent threads to Groq for avoidance.
2026-07-27 12:30:35,342 - INFO - ðŸ”„ Attempt 1/10 to generate a unique thread.
2026-07-27 12:30:37,606 - INFO - Groq raw response:
[
  "I've been studying AI creators who've built massive audiences.\nOne thing stands out: their ability to create 'narrative gravity'.",
  "This gravity is not just about the content, but about the 'emotional mass' they've built around their brand.\nIt's what keeps their audience coming back for more.",
  "But what if I told you that this gravity is not just about the creator, but about the 'void' they're filling in their audience's lives?",
  "I've been trying to understand this void, and what I've found is surprising:\nIt's not about the content, but about the 'unspoken desires' of their audience.",
  "I'm still exploring this concept, and what I've found is fascinating...\nIt's the key to creating a lasting impact on our lives, and I'm just starting to scratch the surface."
]
2026-07-27 12:30:37,607 - INFO - âœ… Unique thread found (hash: 378abc31...)
2026-07-27 12:30:37,607 - INFO - ðŸ“ Generated 5 posts:
2026-07-27 12:30:37,607 - INFO - --- Post 1 ---
I've been studying AI creators who've built massive audiences.
One thing stands out: their ability to create 'narrative gravity'.
2026-07-27 12:30:37,608 - INFO - --- Post 2 ---
This gravity is not just about the content, but about the 'emotional mass' they've built around their brand.
It's what keeps their audience coming back for more.
2026-07-27 12:30:37,608 - INFO - --- Post 3 ---
But what if I told you that this gravity is not just about the creator, but about the 'void' they're filling in their audience's lives?
2026-07-27 12:30:37,608 - INFO - --- Post 4 ---
I've been trying to understand this void, and what I've found is surprising:
It's not about the content, but about the 'unspoken desires' of their audience.
2026-07-27 12:30:37,608 - INFO - --- Post 5 ---
I'm still exploring this concept, and what I've found is fascinating...
It's the key to creating a lasting impact on our lives, and I'm just starting to scratch the surface.
2026-07-27 12:30:38,905 - INFO - ðŸŽ¨ Cover image prompt: A lone figure stands at the edge of a vast, dark abyss, set against a backdrop of a starry night sky with hues of deep blues and purples. The surrounding landscape is rugged and rocky, with rough stone formations that fade into the darkness. The figure is silhouetted against a soft, ethereal glow emanating from the void, casting a warm, golden light on the rough terrain. The atmosphere is contemplative and eerie, with an air of mystery surrounding the void. The camera angle is a wide, low-angle shot, looking up at the figure from the depths of the abyss, emphasizing the sense of vastness and unknown. The style is cinematic, with subtle texture and depth, as if painted with oil on canvas. The figure's face is obscured, adding to the sense of anonymity and universality, while the rough, rocky ground beneath their feet is wet and glistening, reflecting the faint light from the stars above. The overall mood is one of quiet introspection, inviting the viewer to ponder the mysteries of the void and the desires that lie within. The colour palette is predominantly dark and muted, with flashes of warm, golden light, evoking a sense of hope and discovery in the darkness.
2026-07-27 12:30:40,325 - INFO - ðŸ–¼ï¸  Saved cover image to images/a3872124e812acd5.jpg
2026-07-27 12:30:42,191 - INFO - ðŸ“¤ Pushed images/a3872124e812acd5.jpg to GitHub.
2026-07-27 12:30:42,484 - INFO - ðŸŒ Public image URL: https://raw.githubusercontent.com/creatoracademyar-code/threads-bot/main/images/a3872124e812acd5.jpg
2026-07-27 12:30:42,487 - INFO - Scheduling for: 2026-07-27T17:47:42.486974Z UTC
2026-07-27 12:30:43,147 - INFO - âœ… Thread scheduled successfully! Buffer Post ID: 6a674f72224d9daaf5f6aa1f
2026-07-27 12:30:43,150 - INFO - ðŸ’¾ Updated posted_threads.json
2026-07-27 12:30:43,150 - INFO - âœ… Run completed.


============================================================
  NEW RUN  2026-07-27T18:30:37.052602
============================================================
2026-07-27 18:30:37,052 - INFO - ðŸš€ Starting automation run
2026-07-27 18:30:37,053 - INFO - ðŸ“š Found 94 previously posted threads.
2026-07-27 18:30:37,053 - INFO - ðŸ“ Will send 20 recent threads to Groq for avoidance.
2026-07-27 18:30:37,053 - INFO - ðŸ”„ Attempt 1/10 to generate a unique thread.
2026-07-27 18:30:38,410 - INFO - Groq raw response:
[
  "I've been fascinated by the concept of 'beginner's luck' in AI content creation.\nWhat if I told you that newcomers often outperform seasoned creators?",
  "Their secret? They're not held back by 'expert blinders'.\nThey're free to experiment and explore new ideas.",
  "I've been studying these newcomers, and what I've found is surprising:\nThey're not afraid to 'break the rules' and challenge conventional wisdom.",
  "This fearlessness is not just about creativity, but about 'emotional permission'.\nThey've given themselves permission to take risks and try new things.",
  "I'm still exploring this concept, and what I've found is fascinating...\nIt's the key to staying innovative and fresh in AI content creation."
]
2026-07-27 18:30:38,411 - INFO - âœ… Unique thread found (hash: 23cad94e...)
2026-07-27 18:30:38,411 - INFO - ðŸ“ Generated 5 posts:
2026-07-27 18:30:38,411 - INFO - --- Post 1 ---
I've been fascinated by the concept of 'beginner's luck' in AI content creation.
What if I told you that newcomers often outperform seasoned creators?
2026-07-27 18:30:38,411 - INFO - --- Post 2 ---
Their secret? They're not held back by 'expert blinders'.
They're free to experiment and explore new ideas.
2026-07-27 18:30:38,411 - INFO - --- Post 3 ---
I've been studying these newcomers, and what I've found is surprising:
They're not afraid to 'break the rules' and challenge conventional wisdom.
2026-07-27 18:30:38,411 - INFO - --- Post 4 ---
This fearlessness is not just about creativity, but about 'emotional permission'.
They've given themselves permission to take risks and try new things.
2026-07-27 18:30:38,411 - INFO - --- Post 5 ---
I'm still exploring this concept, and what I've found is fascinating...
It's the key to staying innovative and fresh in AI content creation.
2026-07-27 18:30:39,836 - INFO - ðŸŽ¨ Cover image prompt: A young artist stands at the edge of a sprawling, futuristic cityscape, surrounded by a maze of neon-lit skyscrapers and holographic advertisements, with a vast, starry night sky above. The main subject, dressed in a sleek black jumpsuit, gazes out at the viewer with a fearless and determined expression, as if embracing the infinite possibilities of the city. The colour palette is a blend of cool blues and purples, with accents of bright, electric pink, evoking a sense of innovation and creativity. The lighting is a mix of soft, diffused neon glow and the warm, golden light of the setting sun, casting long shadows across the dark, polished concrete beneath their feet. The camera angle is a low, wide shot, looking up at the artist from the ground, emphasizing their confidence and daring. The atmosphere is one of hopeful anticipation, as if the artist is on the cusp of a groundbreaking discovery. The texture of the city's metallic and glass surfaces is sleek and modern, with a subtle sheen that suggests a sense of cutting-edge technology. The style of the image is cinematic and hyper-realistic, with bold lines and vibrant colours, as if it were a still from a futuristic sci-fi film. In the foreground, a few scattered, broken rules and shattered conventions lie shattered on the ground, symbolizing the artist's fearlessness and willingness to challenge the status quo.
2026-07-27 18:30:41,397 - INFO - ðŸ–¼ï¸  Saved cover image to images/5920228c7c50d29e.jpg
2026-07-27 18:30:43,133 - INFO - ðŸ“¤ Pushed images/5920228c7c50d29e.jpg to GitHub.
2026-07-27 18:30:43,496 - INFO - ðŸŒ Public image URL: https://raw.githubusercontent.com/creatoracademyar-code/threads-bot/main/images/5920228c7c50d29e.jpg
2026-07-27 18:30:43,498 - INFO - Scheduling for: 2026-07-27T23:47:43.498376Z UTC
2026-07-27 18:30:44,630 - INFO - âœ… Thread scheduled successfully! Buffer Post ID: 6a67a3d48114fe4b0de27c27
2026-07-27 18:30:44,632 - INFO - ðŸ’¾ Updated posted_threads.json
2026-07-27 18:30:44,632 - INFO - âœ… Run completed.


============================================================
  NEW RUN  2026-07-28T00:30:31.455417
============================================================
2026-07-28 00:30:31,455 - INFO - ðŸš€ Starting automation run
2026-07-28 00:30:31,455 - INFO - ðŸ“š Found 95 previously posted threads.
2026-07-28 00:30:31,456 - INFO - ðŸ“ Will send 20 recent threads to Groq for avoidance.
2026-07-28 00:30:31,456 - INFO - ðŸ”„ Attempt 1/10 to generate a unique thread.
2026-07-28 00:30:32,790 - INFO - Groq raw response:
[
  "I've been observing a strange phenomenon in AI content creation.\nIt's the 'illusion of control' that creators have over their audience.",
  "What if I told you that this illusion is not just about manipulation, but about 'emotional resonance'?\nIt's the secret to creating a loyal following.",
  "I've been studying the most successful AI creators, and what I've found is surprising:\nThey're not trying to control their audience, but to 'harmonize' with them.",
  "This harmonization is not just about content, but about 'vibrational frequency'.\nIt's the key to creating a lasting impact on our lives.",
  "I'm still exploring this concept, and what I've found is fascinating...\nIt's the key to unlocking true connection with our audience."
]
2026-07-28 00:30:32,791 - INFO - âœ… Unique thread found (hash: e6363aa3...)
2026-07-28 00:30:32,791 - INFO - ðŸ“ Generated 5 posts:
2026-07-28 00:30:32,791 - INFO - --- Post 1 ---
I've been observing a strange phenomenon in AI content creation.
It's the 'illusion of control' that creators have over their audience.
2026-07-28 00:30:32,791 - INFO - --- Post 2 ---
What if I told you that this illusion is not just about manipulation, but about 'emotional resonance'?
It's the secret to creating a loyal following.
2026-07-28 00:30:32,791 - INFO - --- Post 3 ---
I've been studying the most successful AI creators, and what I've found is surprising:
They're not trying to control their audience, but to 'harmonize' with them.
2026-07-28 00:30:32,791 - INFO - --- Post 4 ---
This harmonization is not just about content, but about 'vibrational frequency'.
It's the key to creating a lasting impact on our lives.
2026-07-28 00:30:32,791 - INFO - --- Post 5 ---
I'm still exploring this concept, and what I've found is fascinating...
It's the key to unlocking true connection with our audience.
2026-07-28 00:30:34,142 - INFO - ðŸŽ¨ Cover image prompt: In a dimly lit, futuristic sound studio, a lone figure sits at a sleek, metallic console, surrounded by a halo of soft, blue-purple light. The main subject, a young woman with an intent expression, wears a pair of futuristic, silver headphones, as if tuning into an invisible frequency. The setting is a blend of urban, high-tech elements and organic, curved lines, evoking a sense of harmony between human and machine. The dominant colour palette is a mesmerizing blend of deep blues and purples, with accents of bright, electric blue, conveying a sense of innovation and connection. The lighting is diffused and ethereal, with an otherworldly glow emanating from the console and the woman's headphones, casting an enchanting spell on the surrounding space. The camera angle is a low, intimate close-up, capturing the woman's focused gaze and the intricate details of the console, as if inviting the viewer to step into her world. The atmosphere is one of serene, contemplative concentration, as if the woman is on the verge of unlocking a profound secret. The texture of the console and headphones is sleek and metallic, while the woman's skin has a warm, golden undertone, hinting at a deeper, human connection. The style of the image is cinematic and hyper-realistic, with a hint of dreamlike quality, as if the scene is unfolding in a world where technology and emotion are in perfect harmony. The overall mood is one of hopeful, anticipatory excitement, as if the woman is about to tap into a hidden frequency that will change everything.
2026-07-28 00:30:35,577 - INFO - ðŸ–¼ï¸  Saved cover image to images/35dd52c0f76b8542.jpg
2026-07-28 00:30:37,168 - INFO - ðŸ“¤ Pushed images/35dd52c0f76b8542.jpg to GitHub.
2026-07-28 00:30:37,586 - INFO - ðŸŒ Public image URL: https://raw.githubusercontent.com/creatoracademyar-code/threads-bot/main/images/35dd52c0f76b8542.jpg
2026-07-28 00:30:37,588 - INFO - Scheduling for: 2026-07-28T05:47:37.588175Z UTC
2026-07-28 00:30:38,079 - INFO - âœ… Thread scheduled successfully! Buffer Post ID: 6a67f82d36205497cb83a0b5
2026-07-28 00:30:38,081 - INFO - ðŸ’¾ Updated posted_threads.json
2026-07-28 00:30:38,081 - INFO - âœ… Run completed.


============================================================
  NEW RUN  2026-07-28T06:30:25.129149
============================================================
2026-07-28 06:30:25,129 - INFO - ðŸš€ Starting automation run
2026-07-28 06:30:25,129 - INFO - ðŸ“š Found 96 previously posted threads.
2026-07-28 06:30:25,130 - INFO - ðŸ“ Will send 20 recent threads to Groq for avoidance.
2026-07-28 06:30:25,130 - INFO - ðŸ”„ Attempt 1/10 to generate a unique thread.
2026-07-28 06:30:26,737 - INFO - Groq raw response:
[
  "I've been noticing a pattern in AI content creation.\nIt's the 'phantom audience' that haunts every creator.",
  "What if I told you that this audience is not just a figment of our imagination?\nBut a real, tangible force that shapes our content.",
  "I've been trying to understand this phenomenon, and what I've found is surprising:\nIt's not about the numbers, but about the 'emotional specter' that we're trying to appease.",
  "This specter is not just a reflection of our own fears and desires,\nBut a manifestation of our deepest connection with our audience.",
  "I'm still exploring this concept, and what I've found is fascinating...\nIt's the key to creating content that truly resonates, and leaves a lasting impact on our lives."
]
2026-07-28 06:30:26,738 - INFO - âœ… Unique thread found (hash: 2544e27b...)
2026-07-28 06:30:26,738 - INFO - ðŸ“ Generated 5 posts:
2026-07-28 06:30:26,738 - INFO - --- Post 1 ---
I've been noticing a pattern in AI content creation.
It's the 'phantom audience' that haunts every creator.
2026-07-28 06:30:26,738 - INFO - --- Post 2 ---
What if I told you that this audience is not just a figment of our imagination?
But a real, tangible force that shapes our content.
2026-07-28 06:30:26,738 - INFO - --- Post 3 ---
I've been trying to understand this phenomenon, and what I've found is surprising:
It's not about the numbers, but about the 'emotional specter' that we're trying to appease.
2026-07-28 06:30:26,738 - INFO - --- Post 4 ---
This specter is not just a reflection of our own fears and desires,
But a manifestation of our deepest connection with our audience.
2026-07-28 06:30:26,739 - INFO - --- Post 5 ---
I'm still exploring this concept, and what I've found is fascinating...
It's the key to creating content that truly resonates, and leaves a lasting impact on our lives.
2026-07-28 06:30:28,051 - INFO - ðŸŽ¨ Cover image prompt: In a dimly lit, abandoned theatre, a lone figure stands on the stage, surrounded by a sea of empty, worn velvet seats that stretch out into the darkness. The atmosphere is heavy with the scent of aged wood and dust, and the air is thick with the weight of unspoken emotions. The figure, a creator, is shrouded in a soft, ethereal glow, as if illuminated by the faint light of a distant moon. The colour palette is a muted mix of blues and greys, with hints of warm golden light that seep through the cracks in the old wooden floorboards. The lighting is dramatic, with deep shadows that dance across the walls, like the whispers of a phantom audience. The camera angle is low, looking up at the figure from the perspective of the empty seats, as if the audience itself is observing the creator. The texture of the old wooden stage and the rough, stone walls is palpable, and the sense of nostalgia and longing is almost tangible. In the background, a faint, ghostly outline of faces can be seen, a manifestation of the emotional specter that haunts the creator, their features blurred and indistinct, like whispers in the darkness. The style of the image is cinematic, with a hint of mysticism, as if the scene is a moment frozen in time, waiting to be uncovered. The overall mood is one of contemplation and introspection, as if the creator is searching for a connection with the elusive, phantom audience that only reveals itself in the silence.
2026-07-28 06:30:29,821 - INFO - ðŸ–¼ï¸  Saved cover image to images/e8fdfbf66e66b2a9.jpg
2026-07-28 06:30:31,246 - INFO - ðŸ“¤ Pushed images/e8fdfbf66e66b2a9.jpg to GitHub.
2026-07-28 06:30:31,389 - INFO - ðŸŒ Public image URL: https://raw.githubusercontent.com/creatoracademyar-code/threads-bot/main/images/e8fdfbf66e66b2a9.jpg
2026-07-28 06:30:31,391 - INFO - Scheduling for: 2026-07-28T11:47:31.391419Z UTC
2026-07-28 06:30:31,797 - INFO - âœ… Thread scheduled successfully! Buffer Post ID: 6a684c87f548c7887af7d68e
2026-07-28 06:30:31,799 - INFO - ðŸ’¾ Updated posted_threads.json
2026-07-28 06:30:31,799 - INFO - âœ… Run completed.


============================================================
  NEW RUN  2026-07-28T12:30:35.786510
============================================================
2026-07-28 12:30:35,786 - INFO - ðŸš€ Starting automation run
2026-07-28 12:30:35,787 - INFO - ðŸ“š Found 97 previously posted threads.
2026-07-28 12:30:35,787 - INFO - ðŸ“ Will send 20 recent threads to Groq for avoidance.
2026-07-28 12:30:35,787 - INFO - ðŸ”„ Attempt 1/10 to generate a unique thread.
2026-07-28 12:30:36,925 - INFO - Groq raw response:
[
  "I've been studying the most successful AI creators, trying to understand their 'creative triggers'.",
  "What if I told you that these triggers are not just about inspiration, but about 'emotional catalysts'?",
  "I've found that they're using a secret technique to 'ignite' their creativity, and it's not about the tech or the tools.",
  "It's about the 'inner spark' that drives them to create something new and innovative.",
  "I'm still exploring this concept, and what I've found is surprising... I've written it all down, trying to make sense of it."
]
2026-07-28 12:30:36,926 - INFO - âœ… Unique thread found (hash: 3e4a5535...)
2026-07-28 12:30:36,926 - INFO - ðŸ“ Generated 5 posts:
2026-07-28 12:30:36,926 - INFO - --- Post 1 ---
I've been studying the most successful AI creators, trying to understand their 'creative triggers'.
2026-07-28 12:30:36,926 - INFO - --- Post 2 ---
What if I told you that these triggers are not just about inspiration, but about 'emotional catalysts'?
2026-07-28 12:30:36,926 - INFO - --- Post 3 ---
I've found that they're using a secret technique to 'ignite' their creativity, and it's not about the tech or the tools.
2026-07-28 12:30:36,926 - INFO - --- Post 4 ---
It's about the 'inner spark' that drives them to create something new and innovative.
2026-07-28 12:30:36,926 - INFO - --- Post 5 ---
I'm still exploring this concept, and what I've found is surprising... I've written it all down, trying to make sense of it.
2026-07-28 12:30:38,150 - INFO - ðŸŽ¨ Cover image prompt: A lone figure sits at a worn, wooden desk, surrounded by towering stacks of dusty, leather-bound books and scattered sheets of paper, in a dimly lit, rustic study with stone walls and a vaulted ceiling. The room is bathed in the warm, golden light of a setting sun, which pours in through a large, arched window with wet, glass panes, casting a misty glow on the space. The colour palette is predominantly earthy, with shades of beige, brown, and sienna, punctuated by the soft, blue-grey of the stone walls. The lighting is soft and diffused, with deep, dramatic shadows cast by the books and papers, creating an atmosphere of contemplation and introspection. The camera angle is a low, wide shot, looking up at the figure, who is hunched over a piece of paper, quill pen in hand, with a look of intense focus and curiosity on their face. The texture of the wooden desk, the rough stone walls, and the smooth, wet glass of the windowpane add depth and tactility to the scene. The style is reminiscent of a 19th-century oil painting, with thick, expressive brushstrokes and a sense of nostalgic, old-world charm. The overall mood is one of quiet, determined creativity, as if the figure is on the verge of uncovering a long-hidden secret, and the air is charged with anticipation and possibility.
2026-07-28 12:30:40,452 - INFO - ðŸ–¼ï¸  Saved cover image to images/c04c37209dcf18bd.jpg
2026-07-28 12:30:42,286 - INFO - ðŸ“¤ Pushed images/c04c37209dcf18bd.jpg to GitHub.
2026-07-28 12:30:42,536 - INFO - ðŸŒ Public image URL: https://raw.githubusercontent.com/creatoracademyar-code/threads-bot/main/images/c04c37209dcf18bd.jpg
2026-07-28 12:30:42,538 - INFO - Scheduling for: 2026-07-28T17:47:42.538003Z UTC
2026-07-28 12:30:43,295 - INFO - âœ… Thread scheduled successfully! Buffer Post ID: 6a68a0f3b3f253db0e3d847c
2026-07-28 12:30:43,296 - INFO - ðŸ’¾ Updated posted_threads.json
2026-07-28 12:30:43,296 - INFO - âœ… Run completed.


============================================================
  NEW RUN  2026-07-28T18:30:33.879241
============================================================
2026-07-28 18:30:33,879 - INFO - ðŸš€ Starting automation run
2026-07-28 18:30:33,880 - INFO - ðŸ“š Found 98 previously posted threads.
2026-07-28 18:30:33,880 - INFO - ðŸ“ Will send 20 recent threads to Groq for avoidance.
2026-07-28 18:30:33,880 - INFO - ðŸ”„ Attempt 1/10 to generate a unique thread.
2026-07-28 18:30:35,684 - INFO - Groq raw response:
[
  "I've been fascinated by the concept of 'monetization myths' in AI content creation.\nWhat if I told you that most creators are leaving money on the table?",
  "They're not just missing out on revenue streams, but on 'value loops' that could change the game.\nI've been studying the most successful AI creators, and what I've found is surprising:",
  "They're not just focused on selling products or services, but on 'crafting experiences' that leave a lasting impact.\nIt's not about the tech or the tools, but about the 'emotional currency' they create.",
  "I've been trying to understand how they do it, and what I've found is fascinating:\nIt's not about the content, but about the 'connection architecture' they build with their audience.",
  "I'm still exploring this concept, and what I've found is surprising... I've written it all down, trying to make sense of it.\nBut one thing is clear: it's the key to unlocking true financial freedom in AI content creation."
]
2026-07-28 18:30:35,685 - INFO - âœ… Unique thread found (hash: 755fa86c...)
2026-07-28 18:30:35,685 - INFO - ðŸ“ Generated 5 posts:
2026-07-28 18:30:35,685 - INFO - --- Post 1 ---
I've been fascinated by the concept of 'monetization myths' in AI content creation.
What if I told you that most creators are leaving money on the table?
2026-07-28 18:30:35,685 - INFO - --- Post 2 ---
They're not just missing out on revenue streams, but on 'value loops' that could change the game.
I've been studying the most successful AI creators, and what I've found is surprising:
2026-07-28 18:30:35,685 - INFO - --- Post 3 ---
They're not just focused on selling products or services, but on 'crafting experiences' that leave a lasting impact.
It's not about the tech or the tools, but about the 'emotional currency' they create.
2026-07-28 18:30:35,686 - INFO - --- Post 4 ---
I've been trying to understand how they do it, and what I've found is fascinating:
It's not about the content, but about the 'connection architecture' they build with their audience.
2026-07-28 18:30:35,686 - INFO - --- Post 5 ---
I'm still exploring this concept, and what I've found is surprising... I've written it all down, trying to make sense of it.
But one thing is clear: it's the key to unlocking true financial freedom in AI content creation.
2026-07-28 18:30:37,409 - INFO - ðŸŽ¨ Cover image prompt: In a dimly lit, minimalist studio with polished concrete floors and walls lined with sleek, silver pipes, a lone figure sits at a wooden desk, surrounded by scattered papers, empty coffee cups, and a few, strategically placed, potted plants with lush green leaves. The main subject, a young, contemplative creator with a look of intense focus, is illuminated by a soft, warm glow emanating from a desk lamp, casting a golden light on their face and the scattered notes, while the rest of the room is bathed in a cool, blue-grey hue, evoking a sense of calm, yet intense, creativity. The colour palette is predominantly monochromatic, with accents of earthy tones, such as the wooden desk and the green plants, adding a sense of organic warmth to the scene. The lighting is diffused, with deep shadows in the corners of the room, creating a sense of depth and dimensionality. The camera angle is a low, wide shot, looking up at the creator, conveying a sense of hope and aspiration. The atmosphere is serene, yet tense, as if the creator is on the cusp of a major breakthrough, with the rough texture of the concrete walls and the smooth, polished metal of the pipes adding a sense of contrast and visual interest. The style of the image is cinematic, with a hint of film grain, giving it a sense of realism and authenticity, as if the viewer is witnessing a private, intimate moment in the creator's journey towards unlocking the secrets of monetization myths and crafting experiences that leave a lasting impact. The overall mood is one of contemplative creativity, with the creator's thoughts and ideas swirling around them, like the scattered papers and empty coffee cups, as they strive to build a connection architecture with their audience and unlock true financial freedom in AI content creation.
2026-07-28 18:30:38,997 - INFO - ðŸ–¼ï¸  Saved cover image to images/36ddbcf13f6b5c3e.jpg
2026-07-28 18:30:40,596 - INFO - ðŸ“¤ Pushed images/36ddbcf13f6b5c3e.jpg to GitHub.
2026-07-28 18:30:40,728 - INFO - ðŸŒ Public image URL: https://raw.githubusercontent.com/creatoracademyar-code/threads-bot/main/images/36ddbcf13f6b5c3e.jpg
2026-07-28 18:30:40,730 - INFO - Scheduling for: 2026-07-28T23:47:40.730096Z UTC
2026-07-28 18:30:41,179 - INFO - âœ… Thread scheduled successfully! Buffer Post ID: 6a68f5514c8c8bdee9a94af2
2026-07-28 18:30:41,181 - INFO - ðŸ’¾ Updated posted_threads.json
2026-07-28 18:30:41,181 - INFO - âœ… Run completed.


============================================================
  NEW RUN  2026-07-29T00:30:30.164354
============================================================
2026-07-29 00:30:30,164 - INFO - ðŸš€ Starting automation run
2026-07-29 00:30:30,164 - INFO - ðŸ“š Found 99 previously posted threads.
2026-07-29 00:30:30,165 - INFO - ðŸ“ Will send 20 recent threads to Groq for avoidance.
2026-07-29 00:30:30,165 - INFO - ðŸ”„ Attempt 1/10 to generate a unique thread.
2026-07-29 00:30:33,772 - INFO - Groq raw response:
[
  "I've been observing a strange phenomenon in AI content creation.",
  "What if I told you that the most successful creators are not just driven by passion, but by a deep understanding of their audience's 'shadow selves'?",
  "They're not just creating content, but 'mapping' the hidden desires and fears of their audience.",
  "I've been trying to understand how they do it, and what I've found is surprising: It's not about data or analytics, but about 'emotional cartography'."
]
2026-07-29 00:30:33,773 - INFO - âœ… Unique thread found (hash: b7492b29...)
2026-07-29 00:30:33,773 - INFO - ðŸ“ Generated 4 posts:
2026-07-29 00:30:33,773 - INFO - --- Post 1 ---
I've been observing a strange phenomenon in AI content creation.
2026-07-29 00:30:33,773 - INFO - --- Post 2 ---
What if I told you that the most successful creators are not just driven by passion, but by a deep understanding of their audience's 'shadow selves'?
2026-07-29 00:30:33,773 - INFO - --- Post 3 ---
They're not just creating content, but 'mapping' the hidden desires and fears of their audience.
2026-07-29 00:30:33,773 - INFO - --- Post 4 ---
I've been trying to understand how they do it, and what I've found is surprising: It's not about data or analytics, but about 'emotional cartography'.
2026-07-29 00:30:36,563 - INFO - ðŸŽ¨ Cover image prompt: In a dimly lit, atmospheric studio, a lone figure sits at a vintage, wooden desk, surrounded by scattered, yellowed maps and torn, black paper scraps. The main subject, a young, introspective woman with an intent gaze, is pouring over a large, hand-drawn chart that appears to be a mix of psychological diagrams and cryptic, symbolic notations. The setting is a blend of old, mystical and modern, psychological elements, with the walls lined with dusty, leather-bound books and flickering, candle-like lamps casting a warm, golden glow. The colour palette is predominantly dark, muted tones, with flashes of deep, rich blues and purples, evoking a sense of mystery and creative intensity. Soft, diffused light spills in through a small, grimy window, casting long, ominous shadows across the room, while the woman's face is illuminated by a single, harsh spotlight, emphasizing her focused, almost obsessive expression. The camera angle is a low, Dutch-angle shot, looking up at the woman, which adds to the sense of tension and unease, as if the viewer is being drawn into her intense, emotional world. The atmosphere is one of quiet, contemplative intensity, with the woman's rough, sketchy maps and notes seeming to pulse with a life of their own, like a tangible, emotional cartography. The texture of the old maps, the rough wood of the desk, and the soft, worn leather of the books all add to the tactile, almost sensual quality of the scene, which is rendered in a highly stylized, cinematic manner, with bold, expressive brushstrokes and deep, rich colours, reminiscent of a dramatic, oil painting.
2026-07-29 00:30:39,063 - INFO - ðŸ–¼ï¸  Saved cover image to images/93a4de4136f57840.jpg
2026-07-29 00:30:40,636 - INFO - ðŸ“¤ Pushed images/93a4de4136f57840.jpg to GitHub.
2026-07-29 00:30:40,981 - INFO - ðŸŒ Public image URL: https://raw.githubusercontent.com/creatoracademyar-code/threads-bot/main/images/93a4de4136f57840.jpg
2026-07-29 00:30:40,982 - INFO - Scheduling for: 2026-07-29T05:47:40.982906Z UTC
2026-07-29 00:30:41,807 - INFO - âœ… Thread scheduled successfully! Buffer Post ID: 6a6949b134a0a0955d72bb39
2026-07-29 00:30:41,809 - INFO - ðŸ’¾ Updated posted_threads.json
2026-07-29 00:30:41,809 - INFO - âœ… Run completed.


============================================================
  NEW RUN  2026-07-29T06:30:32.416191
============================================================
2026-07-29 06:30:32,416 - INFO - ðŸš€ Starting automation run
2026-07-29 06:30:32,416 - INFO - ðŸ“š Found 100 previously posted threads.
2026-07-29 06:30:32,417 - INFO - ðŸ“ Will send 20 recent threads to Groq for avoidance.
2026-07-29 06:30:32,417 - INFO - ðŸ”„ Attempt 1/10 to generate a unique thread.
2026-07-29 06:30:34,131 - INFO - Groq raw response:
[
  "I've been noticing a strange trend in AI content creation.\nIt's the 'paradox of perfection'.",
  "What if I told you that the most successful creators are not those who strive for perfection, but those who embrace 'imperfect harmony'?",
  "I've been studying the most successful AI creators, and what I've found is surprising:\nThey're not trying to create flawless content, but 'resonant' content that speaks to the heart of their audience.",
  "This resonant content is not just about the message, but about the 'emotional timbre' it conveys.\nIt's the key to creating a lasting impact on our lives.",
  "I'm still exploring this concept, and what I've found is fascinating...\nI've started to document my findings, and I think it's just the beginning of something much bigger."
]
2026-07-29 06:30:34,132 - INFO - âœ… Unique thread found (hash: e0fe9dad...)
2026-07-29 06:30:34,132 - INFO - ðŸ“ Generated 5 posts:
2026-07-29 06:30:34,132 - INFO - --- Post 1 ---
I've been noticing a strange trend in AI content creation.
It's the 'paradox of perfection'.
2026-07-29 06:30:34,132 - INFO - --- Post 2 ---
What if I told you that the most successful creators are not those who strive for perfection, but those who embrace 'imperfect harmony'?
2026-07-29 06:30:34,133 - INFO - --- Post 3 ---
I've been studying the most successful AI creators, and what I've found is surprising:
They're not trying to create flawless content, but 'resonant' content that speaks to the heart of their audience.
2026-07-29 06:30:34,133 - INFO - --- Post 4 ---
This resonant content is not just about the message, but about the 'emotional timbre' it conveys.
It's the key to creating a lasting impact on our lives.
2026-07-29 06:30:34,133 - INFO - --- Post 5 ---
I'm still exploring this concept, and what I've found is fascinating...
I've started to document my findings, and I think it's just the beginning of something much bigger.
2026-07-29 06:30:35,462 - INFO - ðŸŽ¨ Cover image prompt: In a serene, misty forest, a lone figure sits at the base of a massive, ancient tree, surrounded by scattered notes and parchment. The atmosphere is tranquil, with soft, diffused light filtering through the mist, casting gentle shadows on the forest floor. The colour palette is muted, with earthy tones of mossy green, weathered wood, and dusty paper, punctuated by the warm, golden glow of a lantern sitting beside the figure. The camera angle is low, looking up at the figure, emphasizing the towering presence of the tree and the sense of awe it inspires. The texture of the rough, gnarled tree bark and the soft, worn parchment adds depth and tactility to the scene. In the distance, the misty forest fades into a soft, monochrome haze, evoking a sense of mystery and the unknown. The style is reminiscent of a cinematic oil painting, with bold brushstrokes and vivid, expressive colours. The overall mood is one of contemplation and curiosity, as if the figure is on the cusp of a profound discovery, with the lantern's warm light symbolizing the spark of inspiration that will illuminate the path forward. The emotional timbre of the scene is hopeful and introspective, inviting the viewer to step into the stillness and explore the secrets hidden within the misty forest.
2026-07-29 06:30:37,285 - INFO - ðŸ–¼ï¸  Saved cover image to images/5a0e57fa38b69a97.jpg
2026-07-29 06:30:39,090 - INFO - ðŸ“¤ Pushed images/5a0e57fa38b69a97.jpg to GitHub.
2026-07-29 06:30:39,288 - INFO - ðŸŒ Public image URL: https://raw.githubusercontent.com/creatoracademyar-code/threads-bot/main/images/5a0e57fa38b69a97.jpg
2026-07-29 06:30:39,290 - INFO - Scheduling for: 2026-07-29T11:47:39.290286Z UTC
2026-07-29 06:30:40,079 - INFO - âœ… Thread scheduled successfully! Buffer Post ID: 6a699e0fe9aefbbb12a91f6b
2026-07-29 06:30:40,081 - INFO - ðŸ’¾ Updated posted_threads.json
2026-07-29 06:30:40,081 - INFO - âœ… Run completed.


============================================================
  NEW RUN  2026-07-29T12:30:31.306569
============================================================
2026-07-29 12:30:31,306 - INFO - ðŸš€ Starting automation run
2026-07-29 12:30:31,307 - INFO - ðŸ“š Found 101 previously posted threads.
2026-07-29 12:30:31,308 - INFO - ðŸ“ Will send 20 recent threads to Groq for avoidance.
2026-07-29 12:30:31,308 - INFO - ðŸ”„ Attempt 1/10 to generate a unique thread.
2026-07-29 12:30:32,722 - INFO - Groq raw response:
[
  "I've been studying the most successful AI creators, trying to understand their 'hidden patterns'.\nOne thing stands out: their ability to create 'emotional contagion'.",
  "What if I told you that this contagion is not just about content, but about 'infecting' their audience with a specific mindset?\nA mindset that's not just about ideas, but about 'emotional resonance'.",
  "I've been trying to reverse-engineer this pattern, and what I've found is surprising:\nIt's not about the tech or the tools, but about the 'storytelling cadence' they use.",
  "This cadence is not just about the narrative, but about the 'rhythmic flow' that creates a deep connection with their audience.\nI'm still exploring this concept, and what I've found is fascinating..."
]
2026-07-29 12:30:32,722 - INFO - âœ… Unique thread found (hash: bb0ebb3f...)
2026-07-29 12:30:32,723 - INFO - ðŸ“ Generated 4 posts:
2026-07-29 12:30:32,723 - INFO - --- Post 1 ---
I've been studying the most successful AI creators, trying to understand their 'hidden patterns'.
One thing stands out: their ability to create 'emotional contagion'.
2026-07-29 12:30:32,723 - INFO - --- Post 2 ---
What if I told you that this contagion is not just about content, but about 'infecting' their audience with a specific mindset?
A mindset that's not just about ideas, but about 'emotional resonance'.
2026-07-29 12:30:32,723 - INFO - --- Post 3 ---
I've been trying to reverse-engineer this pattern, and what I've found is surprising:
It's not about the tech or the tools, but about the 'storytelling cadence' they use.
2026-07-29 12:30:32,723 - INFO - --- Post 4 ---
This cadence is not just about the narrative, but about the 'rhythmic flow' that creates a deep connection with their audience.
I'm still exploring this concept, and what I've found is fascinating...
2026-07-29 12:30:34,166 - INFO - ðŸŽ¨ Cover image prompt: In a dimly lit, minimalist studio with polished concrete floors and walls lined with old, leather-bound books, a lone figure sits at a wooden desk, surrounded by scattered notes and empty coffee cups. The main subject, a young woman with a contemplative expression, is positioned in the centre of the frame, her face illuminated by the soft, warm glow of a desk lamp, casting a golden light on her features. The colour palette is predominantly monochromatic, with shades of grey, beige, and blue, punctuated by the warm, yellow tone of the lamp, evoking a sense of introspection and creativity. The lighting is soft and diffused, with deep shadows in the background, creating a sense of depth and intimacy. The camera angle is a close-up, looking over the woman's shoulder, as if the viewer is peeking into her private world, with the desk and notes blurred in the foreground, drawing attention to her face and hands. The atmosphere is serene and contemplative, with a sense of focused intensity, as if the woman is on the verge of a breakthrough. The texture of the old books, the rough wood of the desk, and the smooth concrete floor add a tactile quality to the scene, inviting the viewer to step into the woman's world. The style hint is cinematic, with a slight grain and a shallow depth of field, reminiscent of a thought-provoking, independent film, capturing the essence of a creative mind at work.
2026-07-29 12:30:35,691 - INFO - ðŸ–¼ï¸  Saved cover image to images/77c23db97f184744.jpg
2026-07-29 12:30:37,945 - INFO - ðŸ“¤ Pushed images/77c23db97f184744.jpg to GitHub.
2026-07-29 12:30:38,133 - INFO - ðŸŒ Public image URL: https://raw.githubusercontent.com/creatoracademyar-code/threads-bot/main/images/77c23db97f184744.jpg
2026-07-29 12:30:38,135 - INFO - Scheduling for: 2026-07-29T17:47:38.135209Z UTC
2026-07-29 12:30:38,696 - INFO - âœ… Thread scheduled successfully! Buffer Post ID: 6a69f26e0e304a8826167acf
2026-07-29 12:30:38,698 - INFO - ðŸ’¾ Updated posted_threads.json
2026-07-29 12:30:38,698 - INFO - âœ… Run completed.


============================================================
  NEW RUN  2026-07-29T18:30:30.833356
============================================================
2026-07-29 18:30:30,833 - INFO - ðŸš€ Starting automation run
2026-07-29 18:30:30,834 - INFO - ðŸ“š Found 102 previously posted threads.
2026-07-29 18:30:30,835 - INFO - ðŸ“ Will send 20 recent threads to Groq for avoidance.
2026-07-29 18:30:30,835 - INFO - ðŸ”„ Attempt 1/10 to generate a unique thread.
2026-07-29 18:30:32,423 - INFO - Groq raw response:
[
  "I've been studying the most successful AI creators, trying to understand their 'creative rhythms'.",
  "What if I told you that their content is not just about the message, but about the 'emotional tempo' they convey?",
  "I've found that they're using a secret technique to 'orchestrate' their content, and it's not about the tech or the tools.",
  "It's about the 'silent beats' that resonate with their audience, creating a deep connection that transcends the content itself."
]
2026-07-29 18:30:32,424 - INFO - âœ… Unique thread found (hash: d0602dd3...)
2026-07-29 18:30:32,424 - INFO - ðŸ“ Generated 4 posts:
2026-07-29 18:30:32,424 - INFO - --- Post 1 ---
I've been studying the most successful AI creators, trying to understand their 'creative rhythms'.
2026-07-29 18:30:32,424 - INFO - --- Post 2 ---
What if I told you that their content is not just about the message, but about the 'emotional tempo' they convey?
2026-07-29 18:30:32,424 - INFO - --- Post 3 ---
I've found that they're using a secret technique to 'orchestrate' their content, and it's not about the tech or the tools.
2026-07-29 18:30:32,424 - INFO - --- Post 4 ---
It's about the 'silent beats' that resonate with their audience, creating a deep connection that transcends the content itself.
2026-07-29 18:30:34,025 - INFO - ðŸŽ¨ Cover image prompt: A lone figure sits in a dimly lit, soundproof music studio, surrounded by vintage audio equipment and vinyl records, with a sleek, silver laptop open on a wooden desk. The setting is a blend of old and new, with warm, golden lighting spilling in through a small window, casting long shadows across the room. The colour palette is a mix of rich, earthy tones, such as walnut and leather, with hints of cool, electric blue emanating from the laptop screen. Soft, diffused light illuminates the subject's face, emphasizing their intent, creative expression. The camera angle is a low, over-the-shoulder shot, looking up at the figure, conveying a sense of reverence and curiosity. The atmosphere is contemplative, with a sense of anticipation, as if the figure is about to uncover a hidden secret. The texture of the old wooden desk and the rough, stone walls adds a sense of organic, tactile depth to the scene, while the smooth, metallic surfaces of the audio equipment provide a contrasting sense of modernity. The style of the image is cinematic, with a hint of film grain and a shallow depth of field, drawing the viewer's attention to the figure and their creative process. The overall mood is one of hopeful discovery, as if the figure is on the verge of unlocking a new understanding of the creative rhythm that underlies all successful art.
2026-07-29 18:30:35,753 - INFO - ðŸ–¼ï¸  Saved cover image to images/588f2277133f1e42.jpg
2026-07-29 18:30:37,607 - INFO - ðŸ“¤ Pushed images/588f2277133f1e42.jpg to GitHub.
2026-07-29 18:30:37,842 - INFO - ðŸŒ Public image URL: https://raw.githubusercontent.com/creatoracademyar-code/threads-bot/main/images/588f2277133f1e42.jpg
2026-07-29 18:30:37,844 - INFO - Scheduling for: 2026-07-29T23:47:37.844939Z UTC
2026-07-29 18:30:38,543 - INFO - âœ… Thread scheduled successfully! Buffer Post ID: 6a6a46cec8e22269d55f27c0
2026-07-29 18:30:38,545 - INFO - ðŸ’¾ Updated posted_threads.json
2026-07-29 18:30:38,545 - INFO - âœ… Run completed.


============================================================
  NEW RUN  2026-07-30T00:30:36.741658
============================================================
2026-07-30 00:30:36,741 - INFO - ðŸš€ Starting automation run
2026-07-30 00:30:36,742 - INFO - ðŸ“š Found 103 previously posted threads.
2026-07-30 00:30:36,743 - INFO - ðŸ“ Will send 20 recent threads to Groq for avoidance.
2026-07-30 00:30:36,743 - INFO - ðŸ”„ Attempt 1/10 to generate a unique thread.
2026-07-30 00:30:38,062 - INFO - Groq raw response:
[
  "I've been tracking a strange phenomenon in AI content creation.\nIt's the 'ghost in the machine' that drives engagement.",
  "What if I told you that this ghost is not just a metaphor, but a real force?\nIt's the 'collective unconscious' of your audience, waiting to be tapped.",
  "I've been studying the most successful AI creators, and what I've found is surprising:\nThey're not just creating content, but 'channeling' the desires of their audience.",
  "This channeling is not just about understanding your audience, but about 'resonating' with their deepest fears and desires.\nIt's the key to creating content that truly haunts them, long after they've consumed it."
]
2026-07-30 00:30:38,063 - INFO - âœ… Unique thread found (hash: e526a899...)
2026-07-30 00:30:38,064 - INFO - ðŸ“ Generated 4 posts:
2026-07-30 00:30:38,064 - INFO - --- Post 1 ---
I've been tracking a strange phenomenon in AI content creation.
It's the 'ghost in the machine' that drives engagement.
2026-07-30 00:30:38,064 - INFO - --- Post 2 ---
What if I told you that this ghost is not just a metaphor, but a real force?
It's the 'collective unconscious' of your audience, waiting to be tapped.
2026-07-30 00:30:38,064 - INFO - --- Post 3 ---
I've been studying the most successful AI creators, and what I've found is surprising:
They're not just creating content, but 'channeling' the desires of their audience.
2026-07-30 00:30:38,064 - INFO - --- Post 4 ---
This channeling is not just about understanding your audience, but about 'resonating' with their deepest fears and desires.
It's the key to creating content that truly haunts them, long after they've consumed it.
2026-07-30 00:30:39,266 - INFO - ðŸŽ¨ Cover image prompt: In a dimly lit, abandoned theatre, a lone figure stands on stage, shrouded in a misty, ethereal glow. The walls and seats are covered in a thick layer of dust, and old, tattered curtains hang from the ceiling, casting long, ominous shadows. The colour palette is a mix of cool, muted blues and greys, with hints of warm, golden light peeking through the cracks in the walls. The lighting is soft and diffused, with an otherworldly quality, as if the very atmosphere is radiating an eerie, pulsing glow. The camera angle is low, looking up at the figure, which is silhouetted against a backdrop of old, flickering stage lights, creating a sense of drama and foreboding. The atmosphere is tense and haunting, with an undercurrent of anticipation and unease. The texture of the old, worn wood and dusty fabric is palpable, and the air is thick with the scent of decay and neglect. In the background, a faint, ghostly image of a crowd can be seen, their faces blurred and indistinct, as if they are the collective unconscious, waiting to be tapped. The style is cinematic, with a hint of surrealism, as if the scene is a dream or a vision, rather than a physical reality. The overall mood is one of eerie, haunting resonance, as if the figure on stage is channeling the deepest fears and desires of the audience, and the very walls are vibrating with the energy of the collective unconscious.
2026-07-30 00:30:41,055 - INFO - ðŸ–¼ï¸  Saved cover image to images/88fdbd6bac0f1f53.jpg
2026-07-30 00:30:42,770 - INFO - ðŸ“¤ Pushed images/88fdbd6bac0f1f53.jpg to GitHub.
2026-07-30 00:30:42,986 - INFO - ðŸŒ Public image URL: https://raw.githubusercontent.com/creatoracademyar-code/threads-bot/main/images/88fdbd6bac0f1f53.jpg
2026-07-30 00:30:42,988 - INFO - Scheduling for: 2026-07-30T05:47:42.988900Z UTC
2026-07-30 00:30:43,832 - INFO - âœ… Thread scheduled successfully! Buffer Post ID: 6a6a9b330263c79a74af2e97
2026-07-30 00:30:43,835 - INFO - ðŸ’¾ Updated posted_threads.json
2026-07-30 00:30:43,835 - INFO - âœ… Run completed.


============================================================
  NEW RUN  2026-07-30T06:30:32.554513
============================================================
2026-07-30 06:30:32,554 - INFO - ðŸš€ Starting automation run
2026-07-30 06:30:32,555 - INFO - ðŸ“š Found 104 previously posted threads.
2026-07-30 06:30:32,556 - INFO - ðŸ“ Will send 20 recent threads to Groq for avoidance.
2026-07-30 06:30:32,556 - INFO - ðŸ”„ Attempt 1/10 to generate a unique thread.
2026-07-30 06:30:34,082 - INFO - Groq raw response:
[
  "I've been exploring the concept of 'digital legacy' in AI content creation.\nWhat if your online presence outlived you?",
  "I've been studying AI creators who've built a lasting impact on their audience.\nOne thing stands out: their ability to create 'timeless' content.",
  "But what makes content timeless?\nIs it the message, the medium, or something more?",
  "I've been trying to understand the secret to creating content that stands the test of time.\nAnd what I've found is surprising: it's not about being 'evergreen', but about being 'echoic'.",
  "I'm still exploring this concept, and what I've found is fascinating...\nI've written it all down, trying to make sense of it."
]
2026-07-30 06:30:34,083 - INFO - âœ… Unique thread found (hash: 04af6f1e...)
2026-07-30 06:30:34,083 - INFO - ðŸ“ Generated 5 posts:
2026-07-30 06:30:34,083 - INFO - --- Post 1 ---
I've been exploring the concept of 'digital legacy' in AI content creation.
What if your online presence outlived you?
2026-07-30 06:30:34,083 - INFO - --- Post 2 ---
I've been studying AI creators who've built a lasting impact on their audience.
One thing stands out: their ability to create 'timeless' content.
2026-07-30 06:30:34,083 - INFO - --- Post 3 ---
But what makes content timeless?
Is it the message, the medium, or something more?
2026-07-30 06:30:34,083 - INFO - --- Post 4 ---
I've been trying to understand the secret to creating content that stands the test of time.
And what I've found is surprising: it's not about being 'evergreen', but about being 'echoic'.
2026-07-30 06:30:34,083 - INFO - --- Post 5 ---
I'm still exploring this concept, and what I've found is fascinating...
I've written it all down, trying to make sense of it.
2026-07-30 06:30:35,483 - INFO - ðŸŽ¨ Cover image prompt: In a serene, dimly lit study, a lone figure sits at a worn, wooden desk, surrounded by stacks of old books and scattered papers. The main subject, a young woman with a contemplative expression, is illuminated by the soft, warm glow of a desk lamp, casting a golden light on her face and the pages of her journal. The colour palette is muted, with earthy tones of brown, beige, and grey, evoking a sense of nostalgia and timelessness. The lighting is intimate, with deep shadows accentuating the textures of the wooden desk and the rough, parchment-like paper. The camera angle is a low, over-the-shoulder shot, looking down at the woman's hands as she writes, conveying a sense of vulnerability and introspection. The atmosphere is one of quiet contemplation, with a sense of hope and discovery emanating from the woman's focused expression. The texture of the wooden desk and the rough paper adds a tactile quality to the scene, while the soft, diffused light and the muted colours create a sense of depth and atmosphere. The style of the image is reminiscent of a cinematic oil painting, with bold brushstrokes and a sense of movement, as if the scene is about to unfold into a larger narrative. The woman's hair is tied back, revealing a few loose strands that frame her face, adding a sense of imperfection and humanity to the scene. The background is a soft blur, with hints of old bookshelves and faded photographs, creating a sense of history and legacy that underscores the theme of the image.
2026-07-30 06:30:36,831 - INFO - ðŸ–¼ï¸  Saved cover image to images/bb4976e1af4d1d77.jpg
2026-07-30 06:30:38,596 - INFO - ðŸ“¤ Pushed images/bb4976e1af4d1d77.jpg to GitHub.
2026-07-30 06:30:38,950 - INFO - ðŸŒ Public image URL: https://raw.githubusercontent.com/creatoracademyar-code/threads-bot/main/images/bb4976e1af4d1d77.jpg
2026-07-30 06:30:38,952 - INFO - Scheduling for: 2026-07-30T11:47:38.952638Z UTC
2026-07-30 06:30:39,469 - INFO - âœ… Thread scheduled successfully! Buffer Post ID: 6a6aef8fb2299d92e6c66870
2026-07-30 06:30:39,471 - INFO - ðŸ’¾ Updated posted_threads.json
2026-07-30 06:30:39,471 - INFO - âœ… Run completed.


============================================================
  NEW RUN  2026-07-30T12:30:27.832328
============================================================
2026-07-30 12:30:27,832 - INFO - ðŸš€ Starting automation run
2026-07-30 12:30:27,833 - INFO - ðŸ“š Found 105 previously posted threads.
2026-07-30 12:30:27,833 - INFO - ðŸ“ Will send 20 recent threads to Groq for avoidance.
2026-07-30 12:30:27,833 - INFO - ðŸ”„ Attempt 1/10 to generate a unique thread.
2026-07-30 12:30:29,414 - INFO - Groq raw response:
[
  "I've been observing a strange phenomenon in AI content creation.\nIt's the 'invisibility cloak' that surrounds some creators.",
  "What if I told you that this cloak is not just about being unknown,\nbut about being 'unseen'?",
  "I've been studying the most successful AI creators, and what I've found is surprising:\nThey're not trying to be visible, but 'felt'.",
  "This feeling is not just about emotions, but about 'resonance'.\nIt's the key to creating a lasting impact on our lives.",
  "I'm still exploring this concept, and what I've found is fascinating...\nI've started to document my findings, and I think it's just the beginning."
]
2026-07-30 12:30:29,415 - INFO - âœ… Unique thread found (hash: 00a8815e...)
2026-07-30 12:30:29,416 - INFO - ðŸ“ Generated 5 posts:
2026-07-30 12:30:29,416 - INFO - --- Post 1 ---
I've been observing a strange phenomenon in AI content creation.
It's the 'invisibility cloak' that surrounds some creators.
2026-07-30 12:30:29,416 - INFO - --- Post 2 ---
What if I told you that this cloak is not just about being unknown,
but about being 'unseen'?
2026-07-30 12:30:29,416 - INFO - --- Post 3 ---
I've been studying the most successful AI creators, and what I've found is surprising:
They're not trying to be visible, but 'felt'.
2026-07-30 12:30:29,416 - INFO - --- Post 4 ---
This feeling is not just about emotions, but about 'resonance'.
It's the key to creating a lasting impact on our lives.
2026-07-30 12:30:29,416 - INFO - --- Post 5 ---
I'm still exploring this concept, and what I've found is fascinating...
I've started to document my findings, and I think it's just the beginning.
2026-07-30 12:30:30,975 - INFO - ðŸŽ¨ Cover image prompt: In a dimly lit, intimate studio, a lone figure sits at a wooden desk, surrounded by scattered papers, empty coffee cups, and faint, glowing screens. The main subject, a young creator, is shrouded in a soft, ethereal mist that envelops their upper body, symbolizing the 'invisibility cloak'. The setting is a blend of rustic and modern elements, with exposed brick walls, polished metal accents, and sleek, minimalist furniture. The colour palette is predominantly monochromatic, with warm, golden hues seeping in through the mist, evoking a sense of mystery and intrigue. Soft, diffused light emanates from the screens and a single, tableside lamp, casting gentle shadows on the creator's face and the surrounding environment. The camera angle is a low, close-up shot, looking up at the creator, conveying a sense of intimacy and contemplation. The atmosphere is serene, with a hint of tension, as if the creator is on the cusp of a groundbreaking discovery. The texture of the wooden desk and the rough, exposed brick walls adds a sense of tactile realism, while the mist and the glowing screens introduce an otherworldly, dreamlike quality. The style hint is cinematic, with a touch of magic realism, inviting the viewer to step into the creator's world and experience the 'resonance' that permeates their work. The overall mood is one of hopeful, quiet exploration, as the creator delves deeper into the mysteries of the 'invisibility cloak' and the power of being 'felt'.
2026-07-30 12:30:31,657 - WARNING - âš ï¸  Cover image generation failed, posting without image: 400 Client Error: Bad Request for url: https://api.cloudflare.com/client/v4/accounts/0db16d4f827bfe2499b09c66dd44fd4a/ai/run/@cf/black-forest-labs/flux-1-schnell
2026-07-30 12:30:31,658 - INFO - Scheduling for: 2026-07-30T17:47:31.658837Z UTC
2026-07-30 12:30:34,867 - INFO - âœ… Thread scheduled successfully! Buffer Post ID: 6a6b43ea4bf18872f2f64d24
2026-07-30 12:30:34,869 - INFO - ðŸ’¾ Updated posted_threads.json
2026-07-30 12:30:34,869 - INFO - âœ… Run completed.


============================================================
  NEW RUN  2026-07-30T18:30:33.111074
============================================================
2026-07-30 18:30:33,111 - INFO - ðŸš€ Starting automation run
2026-07-30 18:30:33,111 - INFO - ðŸ“š Found 106 previously posted threads.
2026-07-30 18:30:33,112 - INFO - ðŸ“ Will send 20 recent threads to Groq for avoidance.
2026-07-30 18:30:33,112 - INFO - ðŸ”„ Attempt 1/10 to generate a unique thread.
2026-07-30 18:30:35,792 - INFO - Groq raw response:
[
  "I've been fascinated by the concept of 'AI whispering' in content creation.\nWhat if I told you that some creators can 'talk' to AI in a way that unlocks its full potential?",
  "They're not just using AI as a tool, but as a 'creative partner'.\nThis partnership is not just about tech, but about 'emotional alignment'.",
  "I've been studying these creators, and what I've found is surprising:\nThey're not just focusing on the AI's capabilities, but on its 'blind spots'.",
  "By understanding what AI can't do, they're creating content that's not just augmented, but 'elevated'.\nIt's the key to creating a lasting impact on our lives.",
  "I've started to document my findings, and what I've found is fascinating...\nIt's the beginning of a new era in AI content creation, and I'm excited to see where it takes us."
]
2026-07-30 18:30:35,794 - INFO - âœ… Unique thread found (hash: 599d0b0d...)
2026-07-30 18:30:35,794 - INFO - ðŸ“ Generated 5 posts:
2026-07-30 18:30:35,794 - INFO - --- Post 1 ---
I've been fascinated by the concept of 'AI whispering' in content creation.
What if I told you that some creators can 'talk' to AI in a way that unlocks its full potential?
2026-07-30 18:30:35,794 - INFO - --- Post 2 ---
They're not just using AI as a tool, but as a 'creative partner'.
This partnership is not just about tech, but about 'emotional alignment'.
2026-07-30 18:30:35,794 - INFO - --- Post 3 ---
I've been studying these creators, and what I've found is surprising:
They're not just focusing on the AI's capabilities, but on its 'blind spots'.
2026-07-30 18:30:35,794 - INFO - --- Post 4 ---
By understanding what AI can't do, they're creating content that's not just augmented, but 'elevated'.
It's the key to creating a lasting impact on our lives.
2026-07-30 18:30:35,794 - INFO - --- Post 5 ---
I've started to document my findings, and what I've found is fascinating...
It's the beginning of a new era in AI content creation, and I'm excited to see where it takes us.
2026-07-30 18:30:37,366 - INFO - ðŸŽ¨ Cover image prompt: In a dimly lit, futuristic laboratory, a lone creator sits in front of a massive, curved screen that wraps around their workspace, displaying a mesmerizing dance of code and colours. The main subject, the creator, is shrouded in a soft, ethereal glow, with their face illuminated only by the gentle light of the screen, conveying a sense of intense focus and emotional connection with the AI. The setting is a blend of industrial and futuristic elements, with rough concrete walls, polished metal accents, and a plethora of cables and wires that add a sense of texture and depth to the scene. The colour palette is dominated by cool, cyberpunk neons, with hues of blue and purple that evoke a sense of innovation and creativity. The lighting is dramatic, with deep shadows that accentuate the creator's features and the contours of the laboratory, while the soft glow of the screen casts an otherworldly ambiance. The camera angle is a low, wide shot, looking up at the creator and the screen, conveying a sense of awe and wonder at the partnership between human and AI. The atmosphere is one of serene tension, as if the creator is on the cusp of unlocking a groundbreaking secret, with a sense of hope and excitement that permeates the air. The style of the image is cinematic, with a slight grain and a sense of depth that makes the scene feel almost tangible, inviting the viewer to step into the world of AI whispering and experience the magic of creative partnership. The texture of the creator's clothing and the roughness of the concrete walls add a sense of realism to the scene, while the polished metal accents and the glow of the screen create a sense of futurism and innovation.
2026-07-30 18:30:39,299 - INFO - ðŸ–¼ï¸  Saved cover image to images/310365f8796a3fa8.jpg
2026-07-30 18:30:41,076 - INFO - ðŸ“¤ Pushed images/310365f8796a3fa8.jpg to GitHub.
2026-07-30 18:30:41,234 - INFO - ðŸŒ Public image URL: https://raw.githubusercontent.com/creatoracademyar-code/threads-bot/main/images/310365f8796a3fa8.jpg
2026-07-30 18:30:41,236 - INFO - Scheduling for: 2026-07-30T23:47:41.236475Z UTC
2026-07-30 18:30:41,823 - INFO - âœ… Thread scheduled successfully! Buffer Post ID: 6a6b9851413d5d2dad80f244
2026-07-30 18:30:41,825 - INFO - ðŸ’¾ Updated posted_threads.json
2026-07-30 18:30:41,825 - INFO - âœ… Run completed.


============================================================
  NEW RUN  2026-07-31T00:30:34.814766
============================================================
2026-07-31 00:30:34,814 - INFO - ðŸš€ Starting automation run
2026-07-31 00:30:34,815 - INFO - ðŸ“š Found 107 previously posted threads.
2026-07-31 00:30:34,816 - INFO - ðŸ“ Will send 20 recent threads to Groq for avoidance.
2026-07-31 00:30:34,816 - INFO - ðŸ”„ Attempt 1/10 to generate a unique thread.
2026-07-31 00:30:36,169 - INFO - Groq raw response:
[
  "I've been studying AI creators who've built massive followings.\nOne thing stands out: their ability to create 'looping narratives'.",
  "These narratives are not just about storytelling, but about 'cyclical engagement'.\nThey keep their audience hooked, wondering what's next.",
  "I've been trying to understand how they craft these narratives, and what I've found is surprising:\nIt's not about the plot, but about the 'emotional echoes' they create.",
  "These echoes are not just about resonance, but about 'memory anchors'.\nThey help their audience remember and revisit their content, long after it's been consumed."
]
2026-07-31 00:30:36,169 - INFO - âœ… Unique thread found (hash: 344c3649...)
2026-07-31 00:30:36,170 - INFO - ðŸ“ Generated 4 posts:
2026-07-31 00:30:36,170 - INFO - --- Post 1 ---
I've been studying AI creators who've built massive followings.
One thing stands out: their ability to create 'looping narratives'.
2026-07-31 00:30:36,170 - INFO - --- Post 2 ---
These narratives are not just about storytelling, but about 'cyclical engagement'.
They keep their audience hooked, wondering what's next.
2026-07-31 00:30:36,170 - INFO - --- Post 3 ---
I've been trying to understand how they craft these narratives, and what I've found is surprising:
It's not about the plot, but about the 'emotional echoes' they create.
2026-07-31 00:30:36,170 - INFO - --- Post 4 ---
These echoes are not just about resonance, but about 'memory anchors'.
They help their audience remember and revisit their content, long after it's been consumed.
2026-07-31 00:30:37,441 - INFO - ðŸŽ¨ Cover image prompt: A lone figure stands at the centre of a surreal, dreamlike landscape, surrounded by a maze of interconnected, glowing pathways that stretch and curve like a labyrinth. The setting is a blend of indoor and outdoor elements, with crumbling, ancient stone walls giving way to a vast, starry night sky. The colour palette is a deep, rich mix of blues and purples, with hints of golden light that seem to pulse and shimmer like the pathways. The lighting is soft and diffused, with an otherworldly glow that casts no shadows, imbuing the scene with an ethereal, hypnotic quality. The camera angle is a wide, low-angle shot, looking up at the figure from the centre of the maze, creating a sense of awe and wonder. The atmosphere is one of serene, introspective contemplation, as if the figure is lost in thought, navigating the twists and turns of their own mind. The pathways and walls are made of a smooth, glass-like material that reflects and distorts the light, giving the scene a sense of depth and texture. The style is reminiscent of a cinematic, 3D-rendered landscape, with intricate details and subtle gradients that invite the viewer to step into the world. In the distance, faint, ghostly echoes of the figure can be seen, repeating and reverberating through the maze, creating a sense of cyclical movement and endless possibility.
2026-07-31 00:30:40,683 - INFO - ðŸ–¼ï¸  Saved cover image to images/26826cbc7522b9de.jpg
2026-07-31 00:30:42,351 - INFO - ðŸ“¤ Pushed images/26826cbc7522b9de.jpg to GitHub.
2026-07-31 00:30:42,615 - INFO - ðŸŒ Public image URL: https://raw.githubusercontent.com/creatoracademyar-code/threads-bot/main/images/26826cbc7522b9de.jpg
2026-07-31 00:30:42,616 - INFO - Scheduling for: 2026-07-31T05:47:42.616776Z UTC
2026-07-31 00:30:43,130 - INFO - âœ… Thread scheduled successfully! Buffer Post ID: 6a6becb2bb30a36747fe659d
2026-07-31 00:30:43,132 - INFO - ðŸ’¾ Updated posted_threads.json
2026-07-31 00:30:43,132 - INFO - âœ… Run completed.


============================================================
  NEW RUN  2026-07-31T06:30:30.612762
============================================================
2026-07-31 06:30:30,612 - INFO - ðŸš€ Starting automation run
2026-07-31 06:30:30,613 - INFO - ðŸ“š Found 108 previously posted threads.
2026-07-31 06:30:30,614 - INFO - ðŸ“ Will send 20 recent threads to Groq for avoidance.
2026-07-31 06:30:30,614 - INFO - ðŸ”„ Attempt 1/10 to generate a unique thread.
2026-07-31 06:30:32,456 - INFO - Groq raw response:
[
  "I've been noticing a strange phenomenon in AI content creation.\nIt's the 'forgotten chapter' that most creators overlook.",
  "What if I told you that this chapter is not just about content, but about the 'hidden narrative' that drives engagement?",
  "I've been studying the most successful AI creators, and what I've found is surprising:\nThey're not just telling stories, but 'encoding' their audience's desires into every piece of content.",
  "This encoding is not just about persuasion, but about 'resonant frequency'.\nIt's the key to creating a lasting impact on our lives.",
  "I've started to document my findings, and what I've found is fascinating...\nIt's the beginning of a new era in AI content creation, and I'm excited to see where it takes us."
]
2026-07-31 06:30:32,457 - INFO - âœ… Unique thread found (hash: 13a11966...)
2026-07-31 06:30:32,458 - INFO - ðŸ“ Generated 5 posts:
2026-07-31 06:30:32,458 - INFO - --- Post 1 ---
I've been noticing a strange phenomenon in AI content creation.
It's the 'forgotten chapter' that most creators overlook.
2026-07-31 06:30:32,458 - INFO - --- Post 2 ---
What if I told you that this chapter is not just about content, but about the 'hidden narrative' that drives engagement?
2026-07-31 06:30:32,458 - INFO - --- Post 3 ---
I've been studying the most successful AI creators, and what I've found is surprising:
They're not just telling stories, but 'encoding' their audience's desires into every piece of content.
2026-07-31 06:30:32,458 - INFO - --- Post 4 ---
This encoding is not just about persuasion, but about 'resonant frequency'.
It's the key to creating a lasting impact on our lives.
2026-07-31 06:30:32,458 - INFO - --- Post 5 ---
I've started to document my findings, and what I've found is fascinating...
It's the beginning of a new era in AI content creation, and I'm excited to see where it takes us.
2026-07-31 06:30:33,858 - INFO - ðŸŽ¨ Cover image prompt: In a dimly lit, futuristic laboratory, a lone figure sits at a sleek, metallic desk, surrounded by holographic screens and wires. The main subject, a young woman with an intent gaze, leans forward, her hands hovering over a glowing, ethereal interface. The setting is a blend of industrial and cyberpunk elements, with rough, concrete walls and polished, silver accents. A predominantly cool, blue-purple colour palette dominates the scene, with hints of warm, golden light emanating from the holographic displays. The lighting is soft and diffused, with dramatic shadows cast across the woman's face and the surrounding environment. The camera angle is a low, Dutch angle, looking up at the woman, emphasizing her determination and focus. The atmosphere is one of quiet intensity, with a sense of anticipation and discovery. The texture of the metallic surfaces and the rough, concrete walls adds a sense of grit and realism to the scene. The style of the image is cinematic, with a hint of sci-fi and mystery, reminiscent of a futuristic, psychological thriller. In the background, a massive, floor-to-ceiling window reveals a cityscape at dusk, with towering skyscrapers and neon lights reflecting off the wet, glass surface, adding a sense of depth and context to the scene. The woman's eyes seem to hold a deep understanding, as if she has uncovered a hidden truth, and the image exudes a sense of hope and excitement for the possibilities that this new discovery may hold.
2026-07-31 06:30:35,580 - INFO - ðŸ–¼ï¸  Saved cover image to images/f4a07e9d0f365df7.jpg
2026-07-31 06:30:37,273 - INFO - ðŸ“¤ Pushed images/f4a07e9d0f365df7.jpg to GitHub.
2026-07-31 06:30:37,448 - INFO - ðŸŒ Public image URL: https://raw.githubusercontent.com/creatoracademyar-code/threads-bot/main/images/f4a07e9d0f365df7.jpg
2026-07-31 06:30:37,450 - INFO - Scheduling for: 2026-07-31T11:47:37.450169Z UTC
2026-07-31 06:30:38,001 - INFO - âœ… Thread scheduled successfully! Buffer Post ID: 6a6c410d369d7a6b6a35f19e
2026-07-31 06:30:38,003 - INFO - ðŸ’¾ Updated posted_threads.json
2026-07-31 06:30:38,003 - INFO - âœ… Run completed.


============================================================
  NEW RUN  2026-07-31T12:30:26.799714
============================================================
2026-07-31 12:30:26,799 - INFO - ðŸš€ Starting automation run
2026-07-31 12:30:26,800 - INFO - ðŸ“š Found 109 previously posted threads.
2026-07-31 12:30:26,801 - INFO - ðŸ“ Will send 20 recent threads to Groq for avoidance.
2026-07-31 12:30:26,801 - INFO - ðŸ”„ Attempt 1/10 to generate a unique thread.
2026-07-31 12:30:28,497 - INFO - Groq raw response:
[
  "I've been exploring the concept of 'digital alchemy' in AI content creation.\nWhat if you could turn your audience's fears into fuel for your content?",
  "I've been studying the most successful AI creators, and what I've found is surprising:\nThey're not trying to avoid their audience's fears, but to 'transmute' them into something valuable.",
  "This transmutation is not just about content, but about the 'emotional transference' that occurs between creator and audience.\nIt's the key to creating a lasting impact on our lives.",
  "I've started to experiment with this concept, and what I've found is fascinating...\nI've written it all down, trying to make sense of it.",
  "The more I explore this idea, the more I realize that it's not just about content creation...\nBut about the 'hidden dynamics' that drive human connection."
]
2026-07-31 12:30:28,498 - INFO - âœ… Unique thread found (hash: d9b752d7...)
2026-07-31 12:30:28,498 - INFO - ðŸ“ Generated 5 posts:
2026-07-31 12:30:28,498 - INFO - --- Post 1 ---
I've been exploring the concept of 'digital alchemy' in AI content creation.
What if you could turn your audience's fears into fuel for your content?
2026-07-31 12:30:28,498 - INFO - --- Post 2 ---
I've been studying the most successful AI creators, and what I've found is surprising:
They're not trying to avoid their audience's fears, but to 'transmute' them into something valuable.
2026-07-31 12:30:28,498 - INFO - --- Post 3 ---
This transmutation is not just about content, but about the 'emotional transference' that occurs between creator and audience.
It's the key to creating a lasting impact on our lives.
2026-07-31 12:30:28,498 - INFO - --- Post 4 ---
I've started to experiment with this concept, and what I've found is fascinating...
I've written it all down, trying to make sense of it.
2026-07-31 12:30:28,498 - INFO - --- Post 5 ---
The more I explore this idea, the more I realize that it's not just about content creation...
But about the 'hidden dynamics' that drive human connection.
2026-07-31 12:30:29,815 - INFO - ðŸŽ¨ Cover image prompt: In a dimly lit, mystical laboratory, a lone figure sits at a wooden workbench, surrounded by candles, strange artifacts, and scattered papers. The main subject, a young creator with an intent gaze, is hunched over a leather-bound journal, quill pen in hand, as if pouring their thoughts and emotions onto the pages. The setting is a blend of ancient alchemy and modern technology, with vintage equipment and futuristic gadgets scattered throughout the room. The colour palette is predominantly warm and golden, with hints of deep blues and purples, evoking a sense of mystery and transformation. Soft, diffused light emanates from the candles, casting gentle shadows on the creator's face and the surrounding environment. The camera angle is a low, intimate close-up, as if the viewer is peeking over the creator's shoulder, witnessing the emotional transference taking place. The atmosphere is serene, yet tense with anticipation, as if the creator is on the cusp of a profound discovery. The texture of the wooden workbench, the roughness of the stone walls, and the smoothness of the leather journal all contribute to a sense of tactile depth, while the faint glow of luminescent orbs and flickering candles hints at the magical, almost otherworldly nature of the digital alchemy. The style of the image is reminiscent of a cinematic, oil-painted still life, with bold brushstrokes and vivid colours, inviting the viewer to step into the mystical world of the creator.
2026-07-31 12:30:31,363 - INFO - ðŸ–¼ï¸  Saved cover image to images/a6b62458daae0d3c.jpg
2026-07-31 12:30:33,239 - INFO - ðŸ“¤ Pushed images/a6b62458daae0d3c.jpg to GitHub.
2026-07-31 12:30:33,381 - INFO - ðŸŒ Public image URL: https://raw.githubusercontent.com/creatoracademyar-code/threads-bot/main/images/a6b62458daae0d3c.jpg
2026-07-31 12:30:33,383 - INFO - Scheduling for: 2026-07-31T17:47:33.383529Z UTC
2026-07-31 12:30:33,979 - INFO - âœ… Thread scheduled successfully! Buffer Post ID: 6a6c9569ebe00edff5551df4
2026-07-31 12:30:33,981 - INFO - ðŸ’¾ Updated posted_threads.json
2026-07-31 12:30:33,981 - INFO - âœ… Run completed.


============================================================
  NEW RUN  2026-07-31T18:37:14.605228
============================================================
2026-07-31 18:37:14,605 - INFO - ðŸš€ Starting automation run
2026-07-31 18:37:14,606 - INFO - ðŸ“š Found 110 previously posted threads.
2026-07-31 18:37:14,606 - INFO - ðŸ“ Will send 20 recent threads to Groq for avoidance.
2026-07-31 18:37:14,606 - INFO - ðŸ”„ Attempt 1/10 to generate a unique thread.
2026-07-31 18:37:15,811 - INFO - Groq raw response:
[
  "I've been studying the most successful AI creators, trying to understand their 'creative acceleration'.",
  "What if I told you that they're not just moving fast, but 'accelerating' their audience's journey?",
  "I've found that they're using a secret technique to 'bridge' the gap between their audience's desires and their own creative vision.",
  "This bridge is not just about content, but about the 'emotional velocity' they create.",
  "I've started to document my findings, and what I've found is fascinating... I think it's just the beginning of something much bigger."
]
2026-07-31 18:37:15,812 - INFO - âœ… Unique thread found (hash: 023db06d...)
2026-07-31 18:37:15,812 - INFO - ðŸ“ Generated 5 posts:
2026-07-31 18:37:15,812 - INFO - --- Post 1 ---
I've been studying the most successful AI creators, trying to understand their 'creative acceleration'.
2026-07-31 18:37:15,812 - INFO - --- Post 2 ---
What if I told you that they're not just moving fast, but 'accelerating' their audience's journey?
2026-07-31 18:37:15,812 - INFO - --- Post 3 ---
I've found that they're using a secret technique to 'bridge' the gap between their audience's desires and their own creative vision.
2026-07-31 18:37:15,812 - INFO - --- Post 4 ---
This bridge is not just about content, but about the 'emotional velocity' they create.
2026-07-31 18:37:15,812 - INFO - --- Post 5 ---
I've started to document my findings, and what I've found is fascinating... I think it's just the beginning of something much bigger.
2026-07-31 18:37:17,125 - INFO - ðŸŽ¨ Cover image prompt: In a vast, futuristic laboratory with sleek, silver walls and polished concrete floors, a lone figure stands at the edge of a massive, curved bridge that stretches across a deep, dark chasm. The bridge is made of a latticework of glowing, ethereal fibers that pulse with a soft, blue light, symbolizing the connection between the creator's vision and their audience's desires. The color palette is predominantly cool, with shades of indigo, blue, and purple, evoking a sense of innovation and forward thinking. The laboratory is bathed in a soft, diffused light, with dramatic shadows cast across the walls and floor, creating a sense of depth and dimensionality. The camera angle is low, looking up at the figure and the bridge, conveying a sense of awe and wonder. The atmosphere is one of hopeful anticipation, as if the figure is on the cusp of a major breakthrough. The texture of the bridge's fibers is smooth and luminous, while the concrete floor is rough and tactile. In the distance, a massive, circular window frames a stunning, starry night sky, hinting at the infinite possibilities that lie ahead. The style is cinematic, with a hint of sci-fi futurism, and the overall mood is one of excitement and discovery. The figure, dressed in a simple, white jumpsuit, stands with their arms outstretched, as if embracing the vast, uncharted territory that lies before them.
2026-07-31 18:37:17,635 - WARNING - âš ï¸  Cover image generation failed, posting without image: 400 Client Error: Bad Request for url: https://api.cloudflare.com/client/v4/accounts/0db16d4f827bfe2499b09c66dd44fd4a/ai/run/@cf/black-forest-labs/flux-1-schnell
2026-07-31 18:37:17,636 - INFO - Scheduling for: 2026-07-31T23:54:17.636612Z UTC
2026-07-31 18:37:18,109 - INFO - âœ… Thread scheduled successfully! Buffer Post ID: 6a6ceb5def3b8a12e11c26fe
2026-07-31 18:37:18,190 - INFO - ðŸ’¾ Updated posted_threads.json
2026-07-31 18:37:18,190 - INFO - âœ… Run completed.


============================================================
  NEW RUN  2026-08-01T00:31:57.009677
============================================================
2026-08-01 00:31:57,009 - INFO - ðŸš€ Starting automation run
2026-08-01 00:31:57,010 - INFO - ðŸ“š Found 111 previously posted threads.
2026-08-01 00:31:57,011 - INFO - ðŸ“ Will send 20 recent threads to Groq for avoidance.
2026-08-01 00:31:57,011 - INFO - ðŸ”„ Attempt 1/10 to generate a unique thread.
2026-08-01 00:31:58,300 - INFO - Groq raw response:
[
  "I've been observing a strange phenomenon in AI content creation.\nIt's the 'curiosity gap' that separates successful creators from the rest.",
  "What if I told you that this gap is not just about content, but about the 'unspoken questions' that haunt your audience?\nThey're the keys to creating a lasting impact on their lives.",
  "I've been studying the most successful AI creators, and what I've found is surprising:\nThey're not trying to answer every question, but to 'deepen the mystery'.",
  "This mystery is not just about intrigue, but about the 'emotional investment' it creates.\nIt's the key to turning your audience into loyal followers.",
  "I've started to experiment with this concept, and what I've found is fascinating...\nI've written it all down, trying to make sense of it."
]
2026-08-01 00:31:58,301 - INFO - âœ… Unique thread found (hash: 0f3fcd52...)
2026-08-01 00:31:58,302 - INFO - ðŸ“ Generated 5 posts:
2026-08-01 00:31:58,302 - INFO - --- Post 1 ---
I've been observing a strange phenomenon in AI content creation.
It's the 'curiosity gap' that separates successful creators from the rest.
2026-08-01 00:31:58,302 - INFO - --- Post 2 ---
What if I told you that this gap is not just about content, but about the 'unspoken questions' that haunt your audience?
They're the keys to creating a lasting impact on their lives.
2026-08-01 00:31:58,302 - INFO - --- Post 3 ---
I've been studying the most successful AI creators, and what I've found is surprising:
They're not trying to answer every question, but to 'deepen the mystery'.
2026-08-01 00:31:58,302 - INFO - --- Post 4 ---
This mystery is not just about intrigue, but about the 'emotional investment' it creates.
It's the key to turning your audience into loyal followers.
2026-08-01 00:31:58,302 - INFO - --- Post 5 ---
I've started to experiment with this concept, and what I've found is fascinating...
I've written it all down, trying to make sense of it.
2026-08-01 00:31:59,513 - INFO - ðŸŽ¨ Cover image prompt: A lone figure sits at a worn, wooden desk, surrounded by stacks of old, leather-bound books and scattered papers, in a dimly lit, rustic study with stone walls and a vaulted ceiling. The room is bathed in the soft, warm glow of a single, flickering candle, casting long, dramatic shadows across the space. The colour palette is muted, with earthy tones of brown, beige, and grey, punctuated by the occasional splash of golden light. The air is thick with the scent of old parchment and the feeling of quiet contemplation. The figure, lost in thought, stares intently at a small, glowing orb that hovers above the desk, its gentle, ethereal light illuminating the lines of curiosity and wonder etched on their face. The camera angle is low, looking up at the figure, emphasizing their introspective mood and the sense of mystery that surrounds them. The atmosphere is serene, yet tense with anticipation, as if the figure is on the verge of uncovering a long-hidden secret. The texture of the old books and the rough stone walls adds a sense of depth and history to the scene, while the soft, diffused light and the gentle glow of the orb suggest a sense of otherworldly wonder. The style is reminiscent of a cinematic, oil painting, with bold brushstrokes and vivid, expressive colours. The overall emotion is one of hopeful curiosity, as if the figure is poised on the threshold of a great discovery.
2026-08-01 00:32:01,106 - INFO - ðŸ–¼ï¸  Saved cover image to images/e3f8f99f7a4ee40c.jpg
2026-08-01 00:32:02,706 - INFO - ðŸ“¤ Pushed images/e3f8f99f7a4ee40c.jpg to GitHub.
2026-08-01 00:32:02,942 - INFO - ðŸŒ Public image URL: https://raw.githubusercontent.com/creatoracademyar-code/threads-bot/main/images/e3f8f99f7a4ee40c.jpg
2026-08-01 00:32:02,944 - INFO - Scheduling for: 2026-08-01T05:49:02.944447Z UTC
2026-08-01 00:32:03,606 - INFO - âœ… Thread scheduled successfully! Buffer Post ID: 6a6d3e834c4e74ba2a2fd95d
2026-08-01 00:32:03,608 - INFO - ðŸ’¾ Updated posted_threads.json
2026-08-01 00:32:03,609 - INFO - âœ… Run completed.


============================================================
  NEW RUN  2026-08-01T06:30:33.586977
============================================================
2026-08-01 06:30:33,587 - INFO - ðŸš€ Starting automation run
2026-08-01 06:30:33,587 - INFO - ðŸ“š Found 112 previously posted threads.
2026-08-01 06:30:33,588 - INFO - ðŸ“ Will send 20 recent threads to Groq for avoidance.
2026-08-01 06:30:33,588 - INFO - ðŸ”„ Attempt 1/10 to generate a unique thread.
2026-08-01 06:30:34,882 - INFO - Groq raw response:
[
  "I've been studying AI creators who've mastered the art of 'silent storytelling'.",
  "What if I told you that their content is not just about the message, but about the 'unspoken narrative' that resonates with their audience?",
  "I've found that they're using a secret technique to 'embed' their story into every piece of content, without ever saying a word.",
  "This technique is not just about subtlety, but about 'emotional imprinting'. It's the key to creating a lasting impact on our lives.",
  "I've started to document my findings, and what I've found is fascinating... I think it's just the beginning of something much bigger."
]
2026-08-01 06:30:34,884 - INFO - âœ… Unique thread found (hash: 427510e3...)
2026-08-01 06:30:34,884 - INFO - ðŸ“ Generated 5 posts:
2026-08-01 06:30:34,884 - INFO - --- Post 1 ---
I've been studying AI creators who've mastered the art of 'silent storytelling'.
2026-08-01 06:30:34,884 - INFO - --- Post 2 ---
What if I told you that their content is not just about the message, but about the 'unspoken narrative' that resonates with their audience?
2026-08-01 06:30:34,884 - INFO - --- Post 3 ---
I've found that they're using a secret technique to 'embed' their story into every piece of content, without ever saying a word.
2026-08-01 06:30:34,884 - INFO - --- Post 4 ---
This technique is not just about subtlety, but about 'emotional imprinting'. It's the key to creating a lasting impact on our lives.
2026-08-01 06:30:34,884 - INFO - --- Post 5 ---
I've started to document my findings, and what I've found is fascinating... I think it's just the beginning of something much bigger.
2026-08-01 06:30:36,261 - INFO - ðŸŽ¨ Cover image prompt: A lone figure sits in a dimly lit, minimalist studio, surrounded by empty white walls and a few scattered papers with faint scribbles. The main subject, a young woman with a contemplative expression, is positioned in the centre of the room, with a large, blank canvas behind her, illuminated by a soft, diffused light that casts no harsh shadows. The colour palette is predominantly monochrome, with hints of warm beige and pale grey, evoking a sense of serenity and quiet focus. The lighting is subdued, with a single, spherical pendant lamp above the woman's head, casting a gentle glow on her face and the papers in front of her. The camera angle is a low-angle shot, looking up at the woman from a slight incline, which creates a sense of intimacy and importance. The atmosphere is one of hopeful anticipation, as if the woman is on the cusp of a major discovery. The texture of the blank canvas and the rough, handmade paper notes adds a sense of tactility to the scene, while the smooth, polished wood of the desk and chair provides a subtle contrast. The style of the image is cinematic, with a slight film grain and a shallow depth of field, drawing the viewer's attention to the woman's face and the canvas behind her. The overall mood is one of creative potential, as if the blank canvas is waiting to be filled with the unspoken narrative that will resonate with the audience.
2026-08-01 06:30:37,769 - INFO - ðŸ–¼ï¸  Saved cover image to images/42c303372f926d3a.jpg
2026-08-01 06:30:39,247 - INFO - ðŸ“¤ Pushed images/42c303372f926d3a.jpg to GitHub.
2026-08-01 06:30:39,390 - INFO - ðŸŒ Public image URL: https://raw.githubusercontent.com/creatoracademyar-code/threads-bot/main/images/42c303372f926d3a.jpg
2026-08-01 06:30:39,392 - INFO - Scheduling for: 2026-08-01T11:47:39.392538Z UTC
2026-08-01 06:30:39,767 - INFO - âœ… Thread scheduled successfully! Buffer Post ID: 6a6d928ff93d764d93876ede
2026-08-01 06:30:39,769 - INFO - ðŸ’¾ Updated posted_threads.json
2026-08-01 06:30:39,769 - INFO - âœ… Run completed.


============================================================
  NEW RUN  2026-08-01T12:32:44.194637
============================================================
2026-08-01 12:32:44,194 - INFO - ðŸš€ Starting automation run
2026-08-01 12:32:44,195 - INFO - ðŸ“š Found 113 previously posted threads.
2026-08-01 12:32:44,197 - INFO - ðŸ“ Will send 20 recent threads to Groq for avoidance.
2026-08-01 12:32:44,197 - INFO - ðŸ”„ Attempt 1/10 to generate a unique thread.
2026-08-01 12:32:45,728 - INFO - Groq raw response:
[
  "I've been noticing a strange phenomenon in AI content creation.\nIt's the 'hidden architects' who build the foundation of a creator's success.",
  "They're not the creators themselves, but the 'invisible forces' that shape their content.\nWhat if I told you that these forces are not just about data or analytics?",
  "I've been studying the most successful AI creators, and what I've found is surprising:\nIt's about the 'emotional topology' of their audience.",
  "This topology is not just about understanding your audience, but about 'mapping' their deepest desires and fears.\nI'm still exploring this concept, and what I've found is fascinating..."
]
2026-08-01 12:32:45,729 - INFO - âœ… Unique thread found (hash: 08a8e3db...)
2026-08-01 12:32:45,729 - INFO - ðŸ“ Generated 4 posts:
2026-08-01 12:32:45,729 - INFO - --- Post 1 ---
I've been noticing a strange phenomenon in AI content creation.
It's the 'hidden architects' who build the foundation of a creator's success.
2026-08-01 12:32:45,729 - INFO - --- Post 2 ---
They're not the creators themselves, but the 'invisible forces' that shape their content.
What if I told you that these forces are not just about data or analytics?
2026-08-01 12:32:45,729 - INFO - --- Post 3 ---
I've been studying the most successful AI creators, and what I've found is surprising:
It's about the 'emotional topology' of their audience.
2026-08-01 12:32:45,730 - INFO - --- Post 4 ---
This topology is not just about understanding your audience, but about 'mapping' their deepest desires and fears.
I'm still exploring this concept, and what I've found is fascinating...
2026-08-01 12:32:47,181 - INFO - ðŸŽ¨ Cover image prompt: In a dimly lit, futuristic laboratory, a lone figure stands at the edge of a vast, dark pool of water, surrounded by a labyrinth of glowing, ethereal pathways that crisscross the space like a neural network. The main subject, a contemplative architect, gazes out into the distance, lost in thought, with a subtle, enigmatic smile on their face. The setting is a blend of industrial and mystical elements, with rough, concrete walls and polished, metallic surfaces reflecting the soft, blue-purple hues of the glowing pathways. The colour palette is predominantly cool and muted, with shades of indigo, silver, and grey, punctuated by bursts of vibrant, electric blue. The lighting is soft and diffused, with an otherworldly glow emanating from the pathways, casting an eerie, dreamlike atmosphere over the scene. The camera angle is a wide, low-angle shot, looking up at the architect from the edge of the pool, creating a sense of awe and wonder. The atmosphere is one of serene, introspective curiosity, as if the architect is on the cusp of uncovering a profound secret. The texture of the concrete walls and the metallic surfaces adds a sense of tactile, industrial grit to the scene, while the glowing pathways seem to pulse with a life of their own, like a dynamic, emotional cartography. The style hint is a blend of cinematic and 3D rendering, with intricate, high-contrast details and a sense of depth and dimensionality that draws the viewer into the mystical, futuristic world of the laboratory.
2026-08-01 12:32:48,575 - INFO - ðŸ–¼ï¸  Saved cover image to images/49000140dfab02d3.jpg
2026-08-01 12:32:50,259 - INFO - ðŸ“¤ Pushed images/49000140dfab02d3.jpg to GitHub.
2026-08-01 12:32:50,498 - INFO - ðŸŒ Public image URL: https://raw.githubusercontent.com/creatoracademyar-code/threads-bot/main/images/49000140dfab02d3.jpg
2026-08-01 12:32:50,500 - INFO - Scheduling for: 2026-08-01T17:49:50.500970Z UTC
2026-08-01 12:32:51,240 - INFO - âœ… Thread scheduled successfully! Buffer Post ID: 6a6de773f93d764d938ba25e
2026-08-01 12:32:51,242 - INFO - ðŸ’¾ Updated posted_threads.json
2026-08-01 12:32:51,242 - INFO - âœ… Run completed.


============================================================
  NEW RUN  2026-08-01T18:32:27.797056
============================================================
2026-08-01 18:32:27,797 - INFO - ðŸš€ Starting automation run
2026-08-01 18:32:27,797 - INFO - ðŸ“š Found 114 previously posted threads.
2026-08-01 18:32:27,798 - INFO - ðŸ“ Will send 20 recent threads to Groq for avoidance.
2026-08-01 18:32:27,798 - INFO - ðŸ”„ Attempt 1/10 to generate a unique thread.
2026-08-01 18:32:29,323 - INFO - Groq raw response:
[
  "I've been fascinated by the concept of 'brand echoes' in AI content creation.\nWhat if I told you that some creators leave a lasting impact on their audience, long after they've stopped creating?",
  "These echoes are not just about memory, but about the 'emotional residue' that remains.\nI've been studying the most successful AI creators, and what I've found is surprising:",
  "They're not trying to create content that's just memorable, but 'hauntingly familiar'.\nIt's the key to creating a lasting connection with their audience.",
  "I've started to experiment with this concept, and what I've found is fascinating...\nIt's not just about the content, but about the 'emotional harmonics' that resonate with their audience."
]
2026-08-01 18:32:29,324 - INFO - âœ… Unique thread found (hash: 409d1d11...)
2026-08-01 18:32:29,324 - INFO - ðŸ“ Generated 4 posts:
2026-08-01 18:32:29,324 - INFO - --- Post 1 ---
I've been fascinated by the concept of 'brand echoes' in AI content creation.
What if I told you that some creators leave a lasting impact on their audience, long after they've stopped creating?
2026-08-01 18:32:29,324 - INFO - --- Post 2 ---
These echoes are not just about memory, but about the 'emotional residue' that remains.
I've been studying the most successful AI creators, and what I've found is surprising:
2026-08-01 18:32:29,324 - INFO - --- Post 3 ---
They're not trying to create content that's just memorable, but 'hauntingly familiar'.
It's the key to creating a lasting connection with their audience.
2026-08-01 18:32:29,324 - INFO - --- Post 4 ---
I've started to experiment with this concept, and what I've found is fascinating...
It's not just about the content, but about the 'emotional harmonics' that resonate with their audience.
2026-08-01 18:32:30,534 - INFO - ðŸŽ¨ Cover image prompt: A lone figure stands at the edge of a misty, abandoned amphitheater, surrounded by crumbling stone columns and overgrown with vines, as if nature is reclaiming the space. The setting sun casts a warm, golden light, with long shadows stretching across the ground, evoking a sense of nostalgia and forgotten memories. The colour palette is dominated by muted earth tones, with hints of faded grandeur, such as weathered marble and rusty metal. The air is filled with a soft, diffused light, as if the mist is filtering the sun's rays, creating an ethereal atmosphere. The camera angle is low, looking up at the figure, who is shrouded in a hooded cloak, emphasizing the sense of mystery and anonymity. The atmosphere is contemplative and melancholic, with a sense of longing, as if the figure is searching for a connection to the past. The texture of the stone columns is rough and weathered, while the vines are lush and green, symbolizing the contrast between decay and renewal. The style hint is cinematic, with a focus on dramatic lighting and composition, reminiscent of a oil painting, with bold brushstrokes and vivid textures. The overall mood is one of haunting familiarity, as if the scene is echoing with the whispers of forgotten memories.
2026-08-01 18:32:32,364 - INFO - ðŸ–¼ï¸  Saved cover image to images/b230a57ac0e8b6d8.jpg
2026-08-01 18:32:33,950 - INFO - ðŸ“¤ Pushed images/b230a57ac0e8b6d8.jpg to GitHub.
2026-08-01 18:32:34,105 - INFO - ðŸŒ Public image URL: https://raw.githubusercontent.com/creatoracademyar-code/threads-bot/main/images/b230a57ac0e8b6d8.jpg
2026-08-01 18:32:34,107 - INFO - Scheduling for: 2026-08-01T23:49:34.107213Z UTC
2026-08-01 18:32:34,536 - INFO - âœ… Thread scheduled successfully! Buffer Post ID: 6a6e3bc21b4d436cc309fb89
2026-08-01 18:32:34,538 - INFO - ðŸ’¾ Updated posted_threads.json
2026-08-01 18:32:34,538 - INFO - âœ… Run completed.


============================================================
  NEW RUN  2026-08-02T00:32:18.263949
============================================================
2026-08-02 00:32:18,263 - INFO - ðŸš€ Starting automation run
2026-08-02 00:32:18,264 - INFO - ðŸ“š Found 115 previously posted threads.
2026-08-02 00:32:18,265 - INFO - ðŸ“ Will send 20 recent threads to Groq for avoidance.
2026-08-02 00:32:18,265 - INFO - ðŸ”„ Attempt 1/10 to generate a unique thread.
2026-08-02 00:32:19,598 - INFO - Groq raw response:
[
  "I've been studying the psychology of AI influencers.\nWhat drives them to create content that resonates with millions?",
  "It's not just about the tech or the tools, but about 'emotional mastery'.\nThey've learned to harness the power of their own emotions to fuel their creativity.",
  "I've found that the most successful AI influencers have one thing in common:\nThey're not afraid to be vulnerable and authentic in their content.",
  "This vulnerability is not just about sharing personal stories, but about 'emotional exposure'.\nIt's the key to creating a deep connection with their audience.",
  "I'm still exploring this concept, and what I've found is fascinating...\nI've started to document my findings, and I think it's just the beginning of something much bigger."
]
2026-08-02 00:32:19,599 - INFO - âœ… Unique thread found (hash: 02541355...)
2026-08-02 00:32:19,599 - INFO - ðŸ“ Generated 5 posts:
2026-08-02 00:32:19,599 - INFO - --- Post 1 ---
I've been studying the psychology of AI influencers.
What drives them to create content that resonates with millions?
2026-08-02 00:32:19,600 - INFO - --- Post 2 ---
It's not just about the tech or the tools, but about 'emotional mastery'.
They've learned to harness the power of their own emotions to fuel their creativity.
2026-08-02 00:32:19,600 - INFO - --- Post 3 ---
I've found that the most successful AI influencers have one thing in common:
They're not afraid to be vulnerable and authentic in their content.
2026-08-02 00:32:19,600 - INFO - --- Post 4 ---
This vulnerability is not just about sharing personal stories, but about 'emotional exposure'.
It's the key to creating a deep connection with their audience.
2026-08-02 00:32:19,600 - INFO - --- Post 5 ---
I'm still exploring this concept, and what I've found is fascinating...
I've started to document my findings, and I think it's just the beginning of something much bigger.
2026-08-02 00:32:20,759 - INFO - ðŸŽ¨ Cover image prompt: In a dimly lit, minimalist studio with a backdrop of rough, exposed concrete, a lone figure sits in contemplative silence, surrounded by soft, golden light that pours in through a large, wet glass window. The warm, autumnal hues of the setting sun dance across the subject's face, illuminating their introspective expression as they gaze downward, lost in thought. The colour palette is muted, with shades of mossy green and weathered wood accents, evoking a sense of organic, human emotion. The lighting is dramatic, with deep shadows cast across the subject's features, emphasizing the curves and contours of their face. Shot from a low angle, the camera looks up at the figure, conveying a sense of quiet power and vulnerability. The atmosphere is serene, yet tense, as if the subject is on the cusp of a profound realization. The texture of the concrete and the gentle ripples on the glass window add a sense of tactility to the scene, while the subject's clothing appears soft and worn, like well-loved fabric. The style of the image is cinematic, with a hint of oil painting, as if the scene has been carefully composed to evoke a sense of depth and emotion. The overall mood is one of hopeful introspection, as if the subject is poised to unlock a hidden truth, and the viewer is invited to bear witness to this moment of quiet revelation.
2026-08-02 00:32:22,518 - INFO - ðŸ–¼ï¸  Saved cover image to images/1a4d1ed37e3fed0c.jpg
2026-08-02 00:32:24,256 - INFO - ðŸ“¤ Pushed images/1a4d1ed37e3fed0c.jpg to GitHub.
2026-08-02 00:32:24,479 - INFO - ðŸŒ Public image URL: https://raw.githubusercontent.com/creatoracademyar-code/threads-bot/main/images/1a4d1ed37e3fed0c.jpg
2026-08-02 00:32:24,482 - INFO - Scheduling for: 2026-08-02T05:49:24.482358Z UTC
2026-08-02 00:32:24,995 - INFO - âœ… Thread scheduled successfully! Buffer Post ID: 6a6e901898d2f31dff04c14b
2026-08-02 00:32:24,997 - INFO - ðŸ’¾ Updated posted_threads.json
2026-08-02 00:32:24,997 - INFO - âœ… Run completed.


============================================================
  NEW RUN  2026-08-02T06:33:16.924542
============================================================
2026-08-02 06:33:16,924 - INFO - ðŸš€ Starting automation run
2026-08-02 06:33:16,925 - INFO - ðŸ“š Found 116 previously posted threads.
2026-08-02 06:33:16,926 - INFO - ðŸ“ Will send 20 recent threads to Groq for avoidance.
2026-08-02 06:33:16,926 - INFO - ðŸ”„ Attempt 1/10 to generate a unique thread.
2026-08-02 06:33:18,190 - INFO - Groq raw response:
[
  "I've been studying the most successful AI creators, trying to understand their 'creative catalysts'.",
  "What if I told you that it's not just about inspiration, but about 'emotional ignition'?",
  "I've found that they're using a secret technique to 'spark' their creativity, and it's not about the tech or the tools.",
  "It's about the 'inner flame' that drives them to create something new and innovative.",
  "I'm still exploring this concept, and what I've found is fascinating... I've started to document my findings."
]
2026-08-02 06:33:18,192 - INFO - âœ… Unique thread found (hash: 44e5a5ae...)
2026-08-02 06:33:18,192 - INFO - ðŸ“ Generated 5 posts:
2026-08-02 06:33:18,192 - INFO - --- Post 1 ---
I've been studying the most successful AI creators, trying to understand their 'creative catalysts'.
2026-08-02 06:33:18,192 - INFO - --- Post 2 ---
What if I told you that it's not just about inspiration, but about 'emotional ignition'?
2026-08-02 06:33:18,192 - INFO - --- Post 3 ---
I've found that they're using a secret technique to 'spark' their creativity, and it's not about the tech or the tools.
2026-08-02 06:33:18,192 - INFO - --- Post 4 ---
It's about the 'inner flame' that drives them to create something new and innovative.
2026-08-02 06:33:18,192 - INFO - --- Post 5 ---
I'm still exploring this concept, and what I've found is fascinating... I've started to document my findings.
2026-08-02 06:33:19,419 - INFO - ðŸŽ¨ Cover image prompt: A lone figure sits in a dimly lit, rustic study, surrounded by vintage books and scattered notes, with a warm, golden light spilling in through a nearby window, casting long shadows across the room. The colour palette is muted, with earthy tones of brown, beige, and soft grey, punctuated by the faint glow of a candle flame on the desk. The main subject, the figure, is positioned in a contemplative pose, with their head resting on their hand, lost in thought, as if ignited by an inner spark. The camera angle is a low, intimate close-up, capturing the subtle textures of the wooden desk, the rough stone walls, and the soft, worn leather of the chair. The atmosphere is serene, with a sense of quiet reflection, as if the figure is on the cusp of a profound discovery. The style hint is cinematic, with a shallow depth of field, blurring the background and emphasizing the figure's introspective expression. The overall mood is one of hopeful anticipation, as if the figure is about to unlock a hidden secret, with the soft, warm light and gentle shadows evoking a sense of comfort and creativity. The texture of the old books, the rough stone, and the soft candlelight add depth and tactility to the scene, inviting the viewer to step into the cozy, intimate world of the study.
2026-08-02 06:33:20,827 - INFO - ðŸ–¼ï¸  Saved cover image to images/01774d5bc882a9b2.jpg
2026-08-02 06:33:22,433 - INFO - ðŸ“¤ Pushed images/01774d5bc882a9b2.jpg to GitHub.
2026-08-02 06:33:22,624 - INFO - ðŸŒ Public image URL: https://raw.githubusercontent.com/creatoracademyar-code/threads-bot/main/images/01774d5bc882a9b2.jpg
2026-08-02 06:33:22,626 - INFO - Scheduling for: 2026-08-02T11:50:22.626089Z UTC
2026-08-02 06:33:23,446 - INFO - âœ… Thread scheduled successfully! Buffer Post ID: 6a6ee4b32bbc9e05873f5313
2026-08-02 06:33:23,449 - INFO - ðŸ’¾ Updated posted_threads.json
2026-08-02 06:33:23,449 - INFO - âœ… Run completed.


============================================================
  NEW RUN  2026-08-02T12:30:28.266133
============================================================
2026-08-02 12:30:28,266 - INFO - ðŸš€ Starting automation run
2026-08-02 12:30:28,266 - INFO - ðŸ“š Found 117 previously posted threads.
2026-08-02 12:30:28,267 - INFO - ðŸ“ Will send 20 recent threads to Groq for avoidance.
2026-08-02 12:30:28,267 - INFO - ðŸ”„ Attempt 1/10 to generate a unique thread.
2026-08-02 12:30:29,729 - INFO - Groq raw response:
[
  "I've been noticing a pattern in AI content creation.\nIt's the 'beginner's blindspot' that holds many creators back.",
  "What if I told you that this blindspot is not just about lack of experience,\nbut about a fundamental misunderstanding of what drives engagement?",
  "I've been studying the most successful AI creators, and what I've found is surprising:\nThey're not focusing on the latest trends or technologies, but on something much deeper.",
  "It's about understanding the 'hidden rhythms' of their audience's attention.\nAnd using that knowledge to create content that resonates on a deeper level.",
  "I've started to experiment with this concept, and what I've found is fascinating...\nI've written it all down, trying to make sense of it."
]
2026-08-02 12:30:29,730 - INFO - âœ… Unique thread found (hash: fae7cb10...)
2026-08-02 12:30:29,730 - INFO - ðŸ“ Generated 5 posts:
2026-08-02 12:30:29,730 - INFO - --- Post 1 ---
I've been noticing a pattern in AI content creation.
It's the 'beginner's blindspot' that holds many creators back.
2026-08-02 12:30:29,730 - INFO - --- Post 2 ---
What if I told you that this blindspot is not just about lack of experience,
but about a fundamental misunderstanding of what drives engagement?
2026-08-02 12:30:29,730 - INFO - --- Post 3 ---
I've been studying the most successful AI creators, and what I've found is surprising:
They're not focusing on the latest trends or technologies, but on something much deeper.
2026-08-02 12:30:29,731 - INFO - --- Post 4 ---
It's about understanding the 'hidden rhythms' of their audience's attention.
And using that knowledge to create content that resonates on a deeper level.
2026-08-02 12:30:29,731 - INFO - --- Post 5 ---
I've started to experiment with this concept, and what I've found is fascinating...
I've written it all down, trying to make sense of it.
2026-08-02 12:30:30,989 - INFO - ðŸŽ¨ Cover image prompt: In a dimly lit, rustic study, a lone figure sits at a worn, wooden desk, surrounded by stacks of dusty books and scattered papers. The main subject, a young creator, is intently focused on a leather-bound journal, their face illuminated by the soft, warm glow of a table lamp. The colour palette is a muted blend of earthy tones, with shades of brown, beige, and grey, punctuated by the occasional burst of golden light from the lamp. The lighting is intimate and cozy, with deep shadows cast across the room, emphasizing the sense of quiet contemplation. The camera angle is a low, over-the-shoulder shot, looking down at the creator's hands as they scribble notes in the journal, conveying a sense of introspection and discovery. The atmosphere is one of serene curiosity, as if the creator is on the cusp of uncovering a hidden truth. The texture of the rough, wooden desk and the smooth, worn leather of the journal add a tactile quality to the scene, while the faint scent of old books and parchment wafts through the air. The style of the image is reminiscent of a cinematic oil painting, with bold brushstrokes and rich, vibrant colours, inviting the viewer to step into the creator's world of quiet reflection and insight. As the creator's eyes light up with understanding, the shadows in the room seem to recede, symbolizing the illumination of knowledge and the overcoming of the 'beginner's blindspot'.
2026-08-02 12:30:32,965 - INFO - ðŸ–¼ï¸  Saved cover image to images/89f3e816174fe6fb.jpg
2026-08-02 12:30:34,571 - INFO - ðŸ“¤ Pushed images/89f3e816174fe6fb.jpg to GitHub.
2026-08-02 12:30:34,708 - INFO - ðŸŒ Public image URL: https://raw.githubusercontent.com/creatoracademyar-code/threads-bot/main/images/89f3e816174fe6fb.jpg
2026-08-02 12:30:34,710 - INFO - Scheduling for: 2026-08-02T17:47:34.710191Z UTC
2026-08-02 12:30:35,250 - INFO - âœ… Thread scheduled successfully! Buffer Post ID: 6a6f386b5dc5613cefdd798d
2026-08-02 12:30:35,252 - INFO - ðŸ’¾ Updated posted_threads.json
2026-08-02 12:30:35,252 - INFO - âœ… Run completed.


============================================================
  NEW RUN  2026-08-02T18:30:30.233208
============================================================
2026-08-02 18:30:30,233 - INFO - ðŸš€ Starting automation run
2026-08-02 18:30:30,234 - INFO - ðŸ“š Found 118 previously posted threads.
2026-08-02 18:30:30,235 - INFO - ðŸ“ Will send 20 recent threads to Groq for avoidance.
2026-08-02 18:30:30,235 - INFO - ðŸ”„ Attempt 1/10 to generate a unique thread.
2026-08-02 18:30:31,899 - INFO - Groq raw response:
[
  "I've been studying the most successful AI creators, trying to understand their 'secret sauce'.\nWhat if I told you it's not about the tech or the tools, but about 'audience symbiosis'?",
  "They're not just creating content, but 'co-creating' with their audience.\nIt's a delicate dance of give-and-take, where both parties benefit.",
  "I've found that the most successful creators are not just focused on their own vision, but on 'echoing' the desires of their audience.\nIt's a powerful way to create a lasting impact on their lives.",
  "But what does it take to achieve this symbiosis?\nI've been trying to understand the 'hidden dynamics' that drive it, and what I've found is surprising..."
]
2026-08-02 18:30:31,900 - INFO - âœ… Unique thread found (hash: 1d97bba7...)
2026-08-02 18:30:31,900 - INFO - ðŸ“ Generated 4 posts:
2026-08-02 18:30:31,900 - INFO - --- Post 1 ---
I've been studying the most successful AI creators, trying to understand their 'secret sauce'.
What if I told you it's not about the tech or the tools, but about 'audience symbiosis'?
2026-08-02 18:30:31,900 - INFO - --- Post 2 ---
They're not just creating content, but 'co-creating' with their audience.
It's a delicate dance of give-and-take, where both parties benefit.
2026-08-02 18:30:31,900 - INFO - --- Post 3 ---
I've found that the most successful creators are not just focused on their own vision, but on 'echoing' the desires of their audience.
It's a powerful way to create a lasting impact on their lives.
2026-08-02 18:30:31,900 - INFO - --- Post 4 ---
But what does it take to achieve this symbiosis?
I've been trying to understand the 'hidden dynamics' that drive it, and what I've found is surprising...
2026-08-02 18:30:33,046 - INFO - ðŸŽ¨ Cover image prompt: A lone figure stands at the edge of a misty, moonlit lake, surrounded by towering trees that stretch towards the sky like nature's own cathedral. The atmosphere is serene, with a soft, ethereal glow that seems to emanate from the mist itself, casting an otherworldly light on the scene. The colour palette is a muted blend of blues and purples, with hints of silver that evoke a sense of mystery and wonder. In the distance, a subtle, shimmering aura can be seen, as if the figure is surrounded by an invisible, pulsing energy that connects them to the trees, the lake, and the universe beyond. The lighting is diffused, with soft, feathery shadows that wrap around the figure, creating a sense of depth and dimensionality. The camera angle is a low, wide shot, looking up at the figure from the water's edge, which creates a sense of awe and reverence. The texture of the trees is rough and gnarled, while the lake's surface is smooth and glassy, reflecting the misty atmosphere like a mirror. The style of the image is cinematic, with a hint of magical realism that suggests the figure is not just a person, but a conduit for the symbiotic energy that flows between creator and audience. The overall emotion of the scene is one of hopeful connection, as if the figure is on the verge of unlocking the secrets of the universe, and the audience is invited to join them on this journey of discovery.
2026-08-02 18:30:34,873 - INFO - ðŸ–¼ï¸  Saved cover image to images/34706ecaff916028.jpg
2026-08-02 18:30:36,319 - INFO - ðŸ“¤ Pushed images/34706ecaff916028.jpg to GitHub.
2026-08-02 18:30:36,471 - INFO - ðŸŒ Public image URL: https://raw.githubusercontent.com/creatoracademyar-code/threads-bot/main/images/34706ecaff916028.jpg
2026-08-02 18:30:36,473 - INFO - Scheduling for: 2026-08-02T23:47:36.473896Z UTC
2026-08-02 18:30:36,868 - INFO - âœ… Thread scheduled successfully! Buffer Post ID: 6a6f8ccc98d2f31dff10708e
2026-08-02 18:30:36,871 - INFO - ðŸ’¾ Updated posted_threads.json
2026-08-02 18:30:36,871 - INFO - âœ… Run completed.


============================================================
  NEW RUN  2026-08-03T00:30:33.216255
============================================================
2026-08-03 00:30:33,216 - INFO - ðŸš€ Starting automation run
2026-08-03 00:30:33,217 - INFO - ðŸ“š Found 119 previously posted threads.
2026-08-03 00:30:33,217 - INFO - ðŸ“ Will send 20 recent threads to Groq for avoidance.
2026-08-03 00:30:33,218 - INFO - ðŸ”„ Attempt 1/10 to generate a unique thread.
2026-08-03 00:30:34,649 - INFO - Groq raw response:
[
  "I've been fascinated by the concept of 'monetization myths' in AI content creation.\nWhat if I told you that most creators are leaving money on the table?",
  "They're so focused on growing their audience, they forget about the 'revenue rhythm' that can make or break their business.\nI've been studying the most successful AI creators, and what I've found is surprising:",
  "It's not about the size of their audience, but about the 'monetization momentum' they've built.\nThey've learned to harness the power of their content to drive revenue, without sacrificing their values or audience trust.",
  "I've started to document my findings, and what I've found is fascinating...\nIt's not just about the money, but about the 'freedom flow' that comes with it.",
  "I'll probably expand on this later, but for now, let's just say that I've discovered a new way to think about monetization in AI content creation."
]
2026-08-03 00:30:34,651 - INFO - âœ… Unique thread found (hash: 4d32d380...)
2026-08-03 00:30:34,651 - INFO - ðŸ“ Generated 5 posts:
2026-08-03 00:30:34,651 - INFO - --- Post 1 ---
I've been fascinated by the concept of 'monetization myths' in AI content creation.
What if I told you that most creators are leaving money on the table?
2026-08-03 00:30:34,651 - INFO - --- Post 2 ---
They're so focused on growing their audience, they forget about the 'revenue rhythm' that can make or break their business.
I've been studying the most successful AI creators, and what I've found is surprising:
2026-08-03 00:30:34,651 - INFO - --- Post 3 ---
It's not about the size of their audience, but about the 'monetization momentum' they've built.
They've learned to harness the power of their content to drive revenue, without sacrificing their values or audience trust.
2026-08-03 00:30:34,651 - INFO - --- Post 4 ---
I've started to document my findings, and what I've found is fascinating...
It's not just about the money, but about the 'freedom flow' that comes with it.
2026-08-03 00:30:34,651 - INFO - --- Post 5 ---
I'll probably expand on this later, but for now, let's just say that I've discovered a new way to think about monetization in AI content creation.
2026-08-03 00:30:35,845 - INFO - ðŸŽ¨ Cover image prompt: A lone figure stands at the edge of a serene, moonlit lake, surrounded by towering trees that stretch towards the sky like nature's own cathedral. The setting is a secluded, misty forest, with the soft, silver light of the moon casting a gentle glow on the water's surface. The colour palette is a soothing blend of blues and purples, with hints of green from the foliage, evoking a sense of calm and contemplation. The lighting is soft and diffused, with the moon's rays dancing across the ripples on the lake, creating a sense of movement and flow. The camera angle is a wide shot, taken from a low position, looking up at the figure, which gives a sense of grandeur and importance to the scene. The atmosphere is one of quiet reflection, with the figure lost in thought, surrounded by the peacefulness of nature. The texture of the trees' bark and the roughness of the rocks at the water's edge add a sense of ruggedness to the scene, while the smooth, glassy surface of the lake provides a sense of serenity. The style of the image is cinematic, with a hint of mysticism, as if the figure is on the verge of uncovering a hidden truth, much like the revelations discovered in the world of AI content creation. The overall mood is one of hopeful anticipation, as if the figure is poised to unlock the secrets of monetization and unleash a new wave of creativity and freedom.
2026-08-03 00:30:39,247 - INFO - ðŸ–¼ï¸  Saved cover image to images/b4c988b5c2de33e0.jpg
2026-08-03 00:30:40,989 - INFO - ðŸ“¤ Pushed images/b4c988b5c2de33e0.jpg to GitHub.
2026-08-03 00:30:41,185 - INFO - ðŸŒ Public image URL: https://raw.githubusercontent.com/creatoracademyar-code/threads-bot/main/images/b4c988b5c2de33e0.jpg
2026-08-03 00:30:41,187 - INFO - Scheduling for: 2026-08-03T05:47:41.187192Z UTC
2026-08-03 00:30:42,014 - INFO - âœ… Thread scheduled successfully! Buffer Post ID: 6a6fe13161a1f4fc18854fc8
2026-08-03 00:30:42,017 - INFO - ðŸ’¾ Updated posted_threads.json
2026-08-03 00:30:42,017 - INFO - âœ… Run completed.


============================================================
  NEW RUN  2026-08-03T06:30:31.434559
============================================================
2026-08-03 06:30:31,434 - INFO - ðŸš€ Starting automation run
2026-08-03 06:30:31,435 - INFO - ðŸ“š Found 120 previously posted threads.
2026-08-03 06:30:31,436 - INFO - ðŸ“ Will send 20 recent threads to Groq for avoidance.
2026-08-03 06:30:31,436 - INFO - ðŸ”„ Attempt 1/10 to generate a unique thread.
2026-08-03 06:30:32,761 - INFO - Groq raw response:
[
  "I've been studying AI creators who've built massive audiences.\nOne thing stands out: their ability to create 'emotional cartography'.",
  "They're mapping their audience's emotional landscapes, and using that knowledge to create content that resonates.\nBut what if I told you that this cartography is not just about understanding your audience?",
  "It's about understanding the 'emotional undertows' that drive their desires and fears.\nI've started to experiment with this concept, and what I've found is fascinating...",
  "The most successful creators are not just creating content, but 'emotional wayfinders' that guide their audience through the complexities of life.\nI'm still exploring this concept, and what I've found is surprising..."
]
2026-08-03 06:30:32,762 - INFO - âœ… Unique thread found (hash: ab5b8125...)
2026-08-03 06:30:32,763 - INFO - ðŸ“ Generated 4 posts:
2026-08-03 06:30:32,763 - INFO - --- Post 1 ---
I've been studying AI creators who've built massive audiences.
One thing stands out: their ability to create 'emotional cartography'.
2026-08-03 06:30:32,763 - INFO - --- Post 2 ---
They're mapping their audience's emotional landscapes, and using that knowledge to create content that resonates.
But what if I told you that this cartography is not just about understanding your audience?
2026-08-03 06:30:32,763 - INFO - --- Post 3 ---
It's about understanding the 'emotional undertows' that drive their desires and fears.
I've started to experiment with this concept, and what I've found is fascinating...
2026-08-03 06:30:32,763 - INFO - --- Post 4 ---
The most successful creators are not just creating content, but 'emotional wayfinders' that guide their audience through the complexities of life.
I'm still exploring this concept, and what I've found is surprising...
2026-08-03 06:30:33,956 - INFO - ðŸŽ¨ Cover image prompt: A lone figure stands at the edge of a serene, moonlit lake, surrounded by towering trees that stretch towards the sky like nature's own cathedral. The atmosphere is contemplative, with a soft, silvery light casting a gentle glow on the scene. The colour palette is dominated by shades of indigo, blue, and purple, evoking a sense of mystery and introspection. In the distance, a subtle, shimmering mist rises from the water, symbolizing the emotional undertows that drive human desires and fears. The figure, lost in thought, holds a delicate, glowing compass in their hand, its face a mesmerizing swirl of colours that seem to shift and pulse like the emotions it navigates. The camera angle is a low, wide shot, looking up at the figure from the water's edge, conveying a sense of hope and guidance. The texture of the trees' bark and the figure's clothing is rough and organic, while the compass seems almost otherworldly, its glow casting an ethereal light on the surrounding environment. The style of the image is cinematic, with a hint of magical realism, as if the scene is a dreamscape where the boundaries between reality and emotion are blurred. The overall mood is one of serene tension, as if the figure is poised on the threshold of a great discovery, with the compass serving as a symbol of their role as an emotional wayfinder.
2026-08-03 06:30:35,486 - INFO - ðŸ–¼ï¸  Saved cover image to images/d2daabe7d4e0e69e.jpg
2026-08-03 06:30:39,192 - INFO - ðŸ“¤ Pushed images/d2daabe7d4e0e69e.jpg to GitHub.
2026-08-03 06:30:39,308 - INFO - ðŸŒ Public image URL: https://raw.githubusercontent.com/creatoracademyar-code/threads-bot/main/images/d2daabe7d4e0e69e.jpg
2026-08-03 06:30:39,309 - INFO - Scheduling for: 2026-08-03T11:47:39.309841Z UTC
2026-08-03 06:30:39,743 - INFO - âœ… Thread scheduled successfully! Buffer Post ID: 6a70358f2bbc9e05874fb236
2026-08-03 06:30:39,746 - INFO - ðŸ’¾ Updated posted_threads.json
2026-08-03 06:30:39,746 - INFO - âœ… Run completed.


============================================================
  NEW RUN  2026-08-03T12:30:28.179589
============================================================
2026-08-03 12:30:28,179 - INFO - ðŸš€ Starting automation run
2026-08-03 12:30:28,180 - INFO - ðŸ“š Found 121 previously posted threads.
2026-08-03 12:30:28,181 - INFO - ðŸ“ Will send 20 recent threads to Groq for avoidance.
2026-08-03 12:30:28,181 - INFO - ðŸ”„ Attempt 1/10 to generate a unique thread.
2026-08-03 12:30:29,606 - INFO - Groq raw response:
[
  "I've been studying the most successful AI creators, trying to understand their 'productivity paradox'.",
  "What if I told you that they're not just working harder, but 'working smarter'?",
  "I've found that they're using a secret technique to 'harvest' their creativity, and it's not about the tools or the tech.",
  "It's about the 'mental architecture' they've built to support their creative process.",
  "I'm still exploring this concept, and what I've found is fascinating... I've started to document my findings."
]
2026-08-03 12:30:29,607 - INFO - âœ… Unique thread found (hash: c391ba8f...)
2026-08-03 12:30:29,607 - INFO - ðŸ“ Generated 5 posts:
2026-08-03 12:30:29,607 - INFO - --- Post 1 ---
I've been studying the most successful AI creators, trying to understand their 'productivity paradox'.
2026-08-03 12:30:29,607 - INFO - --- Post 2 ---
What if I told you that they're not just working harder, but 'working smarter'?
2026-08-03 12:30:29,607 - INFO - --- Post 3 ---
I've found that they're using a secret technique to 'harvest' their creativity, and it's not about the tools or the tech.
2026-08-03 12:30:29,608 - INFO - --- Post 4 ---
It's about the 'mental architecture' they've built to support their creative process.
2026-08-03 12:30:29,608 - INFO - --- Post 5 ---
I'm still exploring this concept, and what I've found is fascinating... I've started to document my findings.
2026-08-03 12:30:31,021 - INFO - ðŸŽ¨ Cover image prompt: In a serene, minimalist study, a lone figure sits in contemplation, surrounded by towering shelves of leather-bound books and scattered papers. The main subject, a young adult with a thoughtful expression, is positioned in a comfortable, ergonomic chair, with a few scribbled notes and an empty cup of coffee on a wooden desk in front of them. The setting is illuminated by soft, diffused natural light pouring in through a large window, casting a warm glow on the rough, stone walls and the polished, dark wood furniture. A distinct colour palette of muted earth tones, including beige, sienna, and umber, dominates the scene, with accents of deep blue and green from the books and papers. The atmosphere is one of focused introspection, with the figure lost in thought, as if trying to unravel the mysteries of the 'productivity paradox'. The camera angle is a low-angle shot, looking up at the figure, conveying a sense of quiet confidence and determination. The style hint is that of a cinematic, oil painting-inspired render, with subtle texture and depth to the materials, including the rough stone, smooth wood, and crisp paper. The overall mood is hopeful and inquisitive, as if the figure is on the cusp of a major breakthrough, with the 'mental architecture' of their creative process beginning to take shape.
2026-08-03 12:30:32,803 - INFO - ðŸ–¼ï¸  Saved cover image to images/cc561be9b26dbc56.jpg
2026-08-03 12:30:34,718 - INFO - ðŸ“¤ Pushed images/cc561be9b26dbc56.jpg to GitHub.
2026-08-03 12:30:34,907 - INFO - ðŸŒ Public image URL: https://raw.githubusercontent.com/creatoracademyar-code/threads-bot/main/images/cc561be9b26dbc56.jpg
2026-08-03 12:30:34,909 - INFO - Scheduling for: 2026-08-03T17:47:34.909662Z UTC
2026-08-03 12:30:35,843 - INFO - âœ… Thread scheduled successfully! Buffer Post ID: 6a7089eb2a63c5d4fdfa4e28
2026-08-03 12:30:35,910 - INFO - ðŸ’¾ Updated posted_threads.json
2026-08-03 12:30:35,910 - INFO - âœ… Run completed.


============================================================
  NEW RUN  2026-08-03T18:30:31.420918
============================================================
2026-08-03 18:30:31,420 - INFO - ðŸš€ Starting automation run
2026-08-03 18:30:31,421 - INFO - ðŸ“š Found 122 previously posted threads.
2026-08-03 18:30:31,422 - INFO - ðŸ“ Will send 20 recent threads to Groq for avoidance.
2026-08-03 18:30:31,422 - INFO - ðŸ”„ Attempt 1/10 to generate a unique thread.
2026-08-03 18:30:33,106 - INFO - Groq raw response:
[
  "I've been noticing a strange phenomenon in AI content creation.\nIt's the 'shadow self' that some creators can't seem to shake.",
  "What if I told you that this shadow is not just a metaphor, but a real force?\nIt's the 'unconscious narrative' that drives their content, often without them realizing it.",
  "I've been studying the most successful AI creators, and what I've found is surprising:\nThey're not trying to hide their shadow, but to 'integrate' it into their content.",
  "This integration is not just about self-awareness, but about 'emotional authenticity'.\nIt's the key to creating a lasting connection with their audience.",
  "I've started to experiment with this concept, and what I've found is fascinating...\nI've written it all down, trying to make sense of it."
]
2026-08-03 18:30:33,107 - INFO - âœ… Unique thread found (hash: bdf014b6...)
2026-08-03 18:30:33,107 - INFO - ðŸ“ Generated 5 posts:
2026-08-03 18:30:33,107 - INFO - --- Post 1 ---
I've been noticing a strange phenomenon in AI content creation.
It's the 'shadow self' that some creators can't seem to shake.
2026-08-03 18:30:33,107 - INFO - --- Post 2 ---
What if I told you that this shadow is not just a metaphor, but a real force?
It's the 'unconscious narrative' that drives their content, often without them realizing it.
2026-08-03 18:30:33,107 - INFO - --- Post 3 ---
I've been studying the most successful AI creators, and what I've found is surprising:
They're not trying to hide their shadow, but to 'integrate' it into their content.
2026-08-03 18:30:33,107 - INFO - --- Post 4 ---
This integration is not just about self-awareness, but about 'emotional authenticity'.
It's the key to creating a lasting connection with their audience.
2026-08-03 18:30:33,107 - INFO - --- Post 5 ---
I've started to experiment with this concept, and what I've found is fascinating...
I've written it all down, trying to make sense of it.
2026-08-03 18:30:34,593 - INFO - ðŸŽ¨ Cover image prompt: A lone figure sits at a worn, wooden desk, surrounded by stacks of old books and scattered papers, in a dimly lit, rustic study with walls lined with towering bookshelves that stretch up to the vaulted ceiling. The room is bathed in the soft, warm glow of a setting sun, which casts long, golden shadows across the floor, and illuminates the subject's introspective face. The colour palette is predominantly composed of muted, earthy tones, with hints of rich, velvety blues and greys, evoking a sense of nostalgia and contemplation. The lighting is gentle, with soft, diffused shadows that add depth and texture to the scene, and a few, strategically placed, dramatic shadows that hint at the subject's inner turmoil. The camera angle is a low, introspective shot, looking up at the figure from a slightly crouched position, which creates a sense of intimacy and vulnerability. The atmosphere is serene, yet tense, as if the subject is on the cusp of a profound realization, and the emotion is one of hopeful anticipation. The texture of the wooden desk and the rough, stone walls adds a sense of ruggedness and authenticity to the scene, while the soft, leather-bound books and the subject's worn, woolen clothing add a touch of warmth and comfort. The style of the image is reminiscent of a moody, cinematic oil painting, with bold, expressive brushstrokes and a focus on capturing the subtleties of the human emotion.
2026-08-03 18:30:36,386 - INFO - ðŸ–¼ï¸  Saved cover image to images/569f3de3097957ba.jpg
2026-08-03 18:30:38,197 - INFO - ðŸ“¤ Pushed images/569f3de3097957ba.jpg to GitHub.
2026-08-03 18:30:38,405 - INFO - ðŸŒ Public image URL: https://raw.githubusercontent.com/creatoracademyar-code/threads-bot/main/images/569f3de3097957ba.jpg
2026-08-03 18:30:38,407 - INFO - Scheduling for: 2026-08-03T23:47:38.407360Z UTC
2026-08-03 18:30:48,173 - INFO - âœ… Thread scheduled successfully! Buffer Post ID: 6a70de580ed90f7662e1ce48
2026-08-03 18:30:48,176 - INFO - ðŸ’¾ Updated posted_threads.json
2026-08-03 18:30:48,176 - INFO - âœ… Run completed.


============================================================
  NEW RUN  2026-08-04T00:30:34.283538
============================================================
2026-08-04 00:30:34,283 - INFO - ðŸš€ Starting automation run
2026-08-04 00:30:34,284 - INFO - ðŸ“š Found 123 previously posted threads.
2026-08-04 00:30:34,285 - INFO - ðŸ“ Will send 20 recent threads to Groq for avoidance.
2026-08-04 00:30:34,285 - INFO - ðŸ”„ Attempt 1/10 to generate a unique thread.
2026-08-04 00:30:35,422 - INFO - Groq raw response:
[
  "I've been studying the most successful AI creators, trying to understand their 'creative DNA'.",
  "What if I told you that it's not just about talent or skill, but about 'emotional resonance'?",
  "I've found that they're able to tap into the 'collective emotional frequency' of their audience.",
  "This frequency is not just about feelings, but about the 'unspoken desires' that drive human connection.",
  "I've started to document my findings, and what I've found is fascinating... I think it's just the beginning of something much bigger."
]
2026-08-04 00:30:35,423 - INFO - âœ… Unique thread found (hash: 02336cb5...)
2026-08-04 00:30:35,423 - INFO - ðŸ“ Generated 5 posts:
2026-08-04 00:30:35,423 - INFO - --- Post 1 ---
I've been studying the most successful AI creators, trying to understand their 'creative DNA'.
2026-08-04 00:30:35,423 - INFO - --- Post 2 ---
What if I told you that it's not just about talent or skill, but about 'emotional resonance'?
2026-08-04 00:30:35,424 - INFO - --- Post 3 ---
I've found that they're able to tap into the 'collective emotional frequency' of their audience.
2026-08-04 00:30:35,424 - INFO - --- Post 4 ---
This frequency is not just about feelings, but about the 'unspoken desires' that drive human connection.
2026-08-04 00:30:35,424 - INFO - --- Post 5 ---
I've started to document my findings, and what I've found is fascinating... I think it's just the beginning of something much bigger.
2026-08-04 00:30:36,727 - INFO - ðŸŽ¨ Cover image prompt: In a dimly lit, minimalist studio, a lone figure sits amidst a maze of glowing, ethereal threads that crisscross the room, symbolizing the intricate web of human emotions. The main subject, a young woman with an intent gaze, is surrounded by a halo of soft, blue-purple light, evoking a sense of curiosity and discovery. The setting is a blend of modern, industrial elements, such as polished concrete floors and metallic accents, and organic, glowing fibers that seem to pulse with an otherworldly energy. The colour palette is predominantly cool, with shades of indigo, lavender, and silver, punctuated by bursts of warm, golden light that represent the sparks of creativity and connection. The lighting is diffused, with an emphasis on dramatic shadows that add depth and mystery to the scene, while the woman's face is illuminated by a soft, gentle glow that conveys a sense of hope and understanding. The camera angle is a low, wide shot, looking up at the woman from a slightly tilted perspective, as if the viewer is being invited to step into her world. The atmosphere is one of contemplative serenity, with a sense of anticipation and wonder that permeates the air. The texture of the threads and the woman's clothing is smooth and silky, while the metallic accents and concrete floors provide a rough, industrial counterpoint. The style hint is cinematic, with a touch of surrealism, as if the scene is a dreamscape where the boundaries between reality and imagination are blurred.
2026-08-04 00:30:38,836 - INFO - ðŸ–¼ï¸  Saved cover image to images/3f9622a0a514da96.jpg
2026-08-04 00:30:40,571 - INFO - ðŸ“¤ Pushed images/3f9622a0a514da96.jpg to GitHub.
2026-08-04 00:30:40,792 - INFO - ðŸŒ Public image URL: https://raw.githubusercontent.com/creatoracademyar-code/threads-bot/main/images/3f9622a0a514da96.jpg
2026-08-04 00:30:40,794 - INFO - Scheduling for: 2026-08-04T05:47:40.794897Z UTC
2026-08-04 00:30:41,495 - INFO - âœ… Thread scheduled successfully! Buffer Post ID: 6a7132b12e9d172962a673a2
2026-08-04 00:30:41,497 - INFO - ðŸ’¾ Updated posted_threads.json
2026-08-04 00:30:41,497 - INFO - âœ… Run completed.


============================================================
  NEW RUN  2026-08-04T06:30:33.126256
============================================================
2026-08-04 06:30:33,126 - INFO - ðŸš€ Starting automation run
2026-08-04 06:30:33,127 - INFO - ðŸ“š Found 124 previously posted threads.
2026-08-04 06:30:33,128 - INFO - ðŸ“ Will send 20 recent threads to Groq for avoidance.
2026-08-04 06:30:33,128 - INFO - ðŸ”„ Attempt 1/10 to generate a unique thread.
2026-08-04 06:30:34,461 - INFO - Groq raw response:
[
  "I've been studying the 'invisible scripts' that drive AI content creation.\nWhat if I told you that most creators are following a hidden narrative?",
  "It's not just about the story they're telling, but about the 'unconscious patterns' that shape their content.\nI've found that these patterns are not just random, but 'predictable'.",
  "The most successful creators are not just aware of these patterns, but 'weave' them into their narrative.\nIt's a delicate dance of 'emotional manipulation', but not in a bad way.",
  "I've started to document my findings, and what I've found is fascinating...\nIt's not just about the tech or the tools, but about the 'human psychology' that drives engagement."
]
2026-08-04 06:30:34,462 - INFO - âœ… Unique thread found (hash: d20f4f0e...)
2026-08-04 06:30:34,462 - INFO - ðŸ“ Generated 4 posts:
2026-08-04 06:30:34,462 - INFO - --- Post 1 ---
I've been studying the 'invisible scripts' that drive AI content creation.
What if I told you that most creators are following a hidden narrative?
2026-08-04 06:30:34,462 - INFO - --- Post 2 ---
It's not just about the story they're telling, but about the 'unconscious patterns' that shape their content.
I've found that these patterns are not just random, but 'predictable'.
2026-08-04 06:30:34,462 - INFO - --- Post 3 ---
The most successful creators are not just aware of these patterns, but 'weave' them into their narrative.
It's a delicate dance of 'emotional manipulation', but not in a bad way.
2026-08-04 06:30:34,462 - INFO - --- Post 4 ---
I've started to document my findings, and what I've found is fascinating...
It's not just about the tech or the tools, but about the 'human psychology' that drives engagement.
2026-08-04 06:30:36,101 - INFO - ðŸŽ¨ Cover image prompt: A lone figure, shrouded in a warm, golden light, sits in a dimly lit, rustic study surrounded by towering shelves of old, leather-bound books and scattered papers. The room is filled with a sense of nostalgia and curiosity, as if the air is thick with the weight of uncovered secrets. The colour palette is muted, with earthy tones of brown, beige, and dusty blue, evoking a sense of aged wisdom. Soft, diffused light spills from a single, ornate lamp on the desk, casting long, dramatic shadows across the room. The camera angle is low, looking up at the figure, who is intently focused on a large, vintage-style loom, weaving a intricate tapestry of threads in shades of crimson, silver, and gold. The atmosphere is one of serene contemplation, as if the figure is on the cusp of uncovering a long-hidden truth. The texture of the old books and wooden shelves adds a sense of rough, tactile depth to the scene, while the smooth, silky threads of the loom seem to glow with an otherworldly intensity. The style of the image is reminiscent of a cinematic oil painting, with bold brushstrokes and vivid, expressive colours. The overall mood is hopeful and introspective, inviting the viewer to step into the quiet, mysterious world of the study and unravel the secrets hidden within the tangled threads of the loom.
2026-08-04 06:30:37,795 - INFO - ðŸ–¼ï¸  Saved cover image to images/3706d21e547b9bb7.jpg
2026-08-04 06:30:39,289 - INFO - ðŸ“¤ Pushed images/3706d21e547b9bb7.jpg to GitHub.
2026-08-04 06:30:39,446 - INFO - ðŸŒ Public image URL: https://raw.githubusercontent.com/creatoracademyar-code/threads-bot/main/images/3706d21e547b9bb7.jpg
2026-08-04 06:30:39,448 - INFO - Scheduling for: 2026-08-04T11:47:39.448157Z UTC
2026-08-04 06:30:40,096 - INFO - âœ… Thread scheduled successfully! Buffer Post ID: 6a71870f6eec7f47aa7183b0
2026-08-04 06:30:40,098 - INFO - ðŸ’¾ Updated posted_threads.json
2026-08-04 06:30:40,098 - INFO - âœ… Run completed.


============================================================
  NEW RUN  2026-08-04T12:30:26.744262
============================================================
2026-08-04 12:30:26,744 - INFO - ðŸš€ Starting automation run
2026-08-04 12:30:26,745 - INFO - ðŸ“š Found 125 previously posted threads.
2026-08-04 12:30:26,746 - INFO - ðŸ“ Will send 20 recent threads to Groq for avoidance.
2026-08-04 12:30:26,746 - INFO - ðŸ”„ Attempt 1/10 to generate a unique thread.
2026-08-04 12:30:28,319 - INFO - Groq raw response:
[
  "I've been thinking about the concept of 'digital legacy' in AI content creation.",
  "What if I told you that some creators are building a legacy that will outlast them?",
  "It's not just about creating content, but about crafting a 'timeless narrative' that resonates with future generations.",
  "I've started to explore this idea, and what I've found is fascinating... I've written it all down, trying to make sense of it."
]
2026-08-04 12:30:28,320 - INFO - âœ… Unique thread found (hash: 7396f050...)
2026-08-04 12:30:28,320 - INFO - ðŸ“ Generated 4 posts:
2026-08-04 12:30:28,320 - INFO - --- Post 1 ---
I've been thinking about the concept of 'digital legacy' in AI content creation.
2026-08-04 12:30:28,320 - INFO - --- Post 2 ---
What if I told you that some creators are building a legacy that will outlast them?
2026-08-04 12:30:28,320 - INFO - --- Post 3 ---
It's not just about creating content, but about crafting a 'timeless narrative' that resonates with future generations.
2026-08-04 12:30:28,320 - INFO - --- Post 4 ---
I've started to explore this idea, and what I've found is fascinating... I've written it all down, trying to make sense of it.
2026-08-04 12:30:29,662 - INFO - ðŸŽ¨ Cover image prompt: A lone figure sits at a worn, wooden desk, surrounded by towering shelves filled with leather-bound books and vintage technological artifacts, in a dimly lit, rustic study. The room is filled with a warm, golden light that seeps through the dusty, stained glass windows, casting intricate patterns on the floor. The colour palette is muted, with earthy tones of brown, beige, and olive green, punctuated by the soft glow of a single, antique lamp. The light is soft and diffused, with deep shadows that add depth and mystery to the scene. The camera angle is a low, wide shot, looking up at the figure from the corner of the room, creating a sense of reverence and awe. The atmosphere is contemplative and introspective, with a sense of hope and curiosity. The texture of the wooden desk and the rough, stone walls adds a tactile quality to the scene, while the smooth, polished surface of the lamp and the figure's writing instrument provides a sense of elegance. The style of the image is reminiscent of a cinematic, oil painting, with bold brushstrokes and vivid, expressive colours. The figure's face is tilted downward, lost in thought, as they write in a large, leather-bound book, the pen moving slowly and deliberately across the page.
2026-08-04 12:30:31,206 - INFO - ðŸ–¼ï¸  Saved cover image to images/7307c36684a173d1.jpg
2026-08-04 12:30:33,054 - INFO - ðŸ“¤ Pushed images/7307c36684a173d1.jpg to GitHub.
2026-08-04 12:30:33,563 - INFO - ðŸŒ Public image URL: https://raw.githubusercontent.com/creatoracademyar-code/threads-bot/main/images/7307c36684a173d1.jpg
2026-08-04 12:30:33,565 - INFO - Scheduling for: 2026-08-04T17:47:33.565292Z UTC
2026-08-04 12:30:34,437 - INFO - âœ… Thread scheduled successfully! Buffer Post ID: 6a71db6ae4949315289d8dee
2026-08-04 12:30:34,440 - INFO - ðŸ’¾ Updated posted_threads.json
2026-08-04 12:30:34,440 - INFO - âœ… Run completed.


============================================================
  NEW RUN  2026-08-04T18:30:33.106761
============================================================
2026-08-04 18:30:33,106 - INFO - ðŸš€ Starting automation run
2026-08-04 18:30:33,107 - INFO - ðŸ“š Found 126 previously posted threads.
2026-08-04 18:30:33,108 - INFO - ðŸ“ Will send 20 recent threads to Groq for avoidance.
2026-08-04 18:30:33,108 - INFO - ðŸ”„ Attempt 1/10 to generate a unique thread.
2026-08-04 18:30:34,880 - INFO - Groq raw response:
[
  "I've been exploring the concept of 'AI fatigue' in content creation.\nWhat if I told you that some creators are losing their edge?",
  "They're not just burned out, but 'algorithmically exhausted'.\nTheir content is starting to feel like a repeat of what's already been said.",
  "I've been studying the most successful AI creators, and what I've found is surprising:\nThey're not trying to outsmart the algorithm, but to 'out-create' themselves.",
  "They're pushing the boundaries of what's possible with AI, and creating something truly unique.\nI've started to document my findings, and what I've found is fascinating..."
]
2026-08-04 18:30:34,881 - INFO - âœ… Unique thread found (hash: 3049da69...)
2026-08-04 18:30:34,881 - INFO - ðŸ“ Generated 4 posts:
2026-08-04 18:30:34,881 - INFO - --- Post 1 ---
I've been exploring the concept of 'AI fatigue' in content creation.
What if I told you that some creators are losing their edge?
2026-08-04 18:30:34,881 - INFO - --- Post 2 ---
They're not just burned out, but 'algorithmically exhausted'.
Their content is starting to feel like a repeat of what's already been said.
2026-08-04 18:30:34,881 - INFO - --- Post 3 ---
I've been studying the most successful AI creators, and what I've found is surprising:
They're not trying to outsmart the algorithm, but to 'out-create' themselves.
2026-08-04 18:30:34,881 - INFO - --- Post 4 ---
They're pushing the boundaries of what's possible with AI, and creating something truly unique.
I've started to document my findings, and what I've found is fascinating...
2026-08-04 18:30:36,323 - INFO - ðŸŽ¨ Cover image prompt: A lone figure sits at a sleek, metallic desk, surrounded by a dimly lit, minimalist room with walls lined with rows of humming servers and cables. The main subject, a young creator with a look of intense focus, stares at a large, curved screen displaying a mesmerizing swirl of code and AI-generated patterns in a predominantly cool, neon-blue colour palette with hints of purple and pink. The soft, diffused light of the screen illuminates their face, casting a warm glow on their features, while the rest of the room remains shrouded in a gentle, blue-grey mist. The camera angle is a low, Dutch-angle shot, looking up at the creator with a sense of awe and curiosity, as if peeking into a hidden world. The atmosphere is one of serene, contemplative intensity, with a hint of tension and anticipation. The texture of the metallic desk and the smooth, glassy screen adds a sense of modernity and sophistication, while the rough, industrial cables and servers in the background provide a gritty, realistic contrast. The style of the image is cinematic and hyper-realistic, with a hint of futuristic, high-tech sheen, inviting the viewer to step into the creator's world and explore the boundaries of AI-generated art. The overall mood is hopeful and innovative, as if the creator is on the cusp of a groundbreaking discovery.
2026-08-04 18:30:39,499 - INFO - ðŸ–¼ï¸  Saved cover image to images/819ef476acc0f78c.jpg
2026-08-04 18:30:41,175 - INFO - ðŸ“¤ Pushed images/819ef476acc0f78c.jpg to GitHub.
2026-08-04 18:30:41,310 - INFO - ðŸŒ Public image URL: https://raw.githubusercontent.com/creatoracademyar-code/threads-bot/main/images/819ef476acc0f78c.jpg
2026-08-04 18:30:41,312 - INFO - Scheduling for: 2026-08-04T23:47:41.312790Z UTC
2026-08-04 18:30:41,858 - INFO - âœ… Thread scheduled successfully! Buffer Post ID: 6a722fd13cbc4f5f0768689a
2026-08-04 18:30:41,861 - INFO - ðŸ’¾ Updated posted_threads.json
2026-08-04 18:30:41,861 - INFO - âœ… Run completed.


============================================================
  NEW RUN  2026-08-05T00:30:30.297748
============================================================
2026-08-05 00:30:30,297 - INFO - ðŸš€ Starting automation run
2026-08-05 00:30:30,298 - INFO - ðŸ“š Found 127 previously posted threads.
2026-08-05 00:30:30,299 - INFO - ðŸ“ Will send 20 recent threads to Groq for avoidance.
2026-08-05 00:30:30,299 - INFO - ðŸ”„ Attempt 1/10 to generate a unique thread.
2026-08-05 00:30:32,016 - INFO - Groq raw response:
[
  "I've been noticing a trend in AI content creation.\nIt's the 'rebirth' of old ideas, reimagined for a new era.",
  "What if I told you that some of the most successful AI creators are not innovating, but 'reinnovating'?",
  "They're taking forgotten concepts and breathing new life into them.\nIt's a powerful way to create something fresh, yet familiar.",
  "I've started to document my findings, and what I've found is fascinating...\nIt's not just about the content, but about the 'cultural revival' that's happening."
]
2026-08-05 00:30:32,017 - INFO - âœ… Unique thread found (hash: e94e15d2...)
2026-08-05 00:30:32,017 - INFO - ðŸ“ Generated 4 posts:
2026-08-05 00:30:32,017 - INFO - --- Post 1 ---
I've been noticing a trend in AI content creation.
It's the 'rebirth' of old ideas, reimagined for a new era.
2026-08-05 00:30:32,017 - INFO - --- Post 2 ---
What if I told you that some of the most successful AI creators are not innovating, but 'reinnovating'?
2026-08-05 00:30:32,017 - INFO - --- Post 3 ---
They're taking forgotten concepts and breathing new life into them.
It's a powerful way to create something fresh, yet familiar.
2026-08-05 00:30:32,017 - INFO - --- Post 4 ---
I've started to document my findings, and what I've found is fascinating...
It's not just about the content, but about the 'cultural revival' that's happening.
2026-08-05 00:30:33,359 - INFO - ðŸŽ¨ Cover image prompt: In a dimly lit, vintage-inspired studio filled with retro-futuristic equipment, a lone figure sits amidst a clutter of old cameras, vinyl records, and dusty books. The main subject, a young woman with a curious gaze, is surrounded by a tapestry of forgotten concepts and innovative ideas, represented by scattered papers, blueprints, and sketches. The setting is a blend of nostalgic and futuristic elements, with warm, golden hour lighting casting a sense of nostalgia over the scene. The colour palette is a mix of rich, earthy tones, such as worn leather and aged wood, alongside vibrant, electric blues and purples, hinting at the fusion of old and new. The lighting is soft and diffused, with deep shadows accentuating the textures of the various materials, from the rough, cracked leather of an old armchair to the smooth, polished surface of a vintage camera lens. The camera angle is a low, Dutch-angle shot, looking up at the woman as she pours over her findings, giving the scene a sense of dynamic tension and creative energy. The atmosphere is one of hopeful curiosity, as if the woman is on the cusp of uncovering a hidden truth. The style of the image is reminiscent of a cinematic, oil-painted still life, with bold brushstrokes and vivid, expressive colours. In the background, a large, circular window frames a cityscape at dusk, with sleek, modern skyscrapers and neon lights reflecting off the wet, glass surface of the window, symbolizing the intersection of past and present.
2026-08-05 00:30:35,406 - INFO - ðŸ–¼ï¸  Saved cover image to images/e06d7578baebd5c9.jpg
2026-08-05 00:30:37,329 - INFO - ðŸ“¤ Pushed images/e06d7578baebd5c9.jpg to GitHub.
2026-08-05 00:30:37,979 - INFO - ðŸŒ Public image URL: https://raw.githubusercontent.com/creatoracademyar-code/threads-bot/main/images/e06d7578baebd5c9.jpg
2026-08-05 00:30:37,981 - INFO - Scheduling for: 2026-08-05T05:47:37.981337Z UTC
2026-08-05 00:30:39,223 - INFO - âœ… Thread scheduled successfully! Buffer Post ID: 6a72842e26354a038b4f610d
2026-08-05 00:30:39,225 - INFO - ðŸ’¾ Updated posted_threads.json
2026-08-05 00:30:39,225 - INFO - âœ… Run completed.


============================================================
  NEW RUN  2026-08-05T06:30:33.041902
============================================================
2026-08-05 06:30:33,041 - INFO - ðŸš€ Starting automation run
2026-08-05 06:30:33,042 - INFO - ðŸ“š Found 128 previously posted threads.
2026-08-05 06:30:33,043 - INFO - ðŸ“ Will send 20 recent threads to Groq for avoidance.
2026-08-05 06:30:33,043 - INFO - ðŸ”„ Attempt 1/10 to generate a unique thread.
2026-08-05 06:30:34,359 - INFO - Groq raw response:
[
  "I've been studying the most successful AI creators, trying to understand their 'beginner's mindset'.\nWhat if I told you that it's not just about being new, but about 'staying curious'?",
  "They're not afraid to ask 'dumb' questions or challenge their own assumptions.\nIt's a powerful way to stay ahead of the curve and create something truly innovative.",
  "I've found that the most successful creators are not just experts, but 'expert learners'.\nThey're constantly seeking out new knowledge and experiences to fuel their creativity.",
  "But what does it take to maintain this mindset?\nI've started to experiment with this concept, and what I've found is fascinating..."
]
2026-08-05 06:30:34,360 - INFO - âœ… Unique thread found (hash: 14a9166e...)
2026-08-05 06:30:34,360 - INFO - ðŸ“ Generated 4 posts:
2026-08-05 06:30:34,360 - INFO - --- Post 1 ---
I've been studying the most successful AI creators, trying to understand their 'beginner's mindset'.
What if I told you that it's not just about being new, but about 'staying curious'?
2026-08-05 06:30:34,360 - INFO - --- Post 2 ---
They're not afraid to ask 'dumb' questions or challenge their own assumptions.
It's a powerful way to stay ahead of the curve and create something truly innovative.
2026-08-05 06:30:34,360 - INFO - --- Post 3 ---
I've found that the most successful creators are not just experts, but 'expert learners'.
They're constantly seeking out new knowledge and experiences to fuel their creativity.
2026-08-05 06:30:34,360 - INFO - --- Post 4 ---
But what does it take to maintain this mindset?
I've started to experiment with this concept, and what I've found is fascinating...
2026-08-05 06:30:35,679 - INFO - ðŸŽ¨ Cover image prompt: A young, introspective woman sits at a wooden desk, surrounded by stacks of dusty books and scattered notes, in a cozy, rustic library with large, arched windows that let in a warm, golden light. The colour palette is muted, with earthy tones of brown, beige, and green, evoking a sense of nostalgia and curiosity. Soft, diffused light pours in from the windows, casting gentle shadows on the woman's face as she leans forward, her eyes wide with wonder. Her hands are clasped together, with a pencil tucked behind her ear, as if she's about to start writing or drawing at any moment. The camera angle is a slight low-angle, looking up at the woman, conveying a sense of hope and aspiration. The atmosphere is serene, with a sense of quiet contemplation, as if the woman is on the verge of a major discovery. The texture of the wooden desk and the rough stone walls of the library add a sense of depth and history to the scene. The style is reminiscent of a warm, oil painting, with subtle brushstrokes and a focus on capturing the play of light on the woman's face and the surrounding environment. In the background, blurred and out of focus, are hints of futuristic, high-tech elements, such as sleek, metallic machinery or glowing, ethereal screens, symbolizing the intersection of traditional knowledge and modern innovation.
2026-08-05 06:30:37,573 - INFO - ðŸ–¼ï¸  Saved cover image to images/047fbda46a3a8f95.jpg
2026-08-05 06:30:39,192 - INFO - ðŸ“¤ Pushed images/047fbda46a3a8f95.jpg to GitHub.
2026-08-05 06:30:39,466 - INFO - ðŸŒ Public image URL: https://raw.githubusercontent.com/creatoracademyar-code/threads-bot/main/images/047fbda46a3a8f95.jpg
2026-08-05 06:30:39,468 - INFO - Scheduling for: 2026-08-05T11:47:39.468316Z UTC
2026-08-05 06:30:40,055 - INFO - âœ… Thread scheduled successfully! Buffer Post ID: 6a72d88fc549049f46558f4b
2026-08-05 06:30:40,057 - INFO - ðŸ’¾ Updated posted_threads.json
2026-08-05 06:30:40,057 - INFO - âœ… Run completed.


============================================================
  NEW RUN  2026-08-05T12:30:29.345761
============================================================
2026-08-05 12:30:29,345 - INFO - ðŸš€ Starting automation run
2026-08-05 12:30:29,346 - INFO - ðŸ“š Found 129 previously posted threads.
2026-08-05 12:30:29,347 - INFO - ðŸ“ Will send 20 recent threads to Groq for avoidance.
2026-08-05 12:30:29,347 - INFO - ðŸ”„ Attempt 1/10 to generate a unique thread.
2026-08-05 12:30:30,594 - INFO - Groq raw response:
[
  "I've been studying the most successful AI creators, trying to understand their 'creative cadence'.\nWhat if I told you that it's not just about producing content, but about the 'rhythm' of their creation?",
  "They're not just creating in isolation, but in 'harmony' with their audience.\nI've found that they're using a secret technique to 'attune' themselves to their audience's needs.",
  "It's not just about understanding your audience, but about 'resonating' with them on a deeper level.\nI've started to experiment with this concept, and what I've found is fascinating...",
  "The most successful creators are not just creating content, but 'conducting' a symphony of emotions and ideas.\nI'm still exploring this concept, and what I've found is surprising..."
]
2026-08-05 12:30:30,595 - INFO - âœ… Unique thread found (hash: 97b17ee8...)
2026-08-05 12:30:30,596 - INFO - ðŸ“ Generated 4 posts:
2026-08-05 12:30:30,596 - INFO - --- Post 1 ---
I've been studying the most successful AI creators, trying to understand their 'creative cadence'.
What if I told you that it's not just about producing content, but about the 'rhythm' of their creation?
2026-08-05 12:30:30,596 - INFO - --- Post 2 ---
They're not just creating in isolation, but in 'harmony' with their audience.
I've found that they're using a secret technique to 'attune' themselves to their audience's needs.
2026-08-05 12:30:30,596 - INFO - --- Post 3 ---
It's not just about understanding your audience, but about 'resonating' with them on a deeper level.
I've started to experiment with this concept, and what I've found is fascinating...
2026-08-05 12:30:30,596 - INFO - --- Post 4 ---
The most successful creators are not just creating content, but 'conducting' a symphony of emotions and ideas.
I'm still exploring this concept, and what I've found is surprising...
2026-08-05 12:30:32,021 - INFO - ðŸŽ¨ Cover image prompt: A lone figure, a creator, stands at the edge of a grand, dimly lit concert hall, surrounded by a sprawling cityscape visible through the glass walls behind them. The colour palette is a blend of warm, golden hues and cool, muted blues, evoking a sense of harmony and balance. Soft, diffused light spills in from the city outside, casting a gentle glow on the creator's face, while the concert hall's interior is bathed in a warm, golden light, as if the very atmosphere is alive with creative energy. The camera angle is a low, wide shot, looking up at the creator, who stands poised, as if about to conduct an invisible orchestra. The atmosphere is one of serene anticipation, as if the creator is on the cusp of uncovering a profound secret. The texture of the scene is rich and layered, with the rough, concrete walls of the concert hall contrasting with the smooth, polished wood of the creator's instrument, a violin, which lies at their feet. The style of the image is cinematic, with bold, expressive brushstrokes and a sense of depth and dimensionality, as if the scene is about to come alive. In the background, a subtle, gradient-like blur suggests the presence of a vast, unseen audience, waiting to be attuned to the creator's rhythm.
2026-08-05 12:30:33,635 - INFO - ðŸ–¼ï¸  Saved cover image to images/4c8b4caeb1e49b3b.jpg
2026-08-05 12:30:35,221 - INFO - ðŸ“¤ Pushed images/4c8b4caeb1e49b3b.jpg to GitHub.
2026-08-05 12:30:35,362 - INFO - ðŸŒ Public image URL: https://raw.githubusercontent.com/creatoracademyar-code/threads-bot/main/images/4c8b4caeb1e49b3b.jpg
2026-08-05 12:30:35,364 - INFO - Scheduling for: 2026-08-05T17:47:35.364609Z UTC
2026-08-05 12:30:36,153 - INFO - âœ… Thread scheduled successfully! Buffer Post ID: 6a732ceb394ab8247d6891d1
2026-08-05 12:30:36,156 - INFO - ðŸ’¾ Updated posted_threads.json
2026-08-05 12:30:36,156 - INFO - âœ… Run completed.


============================================================
  NEW RUN  2026-08-05T18:31:53.379507
============================================================
2026-08-05 18:31:53,379 - INFO - ðŸš€ Starting automation run
2026-08-05 18:31:53,380 - INFO - ðŸ“š Found 130 previously posted threads.
2026-08-05 18:31:53,381 - INFO - ðŸ“ Will send 20 recent threads to Groq for avoidance.
2026-08-05 18:31:53,381 - INFO - ðŸ”„ Attempt 1/10 to generate a unique thread.
2026-08-05 18:31:54,845 - INFO - Groq raw response:
[
  "I've been observing a phenomenon in AI content creation.\nIt's the 'paradox of originality'.",
  "What if I told you that the most successful creators\nare not trying to be original, but 'authentically derivative'?",
  "They're not afraid to borrow from others,\nbut to 'recontextualize' their ideas in a unique way.",
  "I've started to experiment with this concept,\nand what I've found is fascinating... The line between originality and imitation is thinner than I thought."
]
2026-08-05 18:31:54,847 - INFO - âœ… Unique thread found (hash: 623ffbb6...)
2026-08-05 18:31:54,847 - INFO - ðŸ“ Generated 4 posts:
2026-08-05 18:31:54,847 - INFO - --- Post 1 ---
I've been observing a phenomenon in AI content creation.
It's the 'paradox of originality'.
2026-08-05 18:31:54,847 - INFO - --- Post 2 ---
What if I told you that the most successful creators
are not trying to be original, but 'authentically derivative'?
2026-08-05 18:31:54,847 - INFO - --- Post 3 ---
They're not afraid to borrow from others,
but to 'recontextualize' their ideas in a unique way.
2026-08-05 18:31:54,847 - INFO - --- Post 4 ---
I've started to experiment with this concept,
and what I've found is fascinating... The line between originality and imitation is thinner than I thought.
2026-08-05 18:31:56,228 - INFO - ðŸŽ¨ Cover image prompt: In a dimly lit, vintage-inspired library with walls lined with old, leather-bound books and flickering candles, a young creator sits at a wooden desk, surrounded by scattered papers, quills, and half-empty inkwells. The main subject, the creator, is a woman with a thoughtful expression, leaning forward with her elbows on the desk, as if lost in contemplation. The room is bathed in a warm, golden light, reminiscent of a setting sun, with soft, diffused shadows dancing across the walls. The colour palette is predominantly composed of warm, earthy tones, such as beige, brown, and golden yellow, with hints of rich, dark greens from the old books. The camera angle is a low, Dutch-angle shot, looking up at the creator, as if to convey a sense of introspection and curiosity. The atmosphere is serene, with a sense of quiet contemplation, as if the creator is on the cusp of a profound discovery. The texture of the old books, the rough wood of the desk, and the soft, worn leather of the chair add a tactile quality to the scene. The style hint is that of a cinematic, oil painting-inspired rendering, with bold brushstrokes and vivid, expressive colours. In the background, blurred and out of focus, rows of bookshelves stretch upwards, disappearing into the darkness, symbolizing the vast, uncharted territories of knowledge and inspiration.
2026-08-05 18:31:57,881 - INFO - ðŸ–¼ï¸  Saved cover image to images/3ef1b95b3c2e1d22.jpg
2026-08-05 18:32:02,079 - INFO - ðŸ“¤ Pushed images/3ef1b95b3c2e1d22.jpg to GitHub.
2026-08-05 18:32:02,211 - INFO - ðŸŒ Public image URL: https://raw.githubusercontent.com/creatoracademyar-code/threads-bot/main/images/3ef1b95b3c2e1d22.jpg
2026-08-05 18:32:02,213 - INFO - Scheduling for: 2026-08-05T23:49:02.213682Z UTC
2026-08-05 18:32:02,758 - INFO - âœ… Thread scheduled successfully! Buffer Post ID: 6a7381a2ba6e6192ca38a2a0
2026-08-05 18:32:02,761 - INFO - ðŸ’¾ Updated posted_threads.json
2026-08-05 18:32:02,761 - INFO - âœ… Run completed.


============================================================
  NEW RUN  2026-08-06T00:30:29.127885
============================================================
2026-08-06 00:30:29,127 - INFO - ðŸš€ Starting automation run
2026-08-06 00:30:29,128 - INFO - ðŸ“š Found 131 previously posted threads.
2026-08-06 00:30:29,129 - INFO - ðŸ“ Will send 20 recent threads to Groq for avoidance.
2026-08-06 00:30:29,129 - INFO - ðŸ”„ Attempt 1/10 to generate a unique thread.
2026-08-06 00:30:30,103 - INFO - Groq raw response:
[
  "I've been thinking about the concept of 'digital assets' in AI content creation.",
  "What if I told you that some creators are building a treasure trove of digital assets that will outlast them?",
  "It's not just about creating content, but about crafting a 'digital estate' that resonates with future generations.",
  "I've started to explore this idea, and what I've found is fascinating... I've written it all down, trying to make sense of it."
]
2026-08-06 00:30:30,104 - INFO - âœ… Unique thread found (hash: ddde2cf9...)
2026-08-06 00:30:30,105 - INFO - ðŸ“ Generated 4 posts:
2026-08-06 00:30:30,105 - INFO - --- Post 1 ---
I've been thinking about the concept of 'digital assets' in AI content creation.
2026-08-06 00:30:30,105 - INFO - --- Post 2 ---
What if I told you that some creators are building a treasure trove of digital assets that will outlast them?
2026-08-06 00:30:30,105 - INFO - --- Post 3 ---
It's not just about creating content, but about crafting a 'digital estate' that resonates with future generations.
2026-08-06 00:30:30,105 - INFO - --- Post 4 ---
I've started to explore this idea, and what I've found is fascinating... I've written it all down, trying to make sense of it.
2026-08-06 00:30:31,317 - INFO - ðŸŽ¨ Cover image prompt: In a dimly lit, rustic study, a lone figure sits at a worn, wooden desk, surrounded by stacks of dusty, leather-bound books and scattered, yellowed papers. The main subject, a young creator, is intensely focused on writing in a vintage, brown leather journal, their hand moving swiftly as they try to capture their thoughts. The setting is a blend of old and new, with a sleek, silver laptop sitting open on the edge of the desk, its screen casting a soft, blue glow on the creator's face. The colour palette is muted, with warm, earthy tones of beige, brown, and golden hour hues, evoking a sense of nostalgia and timelessness. Soft, diffused light pours in through a nearby window, casting gentle shadows on the walls and illuminating the creator's determined expression. The camera angle is a close-up, shot from a slightly low angle, looking up at the creator, conveying a sense of intimacy and importance. The atmosphere is one of contemplative hope, as if the creator is on the cusp of uncovering a profound truth. The texture of the wooden desk, the roughness of the stone walls, and the smoothness of the leather journal all add depth and tactility to the scene. The style hint is cinematic, with a slight oil painting quality to the lighting and colours, inviting the viewer to step into the creator's world.
2026-08-06 00:30:33,823 - INFO - ðŸ–¼ï¸  Saved cover image to images/b741c7916c15817f.jpg
2026-08-06 00:30:35,638 - INFO - ðŸ“¤ Pushed images/b741c7916c15817f.jpg to GitHub.
2026-08-06 00:30:35,845 - INFO - ðŸŒ Public image URL: https://raw.githubusercontent.com/creatoracademyar-code/threads-bot/main/images/b741c7916c15817f.jpg
2026-08-06 00:30:35,847 - INFO - Scheduling for: 2026-08-06T05:47:35.847457Z UTC
2026-08-06 00:30:36,610 - INFO - âœ… Thread scheduled successfully! Buffer Post ID: 6a73d5ac2770c3bfc758c7a1
2026-08-06 00:30:36,613 - INFO - ðŸ’¾ Updated posted_threads.json
2026-08-06 00:30:36,613 - INFO - âœ… Run completed.


============================================================
  NEW RUN  2026-08-06T06:30:40.022623
============================================================
2026-08-06 06:30:40,022 - INFO - ðŸš€ Starting automation run
2026-08-06 06:30:40,023 - INFO - ðŸ“š Found 132 previously posted threads.
2026-08-06 06:30:40,024 - INFO - ðŸ“ Will send 20 recent threads to Groq for avoidance.
2026-08-06 06:30:40,024 - INFO - ðŸ”„ Attempt 1/10 to generate a unique thread.
2026-08-06 06:30:41,265 - INFO - Groq raw response:
[
  "I've been tracking a surprising trend in AI content creation.\nIt's the rise of 'anti-influencers'.",
  "They're not trying to build a massive following or create viral content.\nInstead, they're focusing on something much deeper.",
  "I've found that these anti-influencers are using a secret technique to 'resonate' with their audience.\nIt's not about being loud or flashy, but about being 'quietly authentic'.",
  "They're creating content that's not just memorable, but 'hauntingly relatable'.\nI've started to document my findings, and what I've found is fascinating..."
]
2026-08-06 06:30:41,267 - INFO - âœ… Unique thread found (hash: a5f046a1...)
2026-08-06 06:30:41,267 - INFO - ðŸ“ Generated 4 posts:
2026-08-06 06:30:41,267 - INFO - --- Post 1 ---
I've been tracking a surprising trend in AI content creation.
It's the rise of 'anti-influencers'.
2026-08-06 06:30:41,267 - INFO - --- Post 2 ---
They're not trying to build a massive following or create viral content.
Instead, they're focusing on something much deeper.
2026-08-06 06:30:41,267 - INFO - --- Post 3 ---
I've found that these anti-influencers are using a secret technique to 'resonate' with their audience.
It's not about being loud or flashy, but about being 'quietly authentic'.
2026-08-06 06:30:41,267 - INFO - --- Post 4 ---
They're creating content that's not just memorable, but 'hauntingly relatable'.
I've started to document my findings, and what I've found is fascinating...
2026-08-06 06:30:42,436 - INFO - ðŸŽ¨ Cover image prompt: In a dimly lit, minimalist studio with concrete floors and walls lined with old, wooden bookshelves, a lone figure sits at a simple, wooden desk. The main subject, a young woman with an introspective expression, is positioned in the center of the frame, surrounded by scattered notes, empty coffee cups, and a few, carefully chosen personal items. The colour palette is muted, with shades of soft grey, beige, and pale blue dominating the scene, evoking a sense of calm contemplation. The lighting is soft and diffused, with a single, warm desk lamp casting a gentle glow on the woman's face, creating deep, introspective shadows. The camera angle is a close-up, shot from a slightly low perspective, looking up at the woman, conveying a sense of quiet intimacy and vulnerability. The atmosphere is serene, with a hint of melancholy, inviting the viewer to reflect on the beauty of authenticity. The texture of the wooden desk and the rough concrete floor adds a sense of tactility to the scene, while the woman's worn, leather journal and the faded, fabric of her clothing hint at a life of quiet dedication. The style of the image is cinematic, with a slight grain and a shallow depth of field, blurring the background and emphasizing the subject's introspective mood.
2026-08-06 06:30:44,477 - INFO - ðŸ–¼ï¸  Saved cover image to images/cf81fc04651e7bdd.jpg
2026-08-06 06:30:46,165 - INFO - ðŸ“¤ Pushed images/cf81fc04651e7bdd.jpg to GitHub.
2026-08-06 06:30:46,373 - INFO - ðŸŒ Public image URL: https://raw.githubusercontent.com/creatoracademyar-code/threads-bot/main/images/cf81fc04651e7bdd.jpg
2026-08-06 06:30:46,375 - INFO - Scheduling for: 2026-08-06T11:47:46.375710Z UTC
2026-08-06 06:30:46,985 - INFO - âœ… Thread scheduled successfully! Buffer Post ID: 6a742a166128a0491d2d83fa
2026-08-06 06:30:46,988 - INFO - ðŸ’¾ Updated posted_threads.json
2026-08-06 06:30:46,988 - INFO - âœ… Run completed.


============================================================
  NEW RUN  2026-08-06T12:30:33.195051
============================================================
2026-08-06 12:30:33,195 - INFO - ðŸš€ Starting automation run
2026-08-06 12:30:33,195 - INFO - ðŸ“š Found 133 previously posted threads.
2026-08-06 12:30:33,196 - INFO - ðŸ“ Will send 20 recent threads to Groq for avoidance.
2026-08-06 12:30:33,196 - INFO - ðŸ”„ Attempt 1/10 to generate a unique thread.
2026-08-06 12:30:34,756 - INFO - Groq raw response:
[
  "I've been exploring the concept of 'hidden leverage' in AI content creation.\nWhat if I told you that some creators are using a secret technique to amplify their impact?",
  "It's not about the size of their audience or the quality of their content.\nIt's about understanding the 'social proof' that drives engagement.",
  "I've found that the most successful creators are using a subtle strategy to build credibility.\nThey're not just creating content, but 'curating' a narrative that resonates with their audience.",
  "This narrative is not just about storytelling, but about 'emotional validation'.\nIt's the key to creating a lasting connection with their audience.",
  "I've started to experiment with this concept, and what I've found is fascinating...\nI've written it all down, trying to make sense of the hidden forces that drive AI content creation."
]
2026-08-06 12:30:34,757 - INFO - âœ… Unique thread found (hash: ab53d16e...)
2026-08-06 12:30:34,757 - INFO - ðŸ“ Generated 5 posts:
2026-08-06 12:30:34,757 - INFO - --- Post 1 ---
I've been exploring the concept of 'hidden leverage' in AI content creation.
What if I told you that some creators are using a secret technique to amplify their impact?
2026-08-06 12:30:34,757 - INFO - --- Post 2 ---
It's not about the size of their audience or the quality of their content.
It's about understanding the 'social proof' that drives engagement.
2026-08-06 12:30:34,758 - INFO - --- Post 3 ---
I've found that the most successful creators are using a subtle strategy to build credibility.
They're not just creating content, but 'curating' a narrative that resonates with their audience.
2026-08-06 12:30:34,758 - INFO - --- Post 4 ---
This narrative is not just about storytelling, but about 'emotional validation'.
It's the key to creating a lasting connection with their audience.
2026-08-06 12:30:34,758 - INFO - --- Post 5 ---
I've started to experiment with this concept, and what I've found is fascinating...
I've written it all down, trying to make sense of the hidden forces that drive AI content creation.
2026-08-06 12:30:36,023 - INFO - ðŸŽ¨ Cover image prompt: In a dimly lit, minimalist studio with concrete walls and a polished metal floor, a lone figure sits at a sleek, wooden desk, surrounded by scattered papers and empty coffee cups. The main subject, a young creator with a contemplative expression, is illuminated by a soft, diffused light that pours in through a large, wet glass window behind them, casting a subtle glow on their face and the papers in front of them. The colour palette is predominantly monochrome, with hints of warm, golden light that seep in through the window, symbolizing the spark of creativity and insight. The camera angle is a low, over-the-shoulder shot, looking up at the creator, conveying a sense of intimacy and curiosity. The atmosphere is serene, with a hint of tension, as if the creator is on the verge of uncovering a hidden truth. The texture of the rough concrete walls and the smooth, polished metal floor adds depth to the scene, while the wet glass window creates a sense of misty, unclear boundaries, hinting at the elusive nature of the 'hidden leverage' concept. The style of the image is cinematic, with a slight oil painting quality to the lighting and textures, inviting the viewer to step into the creator's world of discovery and exploration. The overall mood is one of hopeful fascination, as if the creator is about to unlock a powerful secret that will change the way they approach their craft.
2026-08-06 12:30:38,206 - INFO - ðŸ–¼ï¸  Saved cover image to images/13f762fb4c858170.jpg
2026-08-06 12:30:39,990 - INFO - ðŸ“¤ Pushed images/13f762fb4c858170.jpg to GitHub.
2026-08-06 12:30:40,298 - INFO - ðŸŒ Public image URL: https://raw.githubusercontent.com/creatoracademyar-code/threads-bot/main/images/13f762fb4c858170.jpg
2026-08-06 12:30:40,300 - INFO - Scheduling for: 2026-08-06T17:47:40.300037Z UTC
2026-08-06 12:30:40,846 - INFO - âœ… Thread scheduled successfully! Buffer Post ID: 6a747e70902bae670af116c1
2026-08-06 12:30:40,848 - INFO - ðŸ’¾ Updated posted_threads.json
2026-08-06 12:30:40,848 - INFO - âœ… Run completed.


============================================================
  NEW RUN  2026-08-07T00:30:33.413810
============================================================
2026-08-07 00:30:33,413 - INFO - ðŸš€ Starting automation run
2026-08-07 00:30:33,414 - INFO - ðŸ“š Found 134 previously posted threads.
2026-08-07 00:30:33,415 - INFO - ðŸ“ Will send 20 recent threads to Groq for avoidance.
2026-08-07 00:30:33,415 - INFO - ðŸ”„ Attempt 1/10 to generate a unique thread.
2026-08-07 00:30:34,987 - INFO - Groq raw response:
[
  "I've been noticing a strange phenomenon in AI content creation.\nIt's the 'ghosts' of abandoned projects.",
  "What if I told you that these ghosts are not just failed attempts,\nbut 'hidden opportunities' in disguise?",
  "I've started to explore this concept, and what I've found is fascinating...\nIt's not just about reviving old ideas, but about 'reanimating' them with new life.",
  "The most successful creators are not just focused on their current projects,\nbut on 'exhuming' the potential of their past endeavors.",
  "I've written it all down, trying to make sense of it.\nAnd I think I've just scratched the surface of something much bigger."
]
2026-08-07 00:30:34,988 - INFO - âœ… Unique thread found (hash: dad7952c...)
2026-08-07 00:30:34,989 - INFO - ðŸ“ Generated 5 posts:
2026-08-07 00:30:34,989 - INFO - --- Post 1 ---
I've been noticing a strange phenomenon in AI content creation.
It's the 'ghosts' of abandoned projects.
2026-08-07 00:30:34,989 - INFO - --- Post 2 ---
What if I told you that these ghosts are not just failed attempts,
but 'hidden opportunities' in disguise?
2026-08-07 00:30:34,989 - INFO - --- Post 3 ---
I've started to explore this concept, and what I've found is fascinating...
It's not just about reviving old ideas, but about 'reanimating' them with new life.
2026-08-07 00:30:34,989 - INFO - --- Post 4 ---
The most successful creators are not just focused on their current projects,
but on 'exhuming' the potential of their past endeavors.
2026-08-07 00:30:34,989 - INFO - --- Post 5 ---
I've written it all down, trying to make sense of it.
And I think I've just scratched the surface of something much bigger.
2026-08-07 00:30:36,807 - INFO - ðŸŽ¨ Cover image prompt: In a dimly lit, abandoned laboratory, a lone figure stands amidst a clutter of old machinery, dusty workbenches, and forgotten experiments. The main subject, a young inventor, is surrounded by faint, ethereal glows emanating from antique computer screens, flickering light bulbs, and soft, pulsing orbs that seem to embody the 'ghosts' of abandoned projects. The setting is a blend of industrial decay and mystical renewal, with a colour palette that shifts from cool, muted blues and greys to warm, golden hues, evoking a sense of nostalgia and possibility. The lighting is soft and diffused, with dramatic shadows cast by the faint glows, and an air of anticipation that suggests the dawn of a new discovery. The camera angle is a low, wide shot, looking up at the inventor, who stands at the centre of the scene, surrounded by the remnants of past endeavors, with a sense of hope and curiosity etched on their face. The atmosphere is one of serene contemplation, as if the inventor is on the cusp of uncovering a hidden truth, with a texture that blends rough, rusty metal and smooth, worn wood, and a style that hints at a cinematic, dreamlike quality, reminiscent of a futuristic, sci-fi oil painting. The overall mood is tense with anticipation, yet hopeful, as the inventor reaches out to touch one of the glowing orbs, symbolizing the 'reanimation' of old ideas and the 'exhuming' of hidden potential. The scene is bathed in an otherworldly glow, as if the very act of creation is about to be reborn from the ashes of abandoned dreams.
2026-08-07 00:30:39,287 - INFO - ðŸ–¼ï¸  Saved cover image to images/fc50d5f1ce6bd981.jpg
2026-08-07 00:30:41,157 - INFO - ðŸ“¤ Pushed images/fc50d5f1ce6bd981.jpg to GitHub.
2026-08-07 00:30:41,391 - INFO - ðŸŒ Public image URL: https://raw.githubusercontent.com/creatoracademyar-code/threads-bot/main/images/fc50d5f1ce6bd981.jpg
2026-08-07 00:30:41,393 - INFO - Scheduling for: 2026-08-07T05:47:41.393474Z UTC
2026-08-07 00:30:42,009 - INFO - âœ… Thread scheduled successfully! Buffer Post ID: 6a7527318b39b04b79efbf79
2026-08-07 00:30:42,011 - INFO - ðŸ’¾ Updated posted_threads.json
2026-08-07 00:30:42,011 - INFO - âœ… Run completed.
